defect_type,defect_size_mm,machine_id,machine_age_years,days_since_maintenance,shift,operator_experience_years,production_speed_mpm,thread_tension_n,humidity_pct,temperature_c,fabric_batch_quality_score,root_cause
thread_error,1.5,M07,12.0,4,night,3.6,27.7,11.69,30.9,22.5,80.9,material_issue
cut,33.7,M05,9.5,18,morning,0.1,15.5,13.51,52.0,23.5,52.9,human_error
color_defect,2.6,M07,0.7,57,afternoon,1.9,41.2,9.25,68.6,25.1,69.2,human_error
thread_error,15.9,M06,1.0,36,afternoon,2.0,36.4,12.81,64.0,18.5,83.5,human_error
thread_error,2.0,M12,8.4,3,night,0.3,39.7,14.22,65.7,26.3,71.9,human_error
cut,12.8,M07,5.0,7,afternoon,4.1,34.4,14.51,59.3,22.1,80.4,material_issue
thread_error,1.6,M12,2.1,0,afternoon,1.5,42.2,12.05,48.6,19.5,63.2,human_error
objects,9.3,M09,2.0,12,morning,2.2,32.2,13.88,51.1,21.4,71.1,machine_fault
hole,10.5,M05,10.5,6,morning,0.7,37.4,8.35,47.0,23.6,62.3,human_error
stain,12.5,M02,7.8,1,morning,9.6,30.4,10.95,59.1,24.0,86.5,material_issue
hole,14.3,M06,6.3,33,night,0.7,50.5,12.2,50.0,26.6,85.8,human_error
objects,1.8,M07,14.1,2,morning,0.5,41.5,8.92,57.7,27.9,50.9,human_error
oil_spot,5.8,M03,12.9,10,night,7.6,41.8,16.47,61.8,23.5,72.9,material_issue
stain,6.6,M08,12.8,21,afternoon,0.4,24.0,10.07,65.5,23.3,93.1,human_error
oil_spot,7.4,M03,8.8,29,morning,20.8,20.7,11.39,58.9,25.5,73.1,material_issue
hole,3.8,M05,3.3,6,afternoon,1.9,43.8,11.16,62.6,20.8,55.4,human_error
oil_spot,13.7,M07,4.8,33,night,8.1,35.2,14.18,72.2,24.0,95.0,material_issue
color_defect,3.5,M07,10.2,7,morning,16.0,36.2,12.35,59.3,18.4,89.5,material_issue
hole,1.7,M04,6.5,24,morning,0.6,34.1,10.78,74.1,22.7,64.0,material_issue
color_defect,1.4,M01,6.9,5,morning,0.8,36.5,13.44,80.6,24.7,99.8,material_issue
thread_error,5.1,M12,1.2,0,night,4.9,27.6,11.85,16.1,20.9,71.2,material_issue
stain,9.2,M10,9.6,13,night,4.3,33.4,12.15,62.8,24.4,46.5,material_issue
stain,2.0,M01,14.4,47,morning,0.3,37.2,10.44,52.5,22.5,66.2,machine_fault
color_defect,12.2,M09,12.2,6,morning,5.6,20.7,8.95,47.0,27.5,98.3,material_issue
oil_spot,3.8,M03,6.1,0,night,0.4,37.6,11.67,56.2,25.8,62.7,human_error
thread_error,3.0,M09,2.1,53,night,22.0,49.5,13.01,56.1,24.2,71.1,machine_fault
objects,4.8,M05,3.9,17,night,8.5,37.3,11.53,34.1,27.2,72.5,machine_fault
stain,6.2,M03,4.2,10,afternoon,5.4,40.2,13.34,65.1,27.4,66.9,material_issue
stain,20.7,M12,14.7,16,morning,0.2,41.7,9.33,46.6,21.1,96.6,human_error
objects,8.4,M12,9.9,9,morning,1.2,24.4,10.07,49.1,23.9,65.3,human_error
hole,34.8,M02,6.5,17,night,0.3,36.1,14.59,51.3,20.5,73.4,human_error
hole,12.3,M11,8.8,1,morning,0.6,37.7,16.78,58.8,24.6,98.9,machine_fault
cut,28.5,M03,4.5,4,night,5.7,35.0,10.93,70.3,23.7,89.1,human_error
color_defect,7.3,M05,9.8,32,night,3.8,35.4,12.6,64.9,30.2,78.8,human_error
objects,7.2,M03,10.6,31,afternoon,7.4,36.0,10.8,41.2,22.2,47.7,machine_fault
stain,4.4,M08,3.1,23,afternoon,8.3,38.7,12.04,38.6,25.5,67.5,material_issue
cut,1.0,M10,13.5,2,morning,1.6,34.7,9.75,56.5,29.9,69.3,human_error
cut,1.9,M06,3.9,28,afternoon,5.1,38.2,10.04,60.7,26.0,57.5,human_error
thread_error,7.5,M07,1.8,15,morning,1.7,17.6,11.02,51.4,30.5,98.4,human_error
color_defect,1.0,M06,13.5,18,morning,2.8,39.0,11.51,52.5,17.2,87.0,human_error
stain,1.7,M09,10.9,15,afternoon,7.3,27.7,13.6,57.6,29.1,89.8,material_issue
stain,16.2,M01,5.9,12,afternoon,3.2,40.0,9.47,83.7,22.2,71.8,material_issue
thread_error,9.0,M09,3.5,9,night,5.1,39.3,13.74,61.2,25.4,66.4,human_error
color_defect,1.6,M08,7.1,25,night,3.9,16.4,15.78,32.7,27.0,85.3,human_error
thread_error,2.8,M07,11.1,23,morning,8.4,48.6,11.92,64.9,27.0,67.5,machine_fault
color_defect,11.1,M06,8.3,9,afternoon,3.7,60.4,12.46,24.1,22.8,95.0,human_error
oil_spot,4.8,M06,3.8,11,morning,3.8,32.8,10.9,62.7,28.7,93.1,material_issue
objects,5.3,M09,5.3,7,morning,3.7,46.2,10.27,62.4,22.1,61.3,machine_fault
color_defect,30.7,M11,1.0,48,morning,3.4,43.3,10.25,44.1,21.8,76.2,material_issue
oil_spot,7.7,M08,7.8,18,morning,5.5,36.6,11.64,48.1,22.4,74.5,material_issue
color_defect,3.3,M06,11.6,2,morning,0.3,28.4,14.3,55.8,26.9,93.3,human_error
cut,2.8,M05,3.1,21,morning,0.4,41.5,9.65,57.8,24.8,99.7,human_error
color_defect,8.1,M01,3.5,0,morning,3.5,42.4,11.54,48.7,27.1,64.4,material_issue
oil_spot,3.4,M09,6.8,6,night,5.8,42.8,11.92,51.0,28.0,100.0,material_issue
oil_spot,1.1,M02,4.4,0,night,0.5,22.0,13.38,79.1,26.2,68.0,human_error
oil_spot,3.3,M05,3.0,49,afternoon,1.9,30.0,12.07,61.2,21.8,77.8,human_error
hole,16.0,M07,9.4,59,morning,12.3,34.6,9.2,58.6,18.8,79.3,machine_fault
hole,12.4,M01,6.5,24,afternoon,2.5,42.9,10.51,57.6,29.8,85.4,human_error
cut,21.7,M12,3.7,87,night,0.2,38.4,12.52,58.3,20.2,58.8,human_error
stain,13.5,M11,12.5,0,afternoon,1.0,26.7,15.19,51.9,24.4,81.2,material_issue
cut,8.9,M02,0.9,40,morning,8.3,40.7,12.12,69.7,21.9,67.4,human_error
cut,3.0,M01,4.0,2,morning,1.4,27.0,10.08,54.6,24.7,98.3,human_error
color_defect,26.2,M11,13.6,90,afternoon,0.3,44.1,11.17,62.4,22.5,68.8,human_error
thread_error,3.6,M01,8.0,18,afternoon,1.2,20.4,19.92,81.8,22.0,41.3,human_error
objects,20.0,M09,5.3,53,afternoon,1.3,33.1,12.26,61.6,24.1,75.6,machine_fault
objects,12.2,M01,13.2,31,afternoon,7.6,38.2,13.79,61.0,26.6,90.1,machine_fault
thread_error,13.1,M07,2.8,34,night,2.8,36.5,12.12,38.7,26.2,84.7,machine_fault
objects,8.0,M02,5.5,20,night,0.4,36.4,13.02,52.8,22.8,69.6,human_error
oil_spot,2.4,M12,11.4,2,night,0.1,47.5,11.84,48.3,29.6,53.3,human_error
cut,34.1,M04,10.0,6,night,0.7,40.2,11.75,77.2,20.8,52.1,human_error
oil_spot,15.9,M03,1.0,21,morning,8.0,39.0,11.93,58.2,23.3,85.6,machine_fault
objects,9.4,M12,14.5,4,afternoon,0.0,48.1,15.75,59.4,19.3,66.4,human_error
oil_spot,3.2,M01,0.7,1,morning,2.6,22.3,13.9,64.4,25.3,60.5,material_issue
cut,10.4,M08,0.6,7,afternoon,0.4,32.8,11.78,52.9,21.8,77.9,human_error
thread_error,4.3,M08,9.7,24,morning,11.0,35.5,10.38,63.4,25.2,88.4,machine_fault
objects,11.9,M03,1.1,3,afternoon,5.2,48.9,14.69,83.4,22.7,69.7,material_issue
oil_spot,11.4,M06,10.9,5,night,14.7,26.0,13.41,49.0,24.6,91.4,human_error
objects,39.8,M04,7.8,15,afternoon,3.5,34.3,11.07,73.1,28.9,84.0,machine_fault
color_defect,5.6,M08,12.6,5,night,2.1,48.3,15.19,57.8,17.0,64.4,human_error
color_defect,3.2,M09,10.1,2,afternoon,1.5,43.4,11.26,55.2,23.7,50.7,material_issue
oil_spot,4.5,M10,7.0,22,morning,2.4,39.7,12.29,46.1,20.1,96.1,material_issue
hole,1.3,M06,3.5,2,morning,0.2,40.8,12.13,63.8,23.8,76.2,human_error
thread_error,2.6,M08,8.0,13,afternoon,0.6,27.5,13.61,58.3,22.0,91.1,human_error
cut,4.4,M02,4.0,35,night,5.9,36.6,11.35,57.2,26.3,87.6,human_error
cut,17.3,M09,14.9,27,morning,1.4,37.4,10.04,65.8,23.6,69.5,machine_fault
objects,9.8,M01,5.8,10,afternoon,2.0,22.6,11.24,39.5,22.2,77.5,human_error
objects,14.4,M08,8.0,13,morning,1.7,23.9,7.89,67.3,31.3,95.8,machine_fault
oil_spot,8.5,M04,14.0,8,morning,2.7,28.0,9.54,66.7,22.1,46.3,human_error
oil_spot,7.0,M11,2.3,39,night,0.8,42.6,10.34,45.1,23.5,68.1,human_error
thread_error,9.9,M09,9.9,3,morning,9.5,37.5,15.77,44.7,20.8,85.4,machine_fault
hole,3.4,M02,2.7,5,night,2.6,24.5,12.36,42.2,21.8,83.4,human_error
hole,3.5,M03,9.2,22,afternoon,2.4,43.3,10.7,35.2,27.1,77.5,material_issue
thread_error,3.1,M11,5.5,19,afternoon,7.1,30.8,12.51,38.9,26.5,100.0,human_error
oil_spot,5.2,M02,5.8,107,afternoon,1.6,28.4,12.4,56.3,25.1,64.9,machine_fault
oil_spot,13.4,M12,14.7,12,morning,0.5,41.9,13.91,64.3,20.5,71.5,human_error
oil_spot,23.8,M02,1.4,2,morning,1.7,22.7,9.02,55.7,19.2,66.7,human_error
thread_error,4.1,M10,7.8,10,afternoon,4.0,38.0,17.0,46.6,25.3,83.7,machine_fault
cut,3.1,M06,5.0,18,morning,9.1,30.9,14.33,45.4,25.1,89.3,material_issue
cut,6.3,M02,4.5,38,morning,0.1,21.7,15.14,68.7,18.0,66.6,human_error
color_defect,3.0,M03,3.0,1,night,1.2,39.4,9.69,73.3,28.0,64.0,material_issue
cut,6.3,M05,13.4,11,morning,1.8,44.7,11.21,65.5,26.3,74.6,human_error
objects,2.3,M05,12.6,19,morning,0.3,34.0,10.91,64.8,20.1,48.9,machine_fault
objects,13.2,M04,13.0,9,night,0.6,37.3,10.17,52.6,22.9,73.7,human_error
objects,1.6,M01,9.4,1,afternoon,0.7,35.7,16.31,52.3,24.3,78.6,human_error
color_defect,2.8,M03,10.1,4,morning,0.4,44.5,13.8,67.0,21.7,53.7,material_issue
oil_spot,4.3,M09,8.2,0,night,6.4,46.6,16.5,63.9,25.8,62.2,material_issue
color_defect,12.3,M02,14.2,5,morning,0.9,37.5,14.04,65.3,22.3,72.5,human_error
hole,4.4,M12,1.3,7,night,1.3,48.8,12.75,58.9,22.0,57.1,human_error
thread_error,39.4,M06,8.7,23,night,4.0,30.0,13.2,52.0,23.9,87.4,human_error
objects,26.4,M09,8.5,26,afternoon,0.8,44.6,10.48,53.4,24.0,63.2,machine_fault
hole,1.0,M06,13.2,112,morning,2.4,39.7,12.85,34.6,28.4,100.0,machine_fault
color_defect,3.5,M01,9.0,13,afternoon,0.3,47.3,17.02,79.7,27.6,90.4,human_error
objects,3.0,M08,5.3,30,afternoon,6.2,12.8,14.0,49.8,21.3,62.4,material_issue
stain,2.6,M06,9.8,10,afternoon,6.2,33.2,9.6,50.5,27.3,100.0,machine_fault
thread_error,2.1,M06,4.5,14,morning,11.3,31.3,8.01,61.2,22.4,57.5,material_issue
color_defect,3.3,M08,11.1,29,morning,3.8,38.2,10.57,59.2,24.4,60.4,material_issue
hole,7.6,M09,11.8,1,afternoon,0.1,35.8,9.17,33.8,20.9,78.7,human_error
stain,16.2,M05,4.2,21,morning,3.3,38.7,11.91,35.6,27.5,64.0,material_issue
cut,5.2,M12,11.0,1,afternoon,3.1,34.3,9.93,39.8,23.8,68.3,human_error
hole,2.4,M12,5.7,76,night,2.8,41.7,11.09,74.0,24.8,80.4,machine_fault
stain,2.7,M09,1.9,8,morning,2.0,30.9,15.02,28.6,20.9,73.1,material_issue
cut,2.5,M07,9.8,4,night,2.9,51.2,7.42,59.6,20.6,86.8,human_error
objects,47.7,M05,11.1,34,morning,6.4,37.7,10.64,42.3,23.9,61.2,machine_fault
stain,14.7,M09,12.4,4,morning,14.5,24.9,9.48,58.3,26.2,58.4,material_issue
oil_spot,6.1,M10,2.0,5,morning,1.7,47.9,11.19,69.6,28.6,90.0,human_error
objects,6.8,M02,5.2,23,morning,0.8,31.8,13.31,48.9,26.3,95.6,machine_fault
oil_spot,1.9,M05,10.0,55,night,5.8,40.1,14.77,59.9,23.3,85.1,machine_fault
oil_spot,8.9,M03,6.5,32,afternoon,0.1,31.8,11.83,61.5,26.7,90.0,material_issue
color_defect,17.8,M06,2.2,1,morning,0.2,21.4,13.32,63.9,21.3,65.2,human_error
hole,6.4,M07,8.2,36,morning,2.2,41.8,10.29,77.3,26.6,62.9,human_error
oil_spot,9.2,M01,1.4,62,morning,4.7,26.0,11.73,43.2,22.6,96.5,material_issue
hole,1.4,M03,10.0,60,afternoon,5.4,53.3,12.27,53.7,23.4,68.4,machine_fault
color_defect,5.6,M01,9.5,12,afternoon,2.6,42.7,17.91,58.6,24.9,70.4,human_error
stain,18.1,M09,12.3,6,night,3.0,36.6,14.48,54.2,22.2,97.2,human_error
oil_spot,4.7,M10,14.3,34,morning,4.0,36.2,10.46,46.5,25.0,62.5,material_issue
objects,8.6,M12,1.7,8,night,4.4,26.3,15.53,53.8,24.1,85.6,human_error
objects,14.6,M06,12.5,94,night,4.7,15.4,15.89,52.8,21.7,72.4,machine_fault
cut,18.6,M03,1.6,15,night,3.6,30.5,8.68,81.3,19.9,69.6,human_error
oil_spot,10.0,M12,6.7,3,night,1.7,45.5,15.49,48.3,23.4,49.7,human_error
color_defect,1.2,M06,7.1,23,morning,2.7,35.0,10.81,53.8,25.2,58.5,human_error
thread_error,7.2,M10,2.2,62,morning,8.8,44.4,12.92,53.7,25.3,51.4,machine_fault
objects,2.2,M05,12.6,11,morning,1.2,24.9,9.84,55.7,25.5,89.4,machine_fault
color_defect,2.1,M01,11.2,7,morning,6.3,48.8,11.28,56.0,23.7,82.9,human_error
objects,6.4,M12,1.1,27,afternoon,0.2,32.1,16.92,55.2,26.0,78.3,machine_fault
oil_spot,14.1,M08,6.9,18,night,1.8,39.3,12.77,28.6,18.9,97.8,machine_fault
thread_error,10.3,M01,12.8,44,morning,8.6,39.7,4.65,62.9,24.6,74.7,machine_fault
oil_spot,12.7,M05,5.7,32,morning,0.9,30.7,14.14,61.2,26.1,81.3,human_error
color_defect,2.0,M08,6.3,25,morning,4.7,51.9,13.96,75.7,26.0,80.9,material_issue
stain,15.8,M02,10.8,21,morning,8.0,22.3,10.11,49.4,21.9,75.9,material_issue
cut,6.0,M05,6.5,28,morning,5.1,33.9,14.72,57.6,27.9,81.4,machine_fault
color_defect,1.0,M04,2.6,29,morning,2.7,29.4,10.98,48.7,24.5,62.7,human_error
oil_spot,23.9,M07,9.0,12,morning,11.3,33.6,12.37,67.8,24.6,87.9,material_issue
thread_error,1.9,M01,10.5,13,morning,4.0,39.2,9.96,57.3,24.2,59.2,machine_fault
hole,14.8,M06,14.4,13,afternoon,2.4,30.6,8.95,48.9,23.6,68.2,machine_fault
oil_spot,5.0,M06,13.3,4,afternoon,3.7,29.1,10.96,70.3,26.4,91.1,material_issue
objects,7.1,M11,5.8,1,morning,2.9,40.9,10.72,52.3,21.0,36.6,human_error
objects,6.8,M10,8.0,22,morning,5.9,36.0,15.87,52.1,24.6,89.7,machine_fault
oil_spot,23.2,M07,13.2,22,afternoon,7.1,22.6,13.97,49.3,22.8,79.5,material_issue
stain,8.7,M10,8.9,92,morning,3.0,45.3,15.37,72.6,25.0,84.9,material_issue
hole,10.4,M08,13.6,3,afternoon,6.6,33.8,13.04,58.6,29.2,77.5,machine_fault
stain,7.6,M06,6.5,7,night,1.7,40.2,12.46,58.4,28.7,72.4,human_error
thread_error,6.9,M01,2.5,105,afternoon,2.0,28.9,12.77,54.6,30.8,83.2,machine_fault
objects,12.9,M07,3.6,0,morning,7.1,28.4,15.29,45.0,28.7,90.7,machine_fault
objects,6.8,M11,14.4,28,night,3.7,38.7,13.37,65.7,17.7,67.7,machine_fault
thread_error,3.6,M03,13.5,0,night,0.7,63.0,8.34,82.1,23.1,73.7,human_error
oil_spot,11.2,M02,13.6,41,night,0.1,38.9,13.64,60.3,21.4,69.5,human_error
objects,8.2,M03,2.6,11,night,7.5,46.4,10.66,38.0,24.6,62.1,machine_fault
stain,5.4,M03,7.9,10,night,7.2,44.9,9.32,63.2,27.6,48.3,material_issue
color_defect,11.0,M08,3.8,7,morning,1.0,44.7,14.05,52.0,27.4,59.1,human_error
oil_spot,8.9,M06,6.4,4,night,3.1,32.2,9.4,73.0,22.5,48.8,human_error
color_defect,21.3,M11,11.5,2,afternoon,2.8,39.9,11.54,61.4,26.7,70.2,material_issue
thread_error,2.4,M02,12.2,4,morning,1.6,43.5,14.34,62.6,24.3,39.1,machine_fault
color_defect,1.4,M11,12.7,0,afternoon,14.1,22.9,11.11,65.7,25.7,82.5,material_issue
oil_spot,4.0,M03,14.3,5,night,6.6,43.4,15.73,66.6,22.3,63.3,material_issue
color_defect,4.5,M12,3.2,0,morning,0.8,40.4,11.66,67.1,23.4,53.5,material_issue
thread_error,20.7,M02,3.5,9,night,6.1,30.5,12.85,63.1,26.0,81.4,machine_fault
color_defect,11.8,M06,8.4,77,afternoon,0.8,24.2,12.94,45.4,24.1,80.9,human_error
hole,10.7,M11,9.1,3,night,0.3,49.1,10.43,44.4,23.7,100.0,human_error
hole,5.2,M06,5.0,6,afternoon,8.0,39.4,12.85,59.7,20.0,90.7,machine_fault
hole,5.6,M03,14.4,10,night,0.8,28.1,11.65,58.8,24.6,50.9,human_error
thread_error,11.6,M02,10.9,1,morning,8.4,28.7,10.27,44.0,21.5,74.0,material_issue
color_defect,1.6,M07,12.7,32,night,10.8,23.8,12.52,72.0,26.0,77.3,material_issue
oil_spot,5.7,M07,4.4,9,night,4.4,33.2,15.63,38.9,26.1,65.9,material_issue
hole,21.6,M06,11.9,18,morning,3.6,28.6,5.92,66.7,21.0,74.6,machine_fault
cut,17.5,M05,11.3,25,night,2.4,34.2,13.95,35.5,25.1,70.9,human_error
cut,4.4,M04,9.7,9,morning,1.1,40.1,11.28,58.7,17.5,79.3,human_error
thread_error,7.2,M05,6.5,25,morning,2.7,47.8,10.83,56.2,27.4,64.9,machine_fault
cut,26.7,M10,5.6,2,morning,2.9,23.7,13.5,53.2,22.2,63.9,human_error
thread_error,8.4,M01,8.3,23,afternoon,0.8,13.9,12.01,58.9,26.8,59.8,machine_fault
color_defect,3.0,M05,11.6,22,night,12.1,39.3,15.34,60.0,26.6,89.1,human_error
hole,6.3,M08,11.4,12,night,0.9,31.9,10.32,67.5,33.4,69.6,human_error
color_defect,6.8,M03,4.6,4,morning,2.6,39.6,10.13,56.9,27.5,74.5,human_error
hole,9.0,M11,10.7,9,morning,0.2,39.7,11.49,68.3,22.8,69.2,machine_fault
thread_error,3.4,M05,8.1,8,afternoon,5.7,28.6,15.77,40.2,27.9,58.5,human_error
hole,17.2,M05,8.4,28,morning,2.1,28.6,15.76,39.9,25.1,90.5,human_error
stain,3.5,M02,6.1,34,afternoon,6.4,42.4,9.25,56.2,23.8,53.7,material_issue
stain,1.3,M07,4.3,21,night,6.0,29.4,13.46,58.1,22.4,59.9,human_error
objects,10.8,M02,11.9,11,morning,2.9,31.5,16.08,47.0,24.8,86.2,human_error
thread_error,4.0,M03,8.8,7,morning,13.0,33.5,11.91,52.2,22.4,78.6,machine_fault
stain,22.1,M05,13.0,17,afternoon,18.7,32.2,15.91,45.2,28.6,82.5,material_issue
cut,4.7,M05,14.9,79,afternoon,6.5,40.5,15.99,54.2,22.0,92.8,material_issue
objects,1.2,M06,4.5,3,afternoon,3.7,39.5,9.8,78.8,22.4,70.0,material_issue
stain,8.2,M08,12.1,64,afternoon,2.7,26.2,11.22,35.1,25.6,77.3,material_issue
cut,14.0,M01,9.3,42,night,4.3,38.4,11.15,53.0,24.6,61.6,human_error
oil_spot,6.1,M05,1.4,8,morning,14.8,37.7,12.77,47.0,23.5,65.1,material_issue
oil_spot,3.4,M04,14.6,28,night,2.3,42.0,10.38,40.6,20.9,67.7,material_issue
objects,6.2,M06,13.5,29,morning,17.3,31.1,11.3,61.4,26.5,59.0,machine_fault
cut,16.9,M12,7.6,1,afternoon,1.5,25.5,6.2,61.5,28.9,91.9,human_error
color_defect,2.1,M09,14.1,0,afternoon,2.5,41.0,16.89,68.1,27.9,78.1,human_error
stain,6.4,M01,12.4,14,afternoon,2.9,32.9,14.51,44.5,26.9,78.5,material_issue
thread_error,9.9,M07,8.8,3,morning,6.4,29.3,11.42,69.2,24.6,67.0,machine_fault
cut,3.2,M06,11.4,19,afternoon,0.2,24.4,10.48,59.6,19.0,65.5,human_error
cut,6.2,M07,0.6,29,afternoon,3.8,35.6,16.03,59.3,24.5,96.9,human_error
objects,3.2,M03,9.4,48,afternoon,2.8,18.3,16.31,51.6,24.9,74.3,machine_fault
hole,12.1,M01,9.4,4,morning,3.4,25.7,13.51,68.5,24.5,53.5,machine_fault
hole,8.3,M11,4.7,8,morning,0.2,44.7,16.26,41.9,25.6,88.1,human_error
oil_spot,1.7,M10,7.1,22,afternoon,1.7,46.1,11.24,46.5,22.7,87.8,material_issue
thread_error,6.1,M02,14.0,1,morning,0.7,26.2,12.75,54.3,25.5,50.3,machine_fault
color_defect,10.4,M08,12.4,28,morning,0.0,40.1,9.21,34.5,19.3,70.9,human_error
hole,2.4,M05,6.7,35,morning,5.3,20.4,12.68,32.1,23.8,54.5,machine_fault
objects,1.9,M12,11.1,21,night,6.9,50.3,14.02,52.4,26.6,82.0,human_error
stain,4.4,M05,1.5,18,afternoon,0.1,38.4,17.2,34.1,25.7,74.0,human_error
color_defect,4.5,M01,2.5,23,night,5.5,31.1,13.05,56.0,22.1,79.2,human_error
hole,9.5,M06,11.5,30,morning,0.9,33.9,10.1,62.7,24.4,58.6,human_error
objects,14.5,M07,6.6,2,afternoon,11.2,30.3,12.56,63.6,17.9,92.4,human_error
cut,17.9,M03,5.6,10,afternoon,4.3,33.7,10.3,50.5,23.0,57.0,human_error
color_defect,13.1,M09,5.0,36,morning,2.5,22.9,9.51,49.0,23.2,71.7,material_issue
cut,19.5,M05,0.6,57,morning,0.5,35.0,15.95,36.2,22.8,49.2,human_error
hole,8.7,M11,10.8,23,morning,1.1,38.6,11.09,52.1,27.9,70.3,human_error
cut,11.3,M07,7.2,11,morning,0.9,34.2,5.24,57.2,20.8,95.9,human_error
color_defect,5.0,M03,9.2,3,morning,0.1,32.0,10.73,47.9,23.7,76.3,human_error
oil_spot,4.8,M11,4.9,0,afternoon,2.0,35.3,13.11,66.4,20.9,82.1,material_issue
color_defect,5.7,M11,12.2,5,morning,6.8,19.1,10.47,63.1,21.7,74.8,material_issue
objects,8.0,M10,3.5,7,night,3.2,28.3,15.19,43.1,23.3,80.8,human_error
stain,5.0,M04,13.3,45,morning,1.0,23.3,10.75,66.7,25.5,89.7,machine_fault
oil_spot,8.7,M04,4.4,1,night,0.7,39.8,14.79,67.6,24.7,70.8,human_error
thread_error,4.1,M07,14.0,23,night,3.2,27.4,10.31,45.7,26.5,88.5,human_error
oil_spot,1.5,M02,8.8,11,morning,5.9,40.8,9.41,62.4,20.1,62.9,material_issue
stain,3.8,M11,11.1,8,afternoon,10.6,31.7,6.94,42.1,29.7,55.8,material_issue
stain,11.0,M05,8.9,16,afternoon,0.3,36.6,10.01,62.5,23.3,59.0,material_issue
stain,10.2,M09,5.0,36,afternoon,3.5,41.7,9.98,45.4,22.9,66.5,material_issue
oil_spot,9.8,M04,9.9,6,morning,8.9,25.8,12.45,56.5,26.8,68.3,machine_fault
oil_spot,8.2,M11,12.5,75,afternoon,0.4,19.3,11.01,31.2,23.2,92.2,machine_fault
thread_error,13.7,M11,2.2,17,morning,6.5,35.9,11.57,68.5,26.2,73.8,material_issue
hole,3.3,M03,7.4,17,afternoon,0.4,44.4,17.7,62.9,20.2,100.0,human_error
hole,1.2,M08,9.0,26,morning,4.1,24.1,11.63,61.0,29.4,85.6,machine_fault
color_defect,1.5,M06,5.3,22,morning,5.6,17.0,9.05,57.6,21.1,73.7,material_issue
thread_error,14.4,M12,15.0,12,morning,2.0,20.6,8.61,46.5,29.9,67.1,machine_fault
hole,1.5,M10,7.4,18,afternoon,2.1,28.3,11.1,41.6,22.9,62.4,machine_fault
color_defect,5.5,M08,5.5,32,afternoon,0.3,41.9,12.35,36.1,21.6,73.9,human_error
oil_spot,36.2,M07,7.8,4,morning,6.3,33.2,13.71,43.4,22.2,57.5,material_issue
thread_error,8.5,M06,7.3,10,night,0.0,39.2,15.2,65.1,22.9,46.0,human_error
cut,1.1,M05,13.6,36,morning,2.3,29.9,9.96,45.8,24.0,38.5,human_error
objects,8.9,M12,0.7,13,morning,6.9,39.0,13.41,64.5,22.5,42.4,machine_fault
hole,26.7,M06,7.9,13,morning,7.3,35.2,9.07,75.3,29.7,77.4,machine_fault
cut,1.6,M08,4.8,1,morning,0.5,35.4,9.35,46.4,20.1,89.7,human_error
cut,2.9,M04,8.9,0,night,0.2,35.4,13.23,39.6,23.9,77.1,human_error
oil_spot,8.6,M02,9.6,20,night,1.6,35.9,12.11,54.1,29.3,95.5,human_error
stain,1.5,M03,8.1,1,morning,12.6,37.4,13.96,78.6,22.6,92.1,material_issue
stain,23.3,M12,11.1,16,afternoon,0.5,21.0,9.26,67.9,21.2,86.0,material_issue
stain,5.3,M07,5.1,5,morning,7.0,33.5,7.83,55.6,23.7,92.8,material_issue
objects,4.1,M07,5.1,48,morning,4.7,30.6,9.57,65.0,23.5,70.3,machine_fault
hole,14.2,M01,5.7,2,morning,4.1,34.7,7.53,57.7,21.1,90.3,human_error
thread_error,11.3,M03,2.9,3,night,1.9,51.1,8.58,46.7,24.4,69.2,human_error
stain,9.7,M04,5.7,18,morning,8.0,26.1,9.42,44.6,20.4,100.0,material_issue
oil_spot,1.3,M10,11.2,4,morning,4.1,31.9,11.6,50.3,19.9,85.5,material_issue
oil_spot,4.7,M08,12.2,1,morning,1.9,31.4,9.74,54.1,25.5,95.8,human_error
hole,9.6,M03,6.3,0,afternoon,10.2,38.7,13.12,47.5,27.2,66.7,machine_fault
objects,10.2,M06,2.1,5,morning,6.6,32.0,13.79,48.2,25.3,80.0,machine_fault
color_defect,14.0,M03,4.9,1,morning,0.0,28.3,11.73,41.9,26.3,89.2,human_error
hole,5.1,M11,9.8,7,night,12.8,34.5,11.89,61.1,22.6,91.5,machine_fault
thread_error,4.2,M05,14.7,53,night,2.1,49.8,11.3,45.6,22.7,51.7,machine_fault
objects,6.0,M08,10.6,19,night,0.6,35.5,12.87,57.3,19.0,69.5,human_error
stain,12.0,M01,7.0,40,afternoon,2.5,44.9,11.13,44.9,25.2,78.0,material_issue
objects,2.0,M03,1.3,4,afternoon,1.0,38.8,13.7,56.8,23.1,73.2,human_error
objects,16.8,M01,10.9,2,morning,20.7,45.0,10.88,46.7,18.1,76.6,machine_fault
cut,15.1,M02,14.8,28,morning,3.1,37.3,10.59,37.9,22.4,67.1,machine_fault
cut,2.4,M06,8.6,6,afternoon,1.9,18.4,11.78,53.2,23.0,59.4,human_error
hole,2.0,M12,0.8,28,morning,8.0,48.7,11.58,52.8,20.7,52.8,human_error
cut,9.5,M07,14.7,18,afternoon,8.4,52.1,8.84,43.8,25.8,93.8,material_issue
color_defect,6.6,M06,12.0,4,morning,12.0,29.6,9.94,64.6,25.4,80.3,material_issue
color_defect,21.9,M10,11.6,19,afternoon,2.4,48.3,12.53,61.5,26.7,100.0,human_error
oil_spot,6.1,M12,2.4,4,morning,1.4,44.5,16.18,43.2,28.2,67.7,human_error
color_defect,20.3,M09,10.4,0,afternoon,1.5,36.1,10.56,47.7,19.8,67.0,human_error
hole,2.5,M04,13.9,3,night,0.9,37.6,16.13,56.7,27.0,54.1,human_error
thread_error,27.1,M04,14.3,26,afternoon,8.5,22.7,11.51,58.6,24.5,47.3,machine_fault
color_defect,11.8,M03,8.7,28,night,1.7,44.2,11.45,69.3,22.3,77.4,human_error
cut,3.8,M09,6.3,22,afternoon,5.5,45.6,8.48,62.0,21.8,53.8,human_error
oil_spot,2.8,M04,10.9,62,afternoon,2.6,35.5,14.37,42.8,26.5,59.5,material_issue
cut,14.5,M04,11.1,18,afternoon,5.9,35.5,12.97,70.0,20.0,69.8,human_error
stain,9.1,M03,5.4,40,morning,6.0,32.4,12.9,40.5,23.2,79.7,material_issue
thread_error,7.6,M09,8.6,39,afternoon,2.3,35.4,13.92,47.7,25.1,79.7,human_error
thread_error,7.0,M09,14.6,26,night,5.7,24.8,12.95,68.4,28.5,71.3,machine_fault
thread_error,15.5,M08,11.7,9,afternoon,7.8,41.0,13.54,52.1,26.6,90.1,human_error
oil_spot,13.2,M10,1.2,19,morning,1.6,25.5,15.14,48.2,21.5,52.1,material_issue
oil_spot,7.3,M11,4.2,35,morning,15.9,46.6,11.58,37.7,18.4,97.1,material_issue
color_defect,6.8,M02,5.5,21,morning,3.8,32.7,13.03,57.2,27.2,47.6,material_issue
oil_spot,1.9,M07,4.3,3,morning,2.2,25.1,12.44,52.8,22.7,76.2,human_error
stain,9.4,M05,9.2,1,afternoon,10.8,26.8,12.52,72.5,25.3,89.4,material_issue
hole,44.2,M10,7.4,22,afternoon,1.4,26.6,12.95,40.2,22.4,79.7,human_error
objects,5.1,M08,3.5,60,morning,17.0,38.2,13.09,36.9,21.3,75.1,machine_fault
objects,11.7,M02,11.4,56,afternoon,1.8,34.1,12.55,69.8,20.9,83.9,machine_fault
stain,12.3,M06,14.8,20,afternoon,15.0,44.7,10.77,67.7,23.4,64.9,material_issue
color_defect,2.3,M12,3.8,1,morning,2.6,31.4,9.4,47.7,23.6,89.4,material_issue
cut,20.3,M11,6.5,14,morning,4.7,32.7,12.25,56.8,23.9,76.0,human_error
cut,5.3,M11,7.1,12,morning,13.6,30.9,12.61,54.3,27.4,76.3,machine_fault
oil_spot,13.1,M04,1.3,71,afternoon,1.4,44.2,11.76,43.6,22.2,69.1,material_issue
stain,1.3,M11,14.1,8,night,2.7,49.5,11.14,58.3,22.5,62.3,human_error
cut,18.9,M11,0.9,30,morning,5.7,33.7,14.34,34.5,31.9,88.4,material_issue
stain,5.7,M07,1.2,15,night,1.2,18.9,11.21,63.3,28.9,69.0,human_error
objects,10.1,M04,2.2,40,afternoon,5.0,23.3,10.38,68.7,22.2,83.8,machine_fault
color_defect,1.8,M01,0.8,15,afternoon,5.5,38.3,11.18,54.1,23.6,70.3,human_error
objects,2.7,M03,0.7,45,morning,1.1,34.5,11.56,72.3,24.2,94.0,machine_fault
color_defect,5.9,M07,7.9,11,night,3.4,43.5,12.5,74.6,25.9,63.6,material_issue
hole,11.7,M03,14.4,5,morning,9.0,34.5,13.23,58.5,18.0,58.2,machine_fault
cut,11.1,M10,5.2,4,morning,14.7,24.4,6.69,58.5,24.1,86.7,machine_fault
stain,3.7,M02,9.1,26,morning,7.4,23.1,11.48,69.5,19.4,59.2,material_issue
objects,4.6,M09,3.7,9,morning,15.0,25.9,9.77,73.4,24.1,76.5,machine_fault
thread_error,10.4,M02,0.6,10,morning,4.7,28.9,14.59,47.9,26.7,100.0,human_error
color_defect,1.2,M08,6.8,16,morning,1.2,49.3,12.37,57.2,20.2,68.2,human_error
oil_spot,9.3,M04,5.2,5,afternoon,0.6,30.2,12.79,62.8,25.7,68.8,material_issue
hole,2.4,M02,8.2,0,afternoon,0.3,21.1,10.63,41.9,24.4,89.9,human_error
stain,10.9,M05,9.9,40,night,3.9,31.8,10.46,61.9,23.6,91.8,human_error
objects,9.4,M10,5.4,121,morning,1.3,43.6,14.36,60.8,27.2,61.8,machine_fault
thread_error,12.1,M12,9.1,34,night,2.5,29.4,8.18,52.6,25.6,90.6,human_error
cut,23.2,M11,2.0,0,morning,5.0,43.8,11.96,55.1,29.2,58.9,material_issue
stain,12.2,M05,4.2,19,morning,5.1,54.7,12.82,60.5,30.7,100.0,material_issue
thread_error,11.1,M06,14.2,10,morning,3.0,33.7,11.45,54.3,25.5,85.6,machine_fault
thread_error,13.0,M11,10.6,7,night,3.9,35.2,9.95,39.5,20.5,50.4,machine_fault
thread_error,1.4,M05,7.7,60,morning,0.1,31.2,11.83,62.9,26.1,83.3,human_error
hole,22.1,M12,3.7,4,night,1.2,36.4,14.3,67.3,22.6,88.2,human_error
thread_error,14.6,M05,14.2,4,afternoon,1.0,50.3,13.19,56.1,19.9,63.4,machine_fault
oil_spot,3.5,M05,2.6,2,afternoon,0.9,45.8,8.85,78.7,25.2,90.5,material_issue
oil_spot,3.0,M09,6.7,8,morning,0.0,50.6,11.14,49.4,23.0,70.0,human_error
color_defect,1.0,M07,3.7,1,afternoon,0.4,40.5,11.8,49.3,30.9,69.4,human_error
color_defect,59.7,M04,9.6,3,night,1.1,26.4,16.3,44.2,24.7,86.9,human_error
stain,1.7,M04,13.8,13,night,0.6,30.9,9.88,51.6,22.5,68.3,human_error
hole,10.9,M03,12.4,6,morning,0.2,36.7,9.54,54.9,26.4,72.2,human_error
oil_spot,20.3,M07,2.4,17,morning,0.1,42.7,12.91,41.4,19.2,60.3,material_issue
thread_error,9.0,M06,4.5,11,morning,0.8,42.2,12.71,66.3,27.7,79.9,machine_fault
oil_spot,7.9,M07,11.3,3,night,1.3,34.7,12.42,49.1,20.8,63.9,human_error
hole,19.8,M07,1.3,24,morning,9.7,35.6,16.75,42.2,23.5,85.6,machine_fault
cut,5.7,M10,13.8,8,night,3.0,40.6,17.39,51.2,21.2,78.7,human_error
cut,11.1,M09,13.9,24,afternoon,2.9,25.1,14.39,43.9,24.6,56.1,human_error
cut,5.2,M12,1.6,8,morning,17.7,46.8,10.25,42.6,26.0,63.1,human_error
objects,1.3,M03,6.4,78,afternoon,5.4,41.3,12.66,43.5,25.0,76.0,machine_fault
thread_error,3.4,M04,3.6,33,morning,3.1,19.2,14.71,57.8,23.9,78.5,machine_fault
objects,17.5,M05,7.2,13,morning,4.6,47.7,12.05,40.7,23.9,59.3,machine_fault
stain,9.9,M05,9.0,6,morning,0.5,39.9,12.43,63.0,21.5,75.9,human_error
thread_error,3.6,M07,14.5,49,night,0.3,27.6,11.69,55.4,23.6,66.1,machine_fault
stain,4.6,M07,6.6,0,morning,2.4,34.0,9.47,58.1,27.3,41.8,material_issue
stain,4.3,M02,7.6,37,night,2.1,34.2,6.77,36.9,25.3,74.0,material_issue
objects,3.6,M10,3.0,11,morning,4.7,32.0,13.68,52.2,22.5,57.0,machine_fault
objects,2.6,M02,1.6,21,morning,2.7,43.0,9.6,42.2,31.1,83.3,human_error
oil_spot,5.8,M10,4.4,14,morning,0.5,36.8,9.51,44.4,27.5,74.8,machine_fault
thread_error,1.1,M11,12.1,30,afternoon,1.4,31.3,10.1,71.2,22.0,62.9,machine_fault
stain,24.4,M11,12.1,12,morning,0.5,37.4,12.98,55.6,20.2,100.0,human_error
objects,3.4,M08,3.2,0,afternoon,5.1,36.0,11.65,49.3,21.5,64.7,human_error
cut,4.1,M05,2.6,1,afternoon,0.2,35.4,15.14,86.1,27.4,68.2,human_error
thread_error,21.3,M12,4.0,0,morning,0.4,31.9,11.41,54.7,23.9,60.7,human_error
hole,2.3,M10,4.2,8,afternoon,0.2,26.5,11.98,34.7,20.6,85.1,human_error
oil_spot,2.5,M07,10.8,4,morning,0.4,27.8,12.76,71.0,18.4,76.7,material_issue
thread_error,18.8,M03,6.2,21,morning,1.0,35.0,16.42,40.6,23.1,76.8,material_issue
oil_spot,1.4,M03,1.0,49,afternoon,18.7,34.4,14.57,38.4,24.3,88.7,material_issue
hole,7.6,M02,14.0,1,afternoon,3.6,24.9,13.97,67.3,22.8,82.3,machine_fault
color_defect,10.7,M05,2.0,15,morning,1.4,26.4,14.59,69.5,27.1,73.7,material_issue
objects,4.0,M06,7.8,0,morning,3.7,49.1,11.69,41.7,20.1,79.1,human_error
hole,3.5,M01,1.6,11,afternoon,4.4,44.1,9.12,50.7,25.5,74.1,machine_fault
thread_error,3.5,M04,13.6,21,morning,4.5,44.3,13.28,57.4,24.5,100.0,machine_fault
color_defect,6.6,M09,13.8,7,morning,7.5,35.7,14.24,38.6,26.2,82.8,material_issue
hole,3.6,M07,11.2,35,night,8.8,40.7,17.99,81.2,21.9,99.4,machine_fault
stain,17.5,M01,10.6,93,morning,2.8,29.7,7.23,60.2,26.5,71.7,machine_fault
color_defect,36.6,M04,1.2,8,night,2.0,32.3,8.65,63.9,23.4,75.5,human_error
color_defect,2.0,M09,2.8,58,night,1.2,47.7,13.63,73.5,24.3,100.0,human_error
objects,20.0,M08,11.0,0,afternoon,3.1,34.9,13.26,56.0,21.9,47.7,machine_fault
color_defect,14.9,M04,5.5,6,afternoon,11.9,41.5,10.5,55.7,22.0,85.6,material_issue
thread_error,5.4,M04,8.0,2,afternoon,0.5,31.2,18.35,54.5,19.8,73.0,human_error
cut,20.7,M07,3.7,67,morning,1.9,29.8,13.53,54.4,21.5,83.8,human_error
stain,1.6,M01,12.8,32,afternoon,1.1,38.8,13.82,46.7,22.0,66.4,human_error
cut,14.1,M09,13.6,52,morning,0.3,41.4,9.06,53.8,27.0,56.7,human_error
cut,12.2,M06,2.6,11,morning,3.0,34.3,12.04,64.5,26.9,67.4,human_error
thread_error,7.7,M04,5.7,23,afternoon,2.0,47.4,7.01,60.5,24.7,63.2,human_error
hole,2.0,M01,7.3,1,morning,6.3,20.2,10.93,67.4,23.0,62.3,machine_fault
hole,1.3,M05,9.1,9,night,3.0,40.8,12.15,64.1,22.8,63.4,machine_fault
hole,14.6,M10,3.4,7,afternoon,4.2,40.6,13.83,52.5,22.3,68.9,machine_fault
hole,3.4,M08,7.1,18,morning,2.1,26.2,13.78,74.2,26.5,74.9,human_error
oil_spot,4.9,M07,3.4,11,afternoon,2.2,40.1,18.39,60.2,29.0,92.0,human_error
hole,12.2,M06,6.2,31,morning,4.2,37.1,15.06,61.2,31.2,83.6,machine_fault
hole,4.6,M07,4.8,22,morning,6.4,32.1,15.28,43.1,21.0,100.0,machine_fault
cut,5.6,M07,0.6,5,afternoon,7.6,29.8,14.08,45.5,21.8,74.6,human_error
oil_spot,1.0,M03,10.7,5,afternoon,3.6,46.2,12.92,55.4,23.0,73.8,human_error
hole,5.6,M09,3.1,43,afternoon,0.6,40.8,13.66,66.7,25.2,83.3,human_error
color_defect,2.0,M08,0.5,11,night,3.4,28.8,10.76,48.8,21.6,69.8,human_error
stain,17.6,M03,4.7,26,afternoon,18.1,33.7,10.78,62.4,13.3,92.0,material_issue
thread_error,5.5,M04,6.3,7,afternoon,1.3,34.6,12.29,55.7,21.2,72.1,human_error
thread_error,14.3,M11,3.1,2,morning,4.4,35.3,15.48,55.6,22.0,77.2,human_error
oil_spot,1.9,M02,8.0,2,night,1.4,32.3,14.61,60.6,23.4,55.8,human_error
color_defect,4.9,M09,10.9,27,afternoon,1.6,31.0,14.2,24.5,24.6,71.8,material_issue
stain,4.0,M11,11.2,96,afternoon,1.9,38.6,11.17,48.2,26.0,84.7,machine_fault
color_defect,6.7,M05,5.4,7,morning,2.6,34.5,8.66,68.9,24.3,100.0,material_issue
hole,4.5,M06,2.1,2,night,3.0,51.0,11.49,59.2,26.9,86.5,human_error
stain,16.2,M05,1.5,1,night,4.2,45.9,10.39,59.4,30.0,72.4,human_error
hole,4.9,M12,4.6,25,night,4.2,25.1,12.1,54.1,22.1,76.4,human_error
color_defect,3.8,M04,1.5,6,night,0.6,29.7,13.89,67.0,23.8,58.6,material_issue
oil_spot,3.8,M11,14.0,40,afternoon,4.7,27.5,11.48,56.6,21.7,89.7,machine_fault
oil_spot,4.4,M09,10.2,14,afternoon,1.7,32.5,6.96,48.9,27.5,80.2,human_error
stain,15.5,M09,7.1,24,night,1.1,26.3,16.04,72.4,21.0,51.3,material_issue
oil_spot,1.6,M10,2.9,18,afternoon,0.1,41.0,9.88,64.7,22.7,63.1,material_issue
color_defect,5.0,M09,4.6,17,afternoon,2.4,30.9,13.82,75.4,17.1,91.9,material_issue
thread_error,14.0,M03,11.1,0,morning,2.7,35.6,14.62,54.6,26.3,59.3,machine_fault
oil_spot,1.2,M10,4.6,11,afternoon,2.4,26.2,8.03,56.7,23.7,70.2,human_error
cut,4.1,M12,4.8,0,afternoon,3.0,34.9,12.5,51.5,28.8,73.8,human_error
oil_spot,10.3,M08,5.2,126,night,0.8,33.8,7.07,59.2,30.2,71.3,human_error
color_defect,12.2,M09,0.7,24,morning,5.9,47.0,11.89,45.6,24.5,55.6,material_issue
oil_spot,3.0,M06,11.2,40,afternoon,4.4,37.8,10.82,57.5,23.7,89.3,material_issue
objects,8.9,M12,14.5,44,morning,6.9,12.3,15.4,64.1,18.8,65.9,machine_fault
hole,12.8,M11,7.1,6,morning,2.6,32.8,14.18,50.3,24.7,78.7,human_error
hole,2.6,M11,11.7,5,night,3.6,35.3,6.03,69.2,30.2,94.3,human_error
objects,19.6,M08,4.3,26,afternoon,8.3,34.3,7.31,73.5,22.9,84.5,machine_fault
oil_spot,7.6,M09,2.0,0,afternoon,14.5,47.3,6.24,56.8,27.4,46.6,material_issue
hole,5.6,M03,10.6,3,night,13.8,47.9,14.07,88.2,19.3,67.4,machine_fault
thread_error,9.2,M10,10.9,11,morning,0.8,31.4,8.96,28.5,23.3,77.0,human_error
hole,15.8,M05,1.9,28,afternoon,3.4,25.0,13.31,92.1,24.8,76.7,machine_fault
thread_error,1.3,M01,2.8,76,morning,2.7,46.1,8.61,52.7,20.9,83.6,machine_fault
objects,2.7,M10,8.1,7,morning,0.3,29.2,16.94,36.3,32.5,69.1,machine_fault
objects,2.0,M09,3.2,1,morning,19.7,35.2,9.1,49.4,27.1,59.5,material_issue
color_defect,9.5,M01,0.7,3,night,0.3,27.3,13.33,66.9,27.1,63.3,human_error
stain,5.1,M09,8.9,4,night,4.5,28.8,12.65,43.6,24.8,75.8,human_error
hole,3.6,M06,14.8,16,afternoon,1.6,30.2,7.81,53.7,24.1,77.4,machine_fault
oil_spot,14.9,M01,10.5,16,afternoon,1.8,40.3,9.24,37.5,29.6,50.7,material_issue
objects,9.7,M01,1.7,25,morning,4.7,23.9,7.5,28.3,22.4,70.5,material_issue
stain,10.8,M10,3.6,0,night,0.9,29.0,9.68,59.0,21.3,54.6,human_error
hole,15.4,M05,13.4,12,afternoon,2.8,32.8,10.66,59.2,27.2,91.1,human_error
cut,17.8,M06,5.0,0,afternoon,4.8,33.2,12.05,50.3,24.6,60.4,human_error
thread_error,3.0,M02,3.6,18,afternoon,8.1,34.1,13.37,60.8,24.0,88.2,machine_fault
objects,7.6,M08,12.6,108,morning,0.5,44.4,13.01,43.4,21.6,76.5,machine_fault
hole,4.5,M02,8.4,20,morning,0.4,32.7,10.99,69.9,24.0,89.6,machine_fault
stain,9.7,M03,9.1,90,morning,0.2,29.3,14.02,61.4,26.6,73.2,material_issue
color_defect,7.3,M11,7.9,15,night,5.3,28.8,12.82,55.0,29.4,73.4,human_error
objects,1.6,M12,10.9,49,afternoon,4.5,35.8,9.41,45.0,29.3,77.5,machine_fault
cut,2.7,M01,2.2,92,morning,0.0,27.0,13.3,65.4,24.5,92.3,human_error
oil_spot,10.4,M05,3.1,46,morning,1.1,19.7,10.63,68.2,23.4,57.3,material_issue
hole,5.6,M02,13.6,27,afternoon,3.7,32.5,12.29,67.9,19.5,45.5,machine_fault
cut,11.2,M04,7.5,23,night,0.1,36.3,14.37,61.1,25.5,73.6,human_error
thread_error,30.3,M05,4.8,7,afternoon,0.1,41.1,13.28,72.5,22.6,67.1,human_error
oil_spot,3.9,M05,1.6,1,night,3.0,32.1,17.97,57.2,23.2,62.5,human_error
stain,12.5,M01,10.3,10,afternoon,1.7,40.9,15.2,49.7,23.6,75.8,material_issue
oil_spot,22.7,M07,3.9,11,morning,12.3,37.1,11.9,63.9,24.3,72.6,material_issue
hole,3.9,M09,12.2,1,afternoon,9.8,40.0,9.25,57.2,21.8,82.6,machine_fault
stain,7.6,M02,13.9,2,afternoon,6.8,35.4,14.49,77.5,26.2,76.5,material_issue
color_defect,12.1,M01,8.2,31,night,4.2,31.9,6.81,49.8,26.3,85.5,material_issue
hole,2.8,M09,9.8,6,morning,2.0,35.0,14.96,43.4,28.8,84.9,machine_fault
thread_error,5.9,M08,7.1,22,morning,1.9,44.8,12.06,49.2,19.6,69.2,machine_fault
stain,17.7,M11,8.7,8,morning,2.1,32.1,16.28,63.5,18.2,54.9,material_issue
thread_error,15.5,M01,7.3,10,morning,5.2,38.1,10.0,49.5,25.7,55.8,machine_fault
oil_spot,9.3,M08,2.5,4,morning,0.9,30.6,9.26,82.5,29.6,57.6,material_issue
stain,19.1,M06,11.1,9,night,2.6,45.0,12.68,50.8,23.4,72.7,human_error
hole,5.5,M10,5.2,30,night,2.6,34.3,11.47,65.8,22.2,93.0,human_error
oil_spot,1.8,M07,7.4,20,morning,2.3,25.8,9.17,45.3,24.8,63.5,material_issue
color_defect,2.5,M06,7.0,2,morning,25.0,50.7,14.1,49.5,22.9,56.6,material_issue
hole,1.2,M02,13.3,165,morning,5.8,22.6,13.4,65.7,28.8,72.0,machine_fault
thread_error,9.5,M06,3.4,4,afternoon,1.0,46.6,11.21,52.1,28.4,82.6,human_error
cut,4.6,M02,4.5,4,afternoon,9.6,37.5,10.62,47.6,24.9,76.9,machine_fault
hole,3.3,M09,10.3,37,morning,3.0,22.1,10.01,47.4,26.5,61.8,machine_fault
oil_spot,3.5,M02,12.5,5,afternoon,6.6,45.5,8.6,49.7,23.1,73.3,material_issue
cut,3.1,M01,4.4,0,afternoon,2.4,37.4,10.56,66.7,25.9,50.2,material_issue
color_defect,11.6,M04,14.3,3,night,0.1,18.4,11.41,80.7,19.4,45.3,material_issue
color_defect,11.5,M12,9.0,9,afternoon,1.5,32.1,10.85,58.8,22.0,80.9,human_error
stain,2.8,M10,8.2,47,morning,0.8,51.5,8.4,48.8,23.6,81.6,human_error
hole,8.9,M10,4.9,72,afternoon,2.1,42.8,9.69,47.0,22.4,47.5,machine_fault
thread_error,27.6,M11,14.0,40,morning,6.0,37.9,12.21,72.8,20.9,72.7,machine_fault
objects,19.1,M03,1.0,16,afternoon,0.5,43.1,10.25,39.3,22.0,59.3,human_error
hole,9.6,M04,2.3,22,afternoon,2.6,49.4,11.83,73.4,27.6,65.6,human_error
stain,3.1,M09,0.5,5,morning,18.8,23.5,12.29,40.1,20.4,64.4,material_issue
thread_error,17.6,M08,8.7,23,morning,10.7,33.2,9.71,50.7,28.5,74.3,machine_fault
stain,12.5,M10,14.7,25,night,6.5,31.0,10.33,43.0,22.6,80.6,material_issue
oil_spot,2.9,M05,10.7,31,afternoon,0.7,43.0,14.95,54.2,22.9,93.4,human_error
hole,1.2,M12,14.7,0,afternoon,2.1,31.7,13.51,55.6,24.6,83.5,human_error
stain,13.8,M06,12.3,13,morning,8.7,26.9,13.12,40.8,25.2,87.6,material_issue
objects,2.1,M02,11.9,1,afternoon,7.2,27.2,13.66,54.8,22.8,50.8,machine_fault
hole,6.5,M03,7.9,12,morning,0.1,22.6,15.92,63.9,22.8,84.2,machine_fault
thread_error,6.0,M05,12.5,2,night,8.0,48.3,11.4,69.6,25.4,96.3,human_error
hole,3.6,M10,12.4,16,morning,2.5,52.1,10.83,56.9,27.5,65.9,human_error
thread_error,11.9,M08,2.4,5,afternoon,2.9,32.5,15.86,61.2,27.8,44.5,human_error
objects,8.5,M08,8.8,11,afternoon,0.7,42.3,13.05,54.3,18.9,62.9,human_error
cut,4.8,M08,7.0,39,night,2.8,36.1,13.76,28.2,29.6,75.9,human_error
objects,2.0,M11,2.4,0,night,3.4,30.3,13.1,36.2,25.4,69.1,material_issue
color_defect,5.3,M09,13.0,65,morning,2.4,35.3,11.71,36.0,22.2,84.0,human_error
objects,4.2,M01,11.9,22,morning,4.7,40.2,11.79,59.5,21.2,82.0,machine_fault
cut,1.7,M05,6.8,14,morning,0.1,29.2,9.69,40.0,23.4,80.8,human_error
hole,6.1,M12,14.0,53,afternoon,5.8,35.2,9.76,47.2,22.4,70.3,machine_fault
hole,10.3,M03,5.0,6,night,0.7,41.2,12.45,44.5,22.2,94.7,human_error
stain,10.1,M03,7.1,37,afternoon,2.2,33.0,9.09,50.0,24.1,96.9,human_error
oil_spot,9.6,M11,11.9,15,morning,0.6,34.4,14.5,57.7,27.0,90.5,material_issue
cut,12.8,M07,6.1,2,night,0.4,26.6,16.46,75.2,21.3,77.2,human_error
stain,3.5,M09,13.3,13,afternoon,10.1,34.0,14.3,46.4,19.5,52.3,material_issue
cut,16.0,M12,4.4,29,night,1.0,19.5,6.04,59.2,25.5,100.0,human_error
thread_error,9.0,M11,13.9,1,morning,2.1,35.0,11.74,63.4,25.6,74.5,machine_fault
hole,10.3,M07,13.7,99,morning,1.1,35.1,8.66,36.7,26.1,68.7,machine_fault
oil_spot,5.8,M03,12.2,32,afternoon,3.7,44.3,12.93,35.3,22.4,78.9,material_issue
thread_error,1.3,M05,3.4,10,morning,3.5,28.3,6.73,37.9,24.5,45.5,material_issue
cut,7.1,M07,4.2,33,night,0.6,23.0,11.97,52.9,22.7,81.6,human_error
oil_spot,8.4,M02,9.0,7,morning,1.0,32.6,8.75,40.0,26.5,75.2,material_issue
stain,14.1,M01,14.0,35,morning,1.1,35.3,7.69,55.3,29.1,77.3,human_error
thread_error,11.3,M03,12.8,14,afternoon,8.6,19.1,11.89,45.6,26.1,89.9,machine_fault
oil_spot,1.4,M11,11.3,5,afternoon,2.0,34.6,12.53,75.3,28.6,51.0,material_issue
hole,1.2,M05,2.3,2,afternoon,0.9,29.3,10.65,46.4,20.6,74.4,human_error
thread_error,2.1,M11,12.2,31,morning,2.0,30.8,10.22,59.7,19.0,83.9,human_error
cut,5.6,M04,5.0,21,afternoon,2.6,49.0,11.92,58.1,22.1,81.5,human_error
stain,4.4,M10,7.4,28,morning,2.6,32.7,14.88,52.0,23.0,91.6,human_error
color_defect,4.4,M07,8.9,8,morning,19.7,32.1,13.76,39.0,27.5,53.0,material_issue
hole,39.9,M07,5.0,6,night,6.1,24.2,9.53,52.7,24.1,75.8,human_error
stain,13.3,M07,2.6,50,afternoon,20.9,49.7,8.59,53.7,21.2,84.5,material_issue
stain,20.7,M03,7.1,23,afternoon,5.0,32.9,11.54,56.4,26.5,81.0,material_issue
cut,16.1,M01,13.8,15,morning,0.0,34.1,10.31,40.3,22.8,57.4,material_issue
thread_error,7.5,M01,1.6,57,morning,9.7,40.7,13.94,74.3,28.1,95.2,machine_fault
oil_spot,8.2,M01,8.0,35,afternoon,3.4,30.5,12.08,68.6,25.2,79.7,material_issue
color_defect,22.2,M06,10.2,18,afternoon,0.4,33.1,14.16,50.3,18.2,90.1,human_error
stain,2.7,M12,8.6,6,morning,0.7,41.1,13.82,37.8,24.9,92.1,material_issue
oil_spot,4.2,M01,9.1,26,afternoon,0.3,36.9,9.65,50.4,23.4,99.1,human_error
stain,6.2,M09,9.9,20,afternoon,0.0,27.5,15.7,36.9,25.6,66.0,material_issue
color_defect,6.5,M08,2.1,53,night,3.0,31.2,16.19,37.5,27.6,85.1,human_error
cut,4.8,M03,1.3,5,morning,0.4,24.9,14.2,54.5,27.3,77.6,human_error
objects,30.9,M07,5.5,24,morning,7.2,49.0,11.09,44.9,26.1,68.5,machine_fault
cut,2.8,M05,8.8,61,afternoon,6.8,30.5,12.14,63.7,18.7,64.3,human_error
cut,12.5,M06,7.8,0,morning,8.7,31.2,15.83,27.5,24.9,87.4,human_error
cut,2.0,M02,11.3,11,afternoon,3.9,37.8,13.01,53.6,22.7,89.6,human_error
objects,24.0,M02,8.9,31,morning,5.0,31.7,10.19,58.8,22.9,85.9,machine_fault
hole,8.4,M11,7.4,18,night,11.1,51.7,10.93,52.2,26.6,73.6,machine_fault
objects,27.1,M12,8.1,6,night,3.2,24.8,14.89,83.4,22.9,55.6,material_issue
color_defect,4.1,M09,1.4,35,night,0.8,44.0,13.18,38.3,27.1,57.9,human_error
stain,12.8,M03,5.3,4,afternoon,1.3,18.1,13.21,50.2,22.1,68.1,material_issue
color_defect,7.5,M03,14.1,0,morning,0.9,31.8,10.97,49.4,30.0,73.3,human_error
hole,4.8,M12,8.3,3,afternoon,2.1,35.3,14.68,41.3,23.0,81.6,machine_fault
objects,14.8,M03,9.7,18,morning,2.4,41.2,10.32,61.4,30.6,51.8,material_issue
oil_spot,1.1,M12,4.2,2,morning,5.7,31.3,12.99,37.1,27.5,71.5,material_issue
stain,12.3,M02,7.0,4,morning,3.1,32.3,14.9,62.8,25.1,84.3,material_issue
hole,3.0,M03,5.3,3,night,6.2,39.4,12.2,42.2,21.9,91.9,machine_fault
color_defect,5.7,M06,13.5,14,night,6.8,44.8,16.02,81.9,22.3,100.0,human_error
objects,4.5,M12,1.9,6,afternoon,7.5,48.4,12.09,50.1,22.2,63.8,machine_fault
cut,2.6,M10,8.6,2,night,1.8,45.5,14.16,58.7,23.3,57.1,human_error
objects,15.8,M01,6.9,25,morning,0.9,36.7,12.15,50.3,18.3,82.1,machine_fault
oil_spot,7.3,M10,3.8,34,morning,4.9,55.9,13.01,61.8,21.7,73.0,material_issue
objects,4.8,M02,12.2,31,afternoon,6.1,41.5,9.35,66.8,23.3,85.1,machine_fault
color_defect,3.9,M02,8.5,59,night,1.1,28.8,15.59,44.2,14.9,82.7,human_error
cut,7.0,M04,3.4,14,morning,4.4,31.4,12.73,45.7,23.8,52.3,human_error
oil_spot,61.7,M01,14.8,0,night,3.9,29.6,12.23,59.1,23.4,95.3,material_issue
oil_spot,18.5,M06,2.7,12,morning,5.0,35.3,11.57,42.1,24.6,80.9,material_issue
stain,18.2,M10,6.0,41,afternoon,1.7,34.2,16.33,28.1,24.6,100.0,human_error
cut,6.0,M03,4.7,19,night,9.2,35.2,6.31,53.5,22.9,82.4,human_error
cut,7.3,M08,8.0,26,afternoon,10.6,29.7,6.4,57.5,21.7,63.0,human_error
thread_error,2.5,M11,4.0,20,morning,1.0,34.5,7.79,44.5,19.8,81.0,human_error
thread_error,5.8,M03,3.8,0,afternoon,4.4,29.5,12.41,66.3,21.9,53.7,human_error
oil_spot,10.9,M02,4.1,20,morning,2.8,37.8,12.65,58.4,27.5,86.6,material_issue
objects,25.4,M11,5.0,41,morning,0.9,26.5,15.38,45.5,25.5,65.1,machine_fault
stain,2.3,M02,6.6,1,afternoon,2.4,40.7,14.95,37.1,23.1,89.1,material_issue
cut,11.3,M07,10.0,29,night,2.7,40.3,9.94,42.5,26.5,80.9,human_error
hole,2.8,M09,11.3,9,morning,3.6,26.3,11.09,47.3,25.0,56.3,machine_fault
thread_error,3.0,M02,2.4,9,afternoon,6.1,54.5,14.09,47.3,21.3,67.6,human_error
thread_error,4.9,M07,9.8,33,afternoon,1.2,43.6,9.87,66.6,26.1,100.0,human_error
thread_error,4.9,M11,7.9,7,afternoon,0.1,42.6,10.62,32.5,30.1,60.0,human_error
thread_error,2.5,M10,8.5,5,afternoon,3.0,39.6,13.57,63.4,21.2,66.4,machine_fault
color_defect,2.1,M02,3.7,20,afternoon,0.6,32.0,11.96,51.5,24.5,93.3,material_issue
thread_error,10.3,M12,12.4,4,morning,0.5,38.3,10.51,72.9,23.5,84.3,machine_fault
cut,2.3,M09,14.0,8,morning,2.7,29.2,13.76,44.1,21.6,86.3,human_error
oil_spot,5.1,M05,14.8,3,night,1.7,32.6,8.91,52.9,28.3,77.5,human_error
cut,7.8,M04,14.1,15,night,0.4,35.1,8.3,50.9,24.0,76.5,human_error
objects,2.0,M01,11.9,4,morning,4.5,46.4,12.73,63.8,28.2,75.3,machine_fault
hole,13.5,M05,10.6,18,afternoon,1.8,45.4,8.5,64.7,27.4,74.6,material_issue
color_defect,13.5,M08,4.1,25,afternoon,9.9,30.3,14.98,49.8,28.1,83.0,material_issue
thread_error,1.3,M06,13.1,13,morning,0.7,21.6,8.86,78.1,26.1,54.4,machine_fault
stain,27.7,M03,8.9,3,morning,2.7,46.3,10.96,61.1,28.8,78.7,human_error
oil_spot,11.9,M04,3.1,16,morning,0.9,41.3,13.65,55.8,25.4,82.1,material_issue
stain,24.6,M09,5.5,66,night,4.0,20.1,14.85,52.8,28.9,68.1,human_error
thread_error,19.3,M08,8.1,20,morning,3.5,45.8,14.67,46.4,27.1,79.9,machine_fault
objects,4.5,M07,12.4,22,morning,0.3,33.8,9.88,85.3,20.7,75.8,human_error
oil_spot,12.1,M07,10.2,5,afternoon,3.4,57.9,9.75,88.9,22.9,66.1,material_issue
oil_spot,4.1,M02,12.5,60,afternoon,1.7,22.1,14.22,32.3,25.9,71.9,material_issue
hole,23.4,M08,10.8,11,morning,4.6,29.0,13.41,57.2,24.9,72.1,machine_fault
objects,23.0,M04,9.2,13,morning,3.9,46.8,6.9,60.8,23.8,96.7,machine_fault
hole,17.1,M09,4.5,17,morning,1.3,38.6,12.01,62.4,24.5,90.9,machine_fault
objects,4.3,M10,9.5,12,morning,1.8,35.4,11.55,51.1,29.6,58.1,machine_fault
cut,2.1,M09,11.1,2,afternoon,4.9,22.3,11.27,59.3,25.7,71.2,material_issue
oil_spot,4.4,M01,13.7,0,morning,5.1,31.3,15.63,55.4,23.6,55.0,material_issue
color_defect,7.2,M10,4.3,7,morning,3.0,32.9,18.17,38.8,22.7,43.2,material_issue
thread_error,1.1,M03,4.6,0,afternoon,1.2,44.5,14.02,68.0,28.1,78.0,human_error
oil_spot,17.2,M09,6.9,2,afternoon,3.9,39.1,14.38,52.8,22.8,82.1,human_error
cut,19.5,M08,12.9,9,night,1.1,34.1,11.86,50.5,28.0,64.0,human_error
color_defect,3.2,M03,6.2,49,morning,2.2,34.8,6.6,70.1,15.6,75.6,human_error
oil_spot,10.1,M03,6.5,15,morning,8.9,27.8,10.93,39.5,23.0,75.3,material_issue
hole,11.4,M05,10.2,5,afternoon,3.6,38.8,11.02,61.1,23.8,88.0,machine_fault
thread_error,17.6,M08,13.5,44,night,4.8,24.8,12.02,42.5,27.1,60.7,human_error
objects,5.3,M11,9.3,10,morning,1.9,49.1,14.67,60.8,23.9,71.4,machine_fault
objects,3.9,M06,7.9,2,night,0.4,39.2,11.46,41.1,26.2,64.6,human_error
color_defect,8.0,M03,14.3,50,morning,1.8,38.4,15.01,63.7,26.8,66.2,material_issue
oil_spot,14.8,M10,15.0,12,afternoon,4.4,31.4,12.43,64.6,25.0,47.1,material_issue
hole,5.5,M07,11.2,32,morning,1.8,36.7,10.95,34.8,21.9,84.0,machine_fault
color_defect,4.2,M06,12.1,5,afternoon,6.2,30.3,14.31,33.6,25.3,51.4,material_issue
objects,1.9,M09,2.6,24,night,2.3,41.3,11.94,33.8,33.0,100.0,human_error
objects,19.8,M06,6.0,2,afternoon,8.5,44.3,10.91,70.2,19.0,50.6,machine_fault
oil_spot,2.1,M03,3.1,14,night,6.0,40.5,14.37,62.2,22.8,73.9,material_issue
cut,1.3,M10,5.3,10,afternoon,3.9,23.0,16.05,40.8,28.9,79.1,human_error
oil_spot,4.2,M01,4.7,55,night,4.8,33.8,10.03,39.1,24.8,100.0,human_error
color_defect,5.9,M07,2.0,36,morning,0.3,31.5,17.46,52.0,26.2,75.1,human_error
hole,6.9,M06,14.6,6,afternoon,2.0,32.8,17.03,35.4,23.2,72.7,machine_fault
oil_spot,11.0,M08,2.8,9,afternoon,1.8,35.9,15.57,68.5,24.7,70.2,material_issue
thread_error,10.9,M04,11.2,27,morning,2.1,36.5,10.13,56.7,28.0,81.6,machine_fault
hole,1.6,M08,9.2,31,morning,0.3,29.2,12.13,64.3,26.8,79.7,machine_fault
color_defect,17.0,M09,11.8,8,morning,3.3,32.0,13.22,56.7,25.9,76.7,material_issue
hole,4.1,M05,8.8,38,morning,1.4,30.1,14.73,69.7,25.1,67.2,human_error
thread_error,16.2,M07,6.8,10,afternoon,3.5,35.5,16.16,53.1,23.3,75.8,machine_fault
color_defect,7.0,M11,4.8,8,night,9.2,36.2,11.57,56.0,24.0,100.0,human_error
thread_error,7.6,M07,7.5,16,afternoon,4.1,31.9,11.99,42.6,22.4,69.2,machine_fault
oil_spot,4.5,M06,11.4,40,afternoon,5.6,31.9,9.71,58.0,16.7,72.2,material_issue
oil_spot,10.5,M10,4.9,25,morning,2.7,49.9,15.14,35.3,21.6,88.1,material_issue
oil_spot,4.6,M01,6.6,13,morning,3.0,43.1,9.17,25.6,18.7,74.4,material_issue
color_defect,9.4,M04,3.1,15,morning,5.2,39.2,14.03,56.1,29.3,65.8,material_issue
hole,25.7,M09,3.6,4,morning,0.1,38.6,12.81,40.6,25.3,71.9,material_issue
thread_error,11.4,M02,7.1,1,night,1.1,32.7,12.38,56.9,24.6,74.6,machine_fault
cut,12.5,M01,14.7,2,afternoon,3.9,51.3,13.2,56.7,21.0,79.0,human_error
objects,4.6,M02,10.3,5,afternoon,8.8,28.1,15.97,46.0,17.5,81.9,material_issue
color_defect,7.9,M09,3.5,29,afternoon,1.0,31.3,10.94,46.5,26.2,36.0,human_error
cut,10.8,M10,8.6,21,morning,4.2,39.6,10.19,70.2,21.1,73.3,human_error
objects,2.8,M05,5.6,13,afternoon,2.6,30.3,16.43,47.7,22.1,86.7,machine_fault
cut,2.5,M11,11.0,1,morning,0.0,27.6,15.22,47.4,27.4,71.5,material_issue
objects,12.3,M05,1.9,8,night,0.3,32.9,10.74,70.3,22.2,100.0,human_error
color_defect,4.6,M05,3.4,11,afternoon,0.2,35.5,16.82,56.0,27.5,68.5,material_issue
stain,18.6,M07,13.4,21,afternoon,7.7,43.8,11.79,46.6,22.8,79.0,machine_fault
thread_error,1.7,M05,4.6,16,afternoon,0.6,38.3,15.04,53.3,25.2,75.2,human_error
hole,8.2,M01,14.9,27,afternoon,1.1,32.4,14.91,76.0,18.0,54.9,human_error
stain,13.5,M10,12.9,1,night,1.8,26.5,12.86,50.4,21.7,100.0,human_error
objects,8.2,M07,6.5,36,morning,0.0,25.9,13.44,84.6,23.7,89.3,human_error
objects,4.0,M01,8.9,41,night,1.9,40.2,10.29,39.1,23.1,97.7,machine_fault
oil_spot,16.3,M11,14.0,5,night,0.8,29.2,13.77,51.6,27.2,82.6,human_error
oil_spot,11.8,M11,13.4,3,morning,3.4,26.3,13.4,61.8,23.6,86.7,material_issue
objects,8.3,M10,4.2,28,afternoon,1.4,48.0,9.86,36.2,25.4,61.2,human_error
color_defect,41.5,M03,13.4,17,night,3.2,22.7,12.08,41.5,24.4,80.8,human_error
objects,2.3,M07,13.2,51,afternoon,10.7,39.2,11.7,54.6,26.7,100.0,machine_fault
thread_error,10.5,M01,0.5,10,afternoon,6.4,36.1,13.43,58.0,23.6,80.9,machine_fault
objects,12.3,M09,1.1,9,afternoon,0.7,43.9,13.42,62.7,24.4,82.8,human_error
objects,8.7,M05,13.7,9,morning,1.4,15.6,14.06,47.2,22.8,59.0,human_error
cut,1.5,M12,11.6,23,afternoon,5.3,23.3,11.63,62.0,24.1,72.7,human_error
objects,5.1,M03,9.7,0,night,2.9,44.0,11.74,53.8,25.7,81.4,machine_fault
thread_error,4.0,M05,12.6,10,afternoon,7.6,29.1,14.39,69.2,20.5,56.9,material_issue
objects,5.3,M06,14.2,4,night,0.1,32.1,17.06,65.8,22.9,51.1,human_error
thread_error,15.8,M02,10.1,22,morning,1.6,39.0,13.59,59.8,18.0,62.0,machine_fault
hole,2.3,M10,8.5,18,night,4.1,49.1,14.16,40.3,26.8,93.6,machine_fault
hole,20.4,M04,11.2,30,morning,2.9,44.2,13.09,54.7,23.5,66.9,machine_fault
objects,1.1,M05,6.7,53,morning,2.2,34.9,9.61,42.1,26.8,87.3,human_error
objects,3.1,M07,12.6,16,morning,2.5,52.9,7.24,86.6,24.2,94.4,human_error
stain,3.3,M06,9.1,70,night,3.5,19.5,14.54,50.7,27.5,44.9,material_issue
thread_error,18.8,M06,13.3,15,night,5.8,25.5,13.92,52.8,27.2,81.7,human_error
color_defect,4.0,M02,1.2,18,morning,9.4,22.8,11.65,49.7,25.9,88.2,material_issue
thread_error,9.7,M02,11.0,20,morning,1.4,46.3,11.69,44.3,27.1,82.6,machine_fault
objects,6.0,M05,0.8,24,afternoon,0.6,30.6,13.87,61.0,24.7,75.6,human_error
objects,2.6,M10,12.8,14,afternoon,6.5,26.8,11.96,69.2,23.4,98.3,machine_fault
stain,3.0,M12,2.3,30,night,1.5,34.2,11.12,56.4,21.5,65.9,human_error
thread_error,8.3,M12,4.5,4,night,4.9,32.6,14.42,43.3,19.4,55.0,machine_fault
cut,1.4,M12,5.0,93,afternoon,4.0,38.0,10.48,50.5,18.9,93.0,human_error
hole,3.7,M07,12.8,7,night,0.4,39.2,14.44,58.1,22.2,100.0,human_error
cut,27.4,M04,10.6,1,afternoon,3.6,26.8,15.64,31.6,22.2,70.5,human_error
cut,5.0,M04,13.6,2,morning,1.4,35.9,13.0,76.5,25.4,97.4,human_error
stain,3.6,M05,6.7,20,morning,1.0,55.2,8.87,57.1,20.6,60.7,human_error
color_defect,15.1,M06,12.9,1,morning,25.0,49.0,10.56,60.0,20.4,61.1,machine_fault
hole,7.3,M08,2.9,10,morning,2.0,34.1,16.01,53.3,24.9,95.6,machine_fault
oil_spot,8.3,M06,15.0,7,night,4.5,39.4,6.92,49.5,21.1,70.4,human_error
cut,19.9,M03,5.9,3,afternoon,7.7,47.3,13.05,77.2,25.6,90.9,material_issue
cut,12.5,M04,2.0,1,afternoon,1.4,31.2,12.29,75.6,25.6,73.1,human_error
oil_spot,6.9,M08,5.1,8,morning,0.5,32.5,10.05,40.0,25.1,76.7,human_error
objects,3.2,M03,2.4,59,afternoon,1.5,46.8,1.86,54.6,23.6,76.1,machine_fault
stain,15.5,M05,13.5,8,morning,8.2,35.6,15.6,51.1,22.7,57.7,material_issue
thread_error,14.7,M03,1.8,36,night,7.1,30.7,14.94,44.8,19.2,58.9,human_error
color_defect,6.3,M01,5.5,10,night,9.7,39.9,12.87,42.9,19.4,98.1,material_issue
hole,12.5,M11,13.4,0,morning,3.0,25.6,14.45,47.0,19.8,84.6,human_error
color_defect,39.9,M05,12.3,9,afternoon,8.9,34.4,11.6,57.8,24.3,79.9,machine_fault
stain,1.8,M01,8.9,9,morning,8.7,40.0,10.09,65.3,22.2,79.9,material_issue
stain,7.5,M12,13.0,43,morning,0.7,34.5,11.82,55.6,25.4,80.1,human_error
thread_error,6.8,M02,1.5,5,morning,0.1,54.1,15.61,37.6,21.8,61.6,human_error
hole,10.6,M03,1.4,0,night,0.9,37.0,15.19,47.7,22.8,36.1,human_error
cut,23.0,M11,11.6,17,morning,20.8,37.7,13.52,54.1,22.5,82.4,human_error
oil_spot,27.7,M09,8.0,1,night,8.1,28.8,17.15,70.1,27.0,96.5,material_issue
oil_spot,3.1,M10,6.1,4,morning,14.8,43.4,14.52,58.1,22.6,87.4,material_issue
objects,7.0,M07,9.0,11,night,0.3,29.3,14.39,66.1,20.3,77.7,machine_fault
cut,5.5,M11,4.9,28,afternoon,3.3,30.6,13.56,69.1,22.0,62.1,human_error
thread_error,15.8,M05,2.4,5,morning,8.4,39.7,10.45,61.0,26.1,80.0,machine_fault
thread_error,3.6,M06,6.7,14,morning,3.9,39.2,6.49,49.9,28.0,95.9,human_error
hole,15.0,M01,11.9,2,morning,0.1,46.4,15.53,54.6,24.4,91.7,human_error
hole,1.5,M09,3.6,3,morning,5.1,32.7,10.89,61.4,18.7,99.6,machine_fault
objects,1.9,M03,7.5,16,night,4.7,37.7,17.19,52.6,21.5,61.7,machine_fault
thread_error,4.1,M10,2.4,2,morning,3.3,41.5,9.77,41.5,27.5,69.8,human_error
oil_spot,2.7,M01,12.3,23,afternoon,1.9,35.8,15.89,62.6,25.0,71.6,material_issue
objects,2.4,M08,1.9,7,morning,0.7,31.4,14.29,58.1,22.5,68.6,human_error
cut,5.1,M08,8.4,10,afternoon,2.3,41.4,9.18,51.2,26.8,71.4,machine_fault
oil_spot,1.3,M04,8.8,10,afternoon,13.7,30.0,15.98,65.8,25.5,64.0,material_issue
thread_error,2.8,M07,10.4,25,morning,0.5,46.7,12.32,48.6,25.9,69.4,machine_fault
color_defect,26.3,M08,10.7,22,night,1.4,51.7,12.32,54.1,23.2,59.0,human_error
color_defect,6.9,M02,3.4,20,afternoon,6.3,35.6,11.26,41.8,26.2,79.3,material_issue
color_defect,5.1,M11,6.4,5,morning,3.4,29.9,10.43,52.5,23.2,75.3,material_issue
color_defect,8.9,M06,2.7,63,afternoon,8.3,36.7,8.63,77.2,27.6,72.0,material_issue
oil_spot,3.4,M06,4.0,2,night,3.8,31.3,10.87,59.5,25.7,59.9,human_error
objects,4.4,M03,6.7,4,morning,5.1,41.3,10.58,71.9,23.6,85.1,machine_fault
thread_error,8.5,M02,13.9,6,night,4.4,53.2,10.17,43.7,21.2,93.3,human_error
thread_error,8.3,M05,7.4,20,morning,0.1,32.0,10.6,49.1,15.8,81.1,human_error
objects,17.9,M02,9.6,15,morning,1.7,43.1,12.8,59.0,28.8,54.5,human_error
thread_error,6.7,M07,7.5,2,morning,8.8,17.4,15.17,57.3,22.9,87.9,machine_fault
objects,12.5,M06,9.0,7,afternoon,6.6,31.0,9.95,41.0,27.4,69.3,machine_fault
objects,1.6,M07,7.9,95,night,4.0,31.4,4.74,47.1,24.9,66.8,machine_fault
oil_spot,8.7,M08,7.3,5,night,1.8,29.9,10.68,49.2,23.4,76.4,material_issue
color_defect,1.1,M04,1.9,22,morning,8.5,28.2,12.05,62.8,27.6,66.8,material_issue
hole,9.4,M07,4.8,92,afternoon,1.1,47.9,10.94,46.1,23.7,82.0,human_error
color_defect,35.0,M04,1.1,1,night,6.8,39.4,12.37,40.7,25.8,87.6,material_issue
objects,3.7,M06,6.0,43,afternoon,3.9,33.4,12.69,21.3,23.5,58.1,material_issue
objects,19.0,M09,6.6,22,morning,6.9,29.6,6.46,54.7,23.6,88.4,machine_fault
stain,24.3,M02,10.0,1,morning,0.6,42.3,13.29,75.0,21.6,89.6,material_issue
oil_spot,13.2,M09,13.8,47,morning,3.2,35.0,13.53,50.4,16.7,73.3,machine_fault
oil_spot,3.4,M08,7.7,3,night,2.2,25.3,12.61,59.9,26.3,69.5,human_error
hole,1.0,M12,13.2,22,afternoon,12.9,37.8,10.6,51.4,21.1,98.4,machine_fault
stain,2.6,M01,4.9,15,morning,0.8,49.1,13.82,35.2,25.4,52.5,human_error
thread_error,3.3,M05,2.7,12,afternoon,7.1,53.4,9.46,64.9,20.1,77.4,machine_fault
oil_spot,1.1,M05,12.6,19,night,1.1,35.9,12.0,41.9,27.3,79.4,human_error
stain,8.4,M01,7.3,11,morning,0.8,29.2,14.46,45.7,21.9,77.3,human_error
oil_spot,5.0,M09,10.4,8,morning,1.9,31.6,11.4,58.2,24.8,62.6,material_issue
stain,33.4,M02,2.4,1,night,4.3,47.4,12.62,59.8,25.3,57.0,material_issue
stain,1.4,M10,5.2,91,morning,2.9,32.4,15.48,58.8,23.9,100.0,human_error
oil_spot,2.7,M02,12.5,78,morning,1.1,37.6,11.7,63.8,18.3,50.3,material_issue
stain,2.0,M07,10.1,19,afternoon,1.4,45.6,11.06,51.4,18.3,86.7,human_error
objects,28.4,M03,11.8,5,afternoon,9.3,45.5,10.65,52.8,24.3,59.6,machine_fault
cut,3.1,M09,5.9,2,afternoon,0.4,43.6,11.07,72.2,27.1,100.0,human_error
oil_spot,4.9,M10,7.7,6,afternoon,6.0,39.5,14.82,84.7,20.8,60.8,material_issue
oil_spot,7.7,M04,2.7,3,morning,5.4,45.4,12.22,67.2,24.6,88.0,material_issue
hole,15.8,M09,7.4,18,morning,1.4,40.3,7.35,49.0,23.2,69.6,machine_fault
hole,1.4,M02,4.5,3,morning,1.1,30.4,12.63,62.1,22.7,64.3,machine_fault
oil_spot,8.4,M10,4.1,10,afternoon,8.4,45.6,5.93,53.8,24.3,52.3,material_issue
cut,16.0,M12,11.0,3,night,0.7,31.5,11.18,66.7,23.6,64.6,human_error
objects,1.9,M03,3.8,87,afternoon,4.8,32.3,10.73,51.3,20.9,89.8,machine_fault
thread_error,2.5,M08,1.2,18,afternoon,1.5,27.9,16.94,44.8,24.2,80.6,human_error
color_defect,12.5,M12,5.2,4,morning,3.3,35.6,12.07,56.4,26.2,75.9,material_issue
stain,2.3,M07,3.0,9,morning,0.6,42.9,13.15,66.0,23.1,65.1,human_error
thread_error,5.3,M04,8.4,19,night,1.4,45.9,9.8,40.9,25.2,66.2,human_error
objects,14.9,M05,2.5,5,afternoon,6.4,18.2,10.32,44.7,22.4,83.4,machine_fault
stain,8.2,M01,1.3,23,morning,6.8,30.7,13.65,52.4,17.9,51.2,human_error
cut,4.5,M07,12.0,65,afternoon,2.9,36.3,9.13,58.9,20.9,62.2,machine_fault
hole,3.6,M04,10.0,50,afternoon,0.9,40.5,10.88,38.0,30.8,72.5,material_issue
oil_spot,6.9,M07,13.2,14,morning,0.9,39.0,15.03,37.1,23.5,79.2,material_issue
thread_error,8.8,M11,8.2,35,afternoon,0.3,25.0,12.54,55.4,25.6,88.2,machine_fault
hole,6.3,M12,14.5,1,morning,0.3,30.2,13.04,56.7,21.3,99.3,human_error
oil_spot,28.4,M04,0.7,43,morning,0.2,46.6,16.7,61.6,25.8,77.0,human_error
cut,9.0,M11,1.3,14,night,1.0,40.4,11.72,32.0,21.1,88.4,human_error
objects,2.9,M02,1.6,6,morning,3.9,35.4,10.16,58.5,25.7,84.4,human_error
color_defect,3.2,M06,12.8,19,morning,2.2,32.6,13.89,49.9,19.5,86.4,material_issue
oil_spot,24.2,M05,14.7,24,morning,0.1,39.2,10.08,55.6,19.9,85.3,human_error
objects,2.7,M11,12.6,2,night,10.9,34.9,12.7,78.2,27.6,83.8,material_issue
oil_spot,14.4,M10,14.9,26,morning,7.5,31.2,11.78,68.3,21.7,80.9,material_issue
cut,12.2,M06,6.8,5,night,0.5,25.8,14.15,32.3,23.3,57.6,human_error
oil_spot,4.2,M07,8.4,74,morning,0.9,32.9,12.62,43.8,25.3,76.8,machine_fault
thread_error,3.5,M07,4.1,17,afternoon,0.7,38.8,10.01,52.9,24.3,77.0,human_error
oil_spot,14.9,M04,4.4,77,morning,4.7,29.0,8.76,59.4,23.0,69.7,material_issue
stain,14.9,M01,4.5,5,night,7.9,32.8,12.58,45.8,26.1,61.2,material_issue
thread_error,7.3,M06,13.7,69,morning,1.0,27.9,12.14,78.8,19.4,44.1,machine_fault
color_defect,3.2,M01,5.7,3,night,2.0,44.2,7.21,67.0,27.5,91.7,human_error
stain,7.3,M11,2.1,25,night,3.8,42.7,13.98,52.9,23.6,100.0,human_error
color_defect,5.3,M10,3.2,16,afternoon,3.0,19.0,9.08,49.7,25.6,88.4,material_issue
stain,45.2,M09,2.1,4,afternoon,7.6,31.6,14.61,56.4,21.7,92.3,material_issue
hole,1.7,M01,1.9,7,afternoon,1.1,23.1,12.56,63.6,24.8,80.9,human_error
objects,8.4,M02,11.5,23,morning,0.5,23.1,10.12,36.3,25.3,87.6,material_issue
cut,2.0,M08,9.9,6,morning,5.3,35.4,13.8,35.0,20.9,100.0,material_issue
hole,1.2,M02,3.6,6,morning,1.7,28.4,14.9,69.7,26.8,82.9,machine_fault
thread_error,1.2,M10,12.8,53,afternoon,0.6,24.9,8.27,72.2,23.2,84.5,machine_fault
color_defect,10.1,M08,12.4,20,morning,4.2,33.2,13.88,49.1,26.7,100.0,human_error
hole,2.1,M04,3.1,12,morning,0.6,44.1,14.06,51.6,22.8,72.8,human_error
thread_error,6.7,M11,8.8,11,afternoon,0.2,19.9,11.84,57.7,23.7,66.6,human_error
stain,5.5,M09,6.2,8,night,0.2,43.8,9.07,33.2,29.6,54.1,human_error
stain,8.8,M05,9.8,0,afternoon,0.1,26.7,9.83,36.6,20.2,52.9,material_issue
oil_spot,2.4,M10,4.1,0,afternoon,2.4,42.2,12.38,56.0,24.9,72.0,human_error
oil_spot,12.8,M04,13.2,24,afternoon,5.3,25.2,7.71,63.4,24.3,80.9,material_issue
objects,1.3,M12,5.8,12,morning,1.7,41.6,12.8,59.8,22.9,70.8,human_error
color_defect,4.2,M09,11.4,54,morning,7.2,41.1,12.98,48.0,27.4,63.9,machine_fault
stain,13.9,M11,7.6,6,night,2.0,28.2,13.68,62.8,28.0,72.2,material_issue
thread_error,2.9,M07,10.7,15,afternoon,1.4,32.0,12.19,56.2,23.4,58.0,human_error
color_defect,39.1,M11,9.1,5,morning,2.5,29.5,16.48,59.9,26.3,76.9,material_issue
objects,2.4,M09,12.9,3,morning,2.4,28.2,15.64,72.2,21.3,85.1,human_error
thread_error,3.2,M07,9.1,13,night,5.5,22.1,18.07,53.5,24.7,65.9,human_error
hole,18.4,M12,5.1,94,afternoon,0.6,37.4,11.35,36.3,19.7,78.3,machine_fault
cut,11.7,M03,5.5,2,afternoon,5.2,37.3,9.37,50.5,24.3,96.8,human_error
color_defect,1.8,M02,3.8,5,night,2.0,41.2,15.75,66.2,20.1,90.5,human_error
stain,2.0,M02,14.6,8,afternoon,9.4,42.4,16.01,48.8,23.5,89.5,material_issue
oil_spot,13.5,M02,5.0,43,morning,5.5,45.3,12.33,49.0,23.0,90.0,human_error
oil_spot,1.9,M06,8.6,0,night,9.3,53.4,15.21,42.6,26.7,85.3,material_issue
cut,4.8,M12,5.7,8,afternoon,4.5,31.9,13.67,68.8,30.7,100.0,human_error
objects,18.6,M04,10.5,12,night,2.3,39.5,11.23,53.1,24.5,44.2,human_error
objects,12.5,M02,12.7,14,night,0.8,37.3,12.11,66.2,22.0,66.4,human_error
objects,32.0,M01,5.4,9,night,0.3,33.4,14.67,73.0,25.4,82.9,human_error
hole,3.0,M04,5.0,7,morning,1.5,36.0,11.77,41.1,22.9,35.3,material_issue
color_defect,10.1,M03,4.1,4,morning,2.2,33.1,9.38,60.0,21.2,78.8,human_error
color_defect,3.7,M08,2.4,7,afternoon,4.5,28.9,14.75,71.1,23.9,69.8,human_error
thread_error,21.8,M07,6.1,15,night,1.2,28.6,9.81,46.0,23.1,60.3,human_error
color_defect,16.3,M07,3.7,24,morning,5.4,26.4,14.08,63.5,19.9,82.2,human_error
color_defect,14.1,M02,13.5,0,night,2.6,32.3,12.67,36.9,21.9,64.8,human_error
objects,2.2,M04,7.6,21,morning,0.8,47.4,7.97,54.3,19.1,39.3,human_error
oil_spot,5.2,M03,3.7,0,night,15.7,32.8,11.82,64.3,25.6,65.8,material_issue
stain,6.8,M03,7.9,14,night,5.6,28.5,9.04,50.9,24.0,85.7,human_error
color_defect,5.9,M01,13.7,6,morning,2.1,35.2,9.14,68.4,25.9,63.6,material_issue
color_defect,21.4,M04,8.5,23,afternoon,0.5,41.0,10.53,68.1,25.1,39.9,material_issue
cut,8.9,M04,2.1,14,night,1.6,40.0,11.57,52.1,23.5,93.6,human_error
thread_error,20.9,M12,11.3,0,afternoon,0.9,26.4,14.79,50.6,26.5,52.9,machine_fault
hole,1.6,M05,11.3,0,night,1.7,38.1,11.15,48.8,24.8,80.3,human_error
cut,1.2,M10,7.8,8,night,14.7,24.1,17.34,62.8,20.5,92.0,human_error
color_defect,10.4,M09,9.9,10,afternoon,0.2,32.2,12.57,44.6,23.3,77.7,human_error
thread_error,6.6,M03,0.9,4,morning,0.3,33.4,11.85,37.8,24.8,82.4,machine_fault
thread_error,7.9,M06,14.3,25,night,15.8,36.0,12.54,42.3,27.8,77.6,machine_fault
hole,1.6,M05,3.1,17,afternoon,2.7,24.9,12.13,82.8,21.6,34.1,material_issue
stain,9.9,M12,13.0,3,morning,2.4,47.9,6.72,60.2,25.4,79.3,human_error
color_defect,27.6,M07,3.7,37,afternoon,6.9,36.8,11.89,19.6,28.8,82.4,material_issue
stain,13.9,M05,3.1,8,night,0.6,44.8,16.35,50.7,21.7,55.3,human_error
thread_error,4.7,M01,3.1,0,night,3.2,28.8,11.06,89.1,18.6,45.0,human_error
cut,6.0,M06,0.7,6,afternoon,0.8,33.9,7.2,44.0,23.5,72.7,human_error
color_defect,3.3,M05,8.0,2,night,1.2,23.2,11.46,74.6,23.9,47.6,human_error
hole,2.2,M06,10.5,16,morning,4.9,19.5,17.9,82.2,24.6,55.9,machine_fault
stain,6.1,M10,3.0,28,night,8.5,43.2,12.76,58.2,22.5,74.9,material_issue
color_defect,4.0,M12,0.9,22,night,10.8,32.1,13.92,46.0,24.5,68.9,human_error
hole,11.3,M04,7.2,69,morning,3.9,29.7,11.7,71.4,23.9,81.8,machine_fault
objects,35.4,M06,12.3,33,afternoon,2.5,32.7,14.39,49.3,22.0,100.0,machine_fault
cut,6.7,M03,8.0,0,morning,0.4,37.4,10.53,57.3,23.6,73.6,human_error
thread_error,20.8,M06,6.8,28,morning,0.2,31.4,15.83,54.2,27.5,81.4,human_error
cut,2.5,M09,6.8,35,afternoon,7.1,28.1,13.7,51.3,25.9,34.1,material_issue
stain,12.7,M11,12.1,16,night,4.0,43.8,15.09,77.4,22.5,64.2,material_issue
thread_error,3.2,M02,10.7,3,afternoon,0.4,34.2,8.66,43.8,25.2,67.1,material_issue
oil_spot,8.2,M08,0.8,23,night,5.0,34.2,11.0,67.6,22.8,68.2,material_issue
thread_error,5.4,M09,13.4,33,night,2.5,34.9,10.6,67.0,27.5,99.1,machine_fault
cut,2.5,M06,1.8,1,night,1.2,23.5,17.24,59.6,27.5,85.2,human_error
stain,2.6,M07,14.3,55,morning,0.8,30.8,14.55,56.4,23.5,67.4,human_error
color_defect,3.2,M08,9.2,51,night,1.4,41.9,13.84,58.6,28.0,78.0,human_error
stain,5.7,M06,3.5,6,afternoon,0.5,36.9,10.64,73.8,22.1,78.7,material_issue
color_defect,4.3,M06,9.7,16,morning,1.4,53.4,11.69,52.2,17.6,74.5,human_error
hole,34.8,M02,3.0,11,morning,2.0,36.7,12.41,63.0,22.5,49.0,machine_fault
thread_error,8.9,M06,3.0,39,afternoon,2.1,48.3,15.14,48.3,23.5,80.2,human_error
hole,1.6,M12,6.2,14,night,14.5,28.3,10.27,56.4,21.6,74.4,machine_fault
cut,5.8,M05,5.3,40,afternoon,1.0,36.5,11.08,71.5,22.3,45.1,material_issue
hole,2.3,M09,10.5,47,night,0.1,32.2,12.93,53.0,22.2,69.3,machine_fault
color_defect,8.1,M06,8.0,17,afternoon,4.8,31.3,16.29,59.5,21.1,84.5,material_issue
oil_spot,20.5,M05,10.0,6,afternoon,7.5,37.6,6.82,68.5,26.4,78.8,material_issue
hole,4.4,M02,6.9,16,morning,2.1,44.4,11.65,61.7,28.3,58.8,human_error
color_defect,1.9,M12,13.3,24,morning,2.3,33.2,11.41,54.3,23.8,67.5,material_issue
cut,1.1,M04,9.1,53,night,4.5,25.9,13.57,52.5,21.1,86.6,human_error
color_defect,2.2,M07,8.9,14,morning,2.7,31.3,13.39,51.4,25.9,100.0,human_error
thread_error,10.6,M11,10.0,2,night,6.0,39.8,9.62,40.4,25.2,65.5,human_error
objects,10.6,M03,9.5,30,morning,8.5,44.3,13.03,37.3,24.7,42.5,material_issue
cut,17.7,M12,7.5,11,morning,17.3,34.4,7.58,40.9,23.0,70.0,material_issue
cut,1.4,M10,8.5,30,morning,2.1,35.7,11.46,61.7,18.5,72.2,human_error
oil_spot,4.5,M03,6.2,37,night,3.9,27.6,9.53,58.3,20.3,47.8,human_error
hole,33.3,M10,12.2,67,afternoon,6.1,53.0,13.48,54.6,24.8,68.2,machine_fault
thread_error,18.7,M04,8.9,14,night,10.8,38.8,9.71,50.6,24.1,69.8,machine_fault
color_defect,8.5,M11,6.8,12,afternoon,0.4,36.0,8.47,26.5,28.4,76.4,material_issue
hole,19.1,M06,13.9,8,afternoon,16.0,47.1,4.58,61.1,26.2,92.2,human_error
objects,3.0,M10,8.1,15,morning,2.4,29.3,15.95,57.1,20.0,86.8,machine_fault
oil_spot,3.0,M02,3.8,0,afternoon,0.6,45.4,9.11,64.6,23.3,90.2,material_issue
cut,5.2,M06,12.4,4,afternoon,2.7,32.4,13.58,54.0,26.2,57.0,human_error
thread_error,8.2,M11,8.7,43,afternoon,4.2,30.3,8.42,63.3,25.0,59.3,machine_fault
cut,11.5,M08,7.3,39,afternoon,4.6,44.1,12.73,62.0,19.0,80.6,human_error
oil_spot,1.3,M07,6.6,4,afternoon,1.9,41.8,13.85,51.5,24.2,78.0,material_issue
stain,2.7,M08,7.7,1,night,1.3,29.7,9.78,45.8,24.3,89.5,material_issue
thread_error,2.0,M06,6.2,1,morning,0.8,33.4,12.16,59.7,18.6,80.9,human_error
objects,3.3,M02,11.8,5,afternoon,1.6,51.4,12.27,73.8,29.5,70.2,machine_fault
cut,21.1,M09,13.7,9,night,4.2,26.6,15.43,45.8,21.9,83.9,human_error
hole,7.2,M04,1.1,11,afternoon,2.2,32.0,14.05,58.0,23.1,57.9,machine_fault
cut,7.3,M06,6.8,8,afternoon,3.7,35.0,12.09,48.8,22.7,76.1,human_error
objects,5.1,M06,5.5,93,morning,5.7,46.4,11.43,63.6,27.4,52.8,machine_fault
hole,6.6,M10,10.4,5,afternoon,5.5,28.5,12.31,48.4,22.1,81.5,material_issue
objects,4.6,M01,10.7,4,afternoon,1.3,32.6,12.5,50.7,26.1,72.4,machine_fault
hole,11.1,M10,9.3,32,morning,2.6,33.1,14.57,50.3,24.1,81.3,human_error
thread_error,5.6,M11,7.7,40,night,0.4,34.4,14.47,47.6,25.3,57.8,human_error
oil_spot,5.0,M01,9.5,3,night,10.8,39.4,8.67,47.8,24.1,66.0,material_issue
color_defect,2.2,M04,3.6,16,morning,2.4,50.6,15.23,47.2,23.4,72.6,human_error
stain,6.3,M07,6.3,3,night,1.0,26.4,12.19,86.6,20.6,63.8,human_error
cut,6.1,M05,13.5,1,afternoon,3.4,35.1,10.64,40.3,25.3,87.5,human_error
thread_error,61.2,M02,0.9,29,morning,0.1,27.5,9.69,61.8,26.6,100.0,human_error
thread_error,5.7,M05,10.7,38,night,0.9,51.1,12.11,61.9,19.6,62.6,human_error
cut,11.0,M03,2.8,0,morning,3.5,30.6,13.2,58.5,22.6,78.6,human_error
stain,13.3,M08,2.9,6,afternoon,1.3,38.6,10.55,58.4,19.8,89.5,human_error
thread_error,3.7,M06,1.8,0,morning,2.1,30.4,10.86,57.2,20.1,85.1,human_error
color_defect,4.9,M04,4.3,36,afternoon,2.1,34.7,13.18,27.9,28.0,100.0,human_error
oil_spot,9.2,M07,3.2,33,morning,6.4,23.7,12.2,63.4,27.8,82.5,material_issue
thread_error,9.4,M09,4.8,4,afternoon,1.1,22.1,15.16,46.9,28.1,36.6,human_error
oil_spot,19.0,M11,6.2,15,morning,5.4,31.0,5.78,54.7,24.2,57.3,human_error
objects,16.2,M05,9.6,9,night,2.6,30.4,8.68,47.8,24.7,85.1,human_error
thread_error,2.5,M04,12.7,0,morning,5.7,46.1,13.06,52.1,25.0,100.0,machine_fault
thread_error,5.0,M05,9.0,24,afternoon,7.2,28.5,11.86,45.3,28.7,86.9,machine_fault
color_defect,1.4,M10,7.6,20,night,1.9,39.2,15.54,53.0,26.1,85.8,human_error
oil_spot,18.6,M08,3.2,19,afternoon,2.7,35.9,11.18,60.9,26.3,68.2,material_issue
color_defect,3.0,M05,9.7,14,morning,0.6,20.9,13.09,48.6,19.8,74.0,material_issue
thread_error,1.4,M07,3.9,11,night,0.8,17.7,13.2,50.5,24.1,70.7,human_error
hole,8.2,M01,3.6,24,night,3.3,29.7,12.43,50.0,26.1,78.5,human_error
thread_error,4.0,M11,1.0,24,morning,7.9,35.4,8.93,43.0,30.8,68.7,machine_fault
hole,9.1,M10,7.8,4,afternoon,8.1,24.9,12.46,49.4,27.4,87.8,material_issue
thread_error,8.6,M05,1.3,29,afternoon,0.3,28.2,12.04,59.0,29.0,55.4,machine_fault
objects,1.2,M12,1.6,8,afternoon,2.8,36.8,8.64,34.5,19.7,69.3,material_issue
cut,10.4,M10,5.8,20,morning,3.3,38.4,12.82,51.6,21.6,70.1,human_error
stain,2.8,M02,14.9,33,afternoon,0.3,35.6,12.28,48.5,19.9,71.7,material_issue
hole,3.2,M06,14.9,6,afternoon,3.6,51.8,11.65,61.4,23.5,90.2,machine_fault
objects,22.1,M01,6.7,29,afternoon,1.4,41.5,13.62,47.3,21.1,54.5,machine_fault
stain,20.4,M11,11.2,26,morning,9.0,50.7,10.27,47.3,23.9,49.9,material_issue
objects,7.7,M04,7.8,12,morning,0.1,29.9,12.4,40.2,29.7,69.2,human_error
cut,7.8,M10,1.7,0,afternoon,4.9,37.7,9.72,58.8,24.0,88.9,human_error
cut,4.7,M03,8.2,6,night,2.7,34.3,15.06,43.8,27.7,74.5,human_error
hole,8.4,M04,9.7,3,afternoon,9.2,38.8,9.55,50.4,20.0,100.0,machine_fault
thread_error,5.7,M05,11.6,36,morning,0.9,30.9,14.86,32.7,23.5,98.6,machine_fault
objects,1.1,M07,1.3,19,afternoon,0.9,30.3,14.34,64.6,24.5,89.6,human_error
thread_error,8.8,M08,3.9,46,morning,4.6,28.2,12.15,57.1,18.5,81.8,machine_fault
hole,11.7,M10,0.9,4,afternoon,2.2,35.8,10.66,45.4,24.3,64.6,human_error
color_defect,12.1,M11,1.2,13,afternoon,2.0,40.6,10.1,56.4,16.9,55.0,material_issue
cut,9.8,M04,10.7,22,afternoon,0.6,32.9,14.97,54.0,23.8,100.0,human_error
cut,3.1,M10,8.5,1,morning,0.8,45.8,15.85,35.7,25.0,63.3,material_issue
hole,7.4,M02,2.1,19,afternoon,2.0,27.5,14.96,47.5,27.4,83.1,machine_fault
oil_spot,8.0,M03,9.4,40,afternoon,1.1,44.8,15.83,49.7,25.3,67.0,human_error
stain,7.6,M01,10.4,24,night,0.3,37.5,12.97,45.3,24.4,60.9,human_error
thread_error,1.4,M04,7.1,2,night,3.3,34.9,14.34,63.4,24.4,58.7,human_error
oil_spot,6.5,M12,6.9,3,afternoon,0.7,33.5,12.71,64.3,22.6,68.6,material_issue
objects,2.5,M12,12.1,51,night,1.7,33.7,11.85,60.8,30.3,88.3,machine_fault
hole,5.5,M01,7.7,10,morning,0.7,41.1,7.16,50.4,31.7,88.3,machine_fault
stain,7.9,M10,3.9,6,morning,0.9,32.1,10.93,64.1,26.0,52.0,human_error
color_defect,10.3,M04,6.5,15,morning,1.4,34.6,7.37,68.2,18.0,90.5,human_error
hole,3.0,M06,2.5,0,night,10.2,31.6,10.24,57.7,25.3,55.4,material_issue
cut,8.6,M11,9.2,5,afternoon,2.0,34.3,10.91,52.3,25.4,68.0,human_error
hole,24.5,M01,11.3,16,morning,1.0,36.5,16.55,45.5,24.1,94.8,human_error
color_defect,8.5,M05,11.4,67,night,1.0,36.9,16.4,47.6,22.3,87.9,human_error
stain,10.7,M09,14.8,31,night,13.8,50.4,11.74,53.2,21.1,75.4,machine_fault
objects,19.1,M02,3.5,40,afternoon,5.6,17.7,14.2,59.2,27.9,61.8,machine_fault
hole,4.6,M11,8.7,28,night,3.0,45.8,13.63,60.7,25.8,69.0,human_error
stain,3.3,M02,3.4,1,morning,1.2,38.9,12.19,48.4,21.7,76.5,material_issue
hole,9.3,M06,9.9,58,morning,3.6,27.9,15.97,25.5,23.6,92.6,machine_fault
color_defect,3.1,M05,5.3,12,night,0.2,32.3,9.21,46.6,20.5,55.8,human_error
color_defect,5.5,M04,7.8,15,night,1.9,34.0,14.17,56.9,24.3,73.3,human_error
objects,3.8,M02,3.3,44,night,2.6,36.5,11.37,43.0,28.1,100.0,machine_fault
stain,3.9,M07,11.8,16,afternoon,1.6,38.8,14.76,49.8,19.7,77.7,human_error
stain,4.9,M06,10.8,39,night,1.1,33.7,8.7,59.2,26.2,66.1,human_error
stain,2.0,M05,14.9,22,night,6.0,25.6,12.33,67.0,18.6,69.2,material_issue
color_defect,32.5,M03,10.5,8,night,0.4,12.7,11.78,68.7,19.9,81.0,human_error
thread_error,22.5,M09,8.0,0,night,0.6,32.3,12.78,66.7,21.0,60.6,human_error
cut,1.8,M09,4.9,4,afternoon,2.3,47.8,9.46,52.3,24.3,60.6,human_error
color_defect,1.7,M01,9.2,10,morning,3.3,31.1,14.59,63.7,24.3,88.9,human_error
oil_spot,12.8,M08,13.7,25,afternoon,3.5,44.4,13.29,46.3,25.2,83.7,material_issue
color_defect,16.0,M11,10.1,22,morning,4.8,32.1,11.36,47.7,29.6,81.0,material_issue
stain,10.7,M05,1.1,13,morning,12.0,30.4,13.37,70.1,22.3,91.4,material_issue
color_defect,6.7,M06,4.9,44,night,1.8,24.3,16.3,74.7,23.3,100.0,human_error
stain,2.6,M04,6.4,6,morning,6.3,45.4,10.17,53.2,25.6,70.8,material_issue
color_defect,3.3,M01,11.6,49,morning,2.2,34.1,9.4,55.8,20.7,80.7,machine_fault
thread_error,17.9,M06,9.4,3,afternoon,2.6,38.6,11.9,71.2,25.1,52.8,material_issue
hole,4.4,M01,13.6,7,afternoon,4.9,37.7,15.64,60.1,23.7,97.2,machine_fault
cut,3.9,M06,8.1,22,morning,3.7,51.9,8.94,67.3,21.0,65.7,human_error
objects,1.2,M05,6.2,5,morning,4.7,37.1,12.6,52.8,26.5,71.6,machine_fault
thread_error,7.7,M05,12.6,3,afternoon,1.0,34.7,10.09,61.4,21.7,64.2,machine_fault
objects,28.1,M07,1.7,7,afternoon,3.1,44.9,10.64,54.1,22.4,98.1,machine_fault
stain,11.0,M08,2.9,10,morning,0.4,19.9,10.03,50.5,21.9,69.9,human_error
stain,8.0,M04,13.9,16,morning,3.2,23.8,12.93,25.3,18.7,54.0,material_issue
cut,1.1,M05,5.1,6,afternoon,13.1,56.7,14.83,68.9,25.5,79.1,human_error
cut,2.0,M06,6.7,5,morning,16.9,38.6,6.39,56.1,27.6,79.1,human_error
hole,1.3,M03,1.6,10,morning,2.9,37.5,11.34,40.7,23.5,79.9,human_error
objects,3.5,M05,12.8,0,afternoon,4.8,51.0,13.29,49.6,27.4,71.4,human_error
stain,10.2,M04,10.0,11,afternoon,0.2,38.6,9.16,69.8,25.9,98.4,material_issue
objects,25.0,M10,8.1,8,afternoon,1.1,35.7,10.54,42.7,22.4,69.9,machine_fault
thread_error,5.0,M03,7.5,17,afternoon,5.3,21.8,13.21,58.8,20.8,61.2,material_issue
thread_error,23.6,M06,12.4,20,morning,7.5,27.1,1.95,43.7,22.9,74.1,machine_fault
hole,11.1,M11,3.6,0,night,0.6,37.8,14.25,48.1,22.6,86.9,human_error
objects,18.3,M01,11.4,19,afternoon,3.9,33.8,11.88,63.1,23.5,64.3,machine_fault
hole,9.8,M11,8.4,13,afternoon,1.5,30.3,13.27,62.9,27.4,72.0,machine_fault
oil_spot,5.2,M12,9.0,13,morning,5.2,39.5,14.82,61.3,23.4,49.6,material_issue
thread_error,7.3,M10,11.6,26,night,0.1,54.6,14.6,66.5,25.1,75.0,human_error
cut,2.3,M11,1.8,1,night,2.3,36.7,12.66,46.8,19.9,73.9,human_error
color_defect,10.9,M08,10.1,11,morning,5.6,43.5,10.36,64.2,29.3,56.9,material_issue
thread_error,10.2,M11,5.8,24,morning,1.8,41.1,8.06,57.1,20.3,75.7,machine_fault
stain,11.3,M07,2.6,3,morning,9.3,49.8,12.95,60.8,25.6,84.2,material_issue
oil_spot,25.0,M05,8.0,20,afternoon,3.0,49.9,12.16,44.6,23.4,84.9,machine_fault
stain,1.2,M04,1.5,47,morning,9.2,38.7,12.84,60.4,20.0,91.5,material_issue
color_defect,1.9,M08,13.3,15,night,1.4,49.9,10.9,51.6,27.6,60.6,human_error
cut,23.0,M08,13.4,14,afternoon,0.2,29.0,12.25,60.7,19.1,79.0,human_error
hole,13.7,M12,14.8,28,afternoon,5.7,27.5,9.53,65.3,25.1,74.1,machine_fault
oil_spot,1.7,M11,9.0,18,afternoon,7.5,31.5,9.29,35.5,25.9,90.8,material_issue
objects,6.1,M11,1.1,14,morning,0.3,37.3,13.03,60.8,20.4,78.7,human_error
oil_spot,11.5,M11,1.4,31,afternoon,1.5,33.6,8.88,45.1,21.4,75.6,material_issue
cut,2.8,M01,2.2,40,night,0.3,37.9,11.7,57.8,22.0,56.3,human_error
cut,2.4,M10,12.5,23,afternoon,1.1,33.5,16.19,66.1,22.1,80.6,human_error
thread_error,1.8,M11,10.0,31,morning,12.3,31.3,13.96,62.0,23.0,100.0,machine_fault
cut,5.4,M04,3.6,16,afternoon,3.6,35.6,11.44,70.9,24.3,88.7,material_issue
cut,8.6,M04,11.3,40,morning,4.3,29.3,13.49,46.1,23.1,94.1,machine_fault
stain,12.4,M09,12.6,30,morning,1.1,49.2,12.87,58.8,26.6,57.4,material_issue
oil_spot,37.9,M06,4.1,6,afternoon,0.7,35.8,13.87,21.2,22.8,69.3,material_issue
thread_error,3.9,M09,0.8,51,morning,3.4,38.0,12.91,44.7,27.9,77.4,machine_fault
hole,3.1,M04,11.8,31,morning,3.0,36.1,12.14,64.2,22.7,75.6,machine_fault
thread_error,19.6,M12,5.6,1,night,5.2,36.9,13.04,61.4,26.1,58.9,machine_fault
color_defect,5.2,M10,8.4,6,morning,3.0,38.6,10.75,87.3,22.3,68.5,material_issue
objects,1.2,M09,3.5,56,afternoon,0.2,33.6,11.79,53.2,21.1,59.6,human_error
cut,7.7,M07,5.8,5,morning,5.2,30.8,11.79,56.2,25.1,70.6,human_error
hole,10.1,M01,14.5,9,afternoon,4.4,38.8,14.94,43.8,28.4,53.9,human_error
hole,7.3,M01,5.3,12,morning,0.2,26.7,9.38,52.2,21.2,67.3,human_error
stain,2.7,M05,13.2,11,morning,1.9,28.5,13.96,36.4,23.0,61.9,material_issue
color_defect,7.5,M07,14.3,18,night,2.0,38.0,12.81,48.4,24.8,80.3,human_error
oil_spot,1.2,M07,7.8,18,morning,6.1,37.9,8.94,32.9,21.5,96.6,material_issue
objects,4.6,M10,6.1,45,morning,1.4,19.8,13.35,51.7,15.8,76.1,machine_fault
thread_error,11.1,M07,2.3,5,morning,1.8,45.3,10.82,55.3,17.9,55.2,human_error
objects,1.8,M02,13.3,16,afternoon,8.3,38.1,15.03,50.1,28.7,64.4,machine_fault
cut,4.9,M06,9.0,18,night,2.8,49.3,12.19,84.7,23.9,71.8,human_error
cut,3.3,M08,7.5,8,afternoon,0.8,45.5,9.73,46.5,21.5,64.3,human_error
objects,6.1,M12,9.1,9,afternoon,3.4,52.9,11.73,57.0,20.0,48.4,human_error
oil_spot,2.0,M06,11.3,13,morning,0.6,27.8,14.09,68.4,22.6,54.1,material_issue
color_defect,1.3,M06,1.3,18,morning,5.7,40.2,10.47,62.3,21.5,88.3,material_issue
thread_error,6.1,M01,9.8,3,night,4.9,41.0,13.81,40.5,27.0,60.0,machine_fault
objects,1.7,M07,1.6,50,afternoon,2.0,52.8,13.52,52.6,23.8,68.7,human_error
cut,2.4,M03,14.0,15,afternoon,9.1,31.7,10.64,30.8,24.4,79.5,material_issue
thread_error,5.4,M01,14.2,9,morning,2.0,31.7,10.65,47.4,24.5,100.0,machine_fault
color_defect,17.2,M11,5.5,0,morning,8.8,28.4,13.1,65.9,24.6,63.0,material_issue
cut,1.6,M09,14.0,53,morning,10.2,12.8,17.18,49.3,31.3,80.7,material_issue
thread_error,2.2,M08,1.8,2,night,4.0,27.8,9.59,37.7,29.1,64.7,material_issue
cut,6.4,M02,10.6,31,morning,5.3,40.4,14.32,62.8,20.1,58.1,machine_fault
thread_error,1.9,M12,11.8,16,night,2.4,42.3,13.67,68.9,23.9,41.2,machine_fault
thread_error,9.7,M11,5.7,3,afternoon,12.9,45.2,15.85,44.7,24.3,85.1,machine_fault
objects,3.5,M08,14.9,17,morning,2.5,35.1,16.39,45.2,23.2,61.6,human_error
hole,6.7,M01,12.0,5,morning,6.1,28.0,13.44,46.7,27.3,62.5,machine_fault
color_defect,8.5,M12,8.9,20,morning,5.3,31.9,11.99,68.7,25.1,63.8,human_error
thread_error,5.9,M06,7.5,12,afternoon,3.2,42.2,12.81,54.7,29.0,100.0,machine_fault
color_defect,3.2,M02,3.5,17,morning,1.2,27.3,11.06,47.5,26.6,64.3,human_error
oil_spot,7.3,M12,1.1,4,night,0.4,32.9,12.73,56.4,27.4,86.4,human_error
hole,6.7,M12,9.1,40,morning,2.7,34.7,13.41,45.8,20.2,76.5,machine_fault
color_defect,5.3,M06,1.4,18,morning,6.4,42.0,12.83,51.2,24.7,94.7,material_issue
stain,22.4,M04,5.6,8,morning,1.1,41.7,12.57,43.7,22.3,82.5,material_issue
oil_spot,5.2,M12,7.5,18,morning,2.6,28.5,16.75,48.7,29.8,56.3,human_error
oil_spot,8.9,M12,11.0,6,afternoon,19.4,31.5,14.0,53.1,18.3,49.3,material_issue
objects,7.5,M12,11.8,13,night,0.8,33.4,12.86,53.3,21.2,54.8,human_error
color_defect,19.3,M09,1.6,16,afternoon,0.1,28.7,9.6,58.4,21.5,62.8,human_error
stain,2.4,M03,0.9,11,afternoon,1.5,23.5,11.49,42.6,27.0,83.7,material_issue
cut,19.8,M01,7.0,21,night,1.2,51.9,12.44,34.5,25.2,67.1,human_error
hole,47.0,M08,0.9,50,afternoon,0.9,23.3,12.72,57.7,19.7,94.3,human_error
objects,23.7,M08,9.6,5,afternoon,6.6,34.5,12.27,40.4,24.4,61.6,machine_fault
color_defect,2.4,M03,10.6,43,afternoon,4.1,48.6,9.75,48.5,16.7,69.1,human_error
stain,23.8,M01,2.2,3,morning,9.9,29.4,14.75,57.6,21.7,78.2,material_issue
cut,5.4,M04,13.5,17,afternoon,5.0,26.7,7.86,53.0,25.1,89.2,human_error
oil_spot,7.0,M01,11.7,6,morning,1.5,30.8,12.44,41.6,23.9,68.5,human_error
hole,14.4,M05,2.0,23,morning,0.4,38.5,12.72,65.5,25.9,76.4,human_error
objects,3.4,M07,13.9,2,morning,0.1,28.0,10.22,54.9,22.1,62.8,machine_fault
objects,5.0,M07,2.8,22,night,0.8,27.9,12.95,40.5,23.9,65.9,human_error
hole,4.3,M04,10.6,55,morning,0.8,46.6,16.21,52.8,24.0,86.0,machine_fault
stain,6.2,M08,10.1,93,night,5.5,37.8,11.32,66.9,24.2,68.0,material_issue
stain,25.0,M07,13.4,12,night,7.4,35.5,16.64,72.6,26.8,86.3,material_issue
stain,2.1,M08,8.4,42,afternoon,0.3,38.7,14.27,59.0,22.9,83.3,human_error
thread_error,4.8,M07,6.9,1,night,8.1,28.9,13.61,69.3,28.0,80.1,machine_fault
cut,7.1,M09,13.7,34,afternoon,2.0,29.8,8.68,42.6,24.6,84.9,human_error
oil_spot,1.0,M12,12.3,7,afternoon,5.6,46.0,11.56,66.5,22.9,100.0,material_issue
stain,2.0,M02,9.4,33,afternoon,6.2,27.8,13.98,41.3,23.4,70.9,material_issue
cut,12.2,M08,10.8,7,morning,0.1,42.0,11.71,43.5,22.2,65.0,human_error
objects,11.5,M04,6.0,17,morning,0.3,49.4,10.41,32.9,29.3,82.7,machine_fault
objects,29.2,M01,3.1,16,afternoon,0.5,25.0,11.67,81.7,22.5,58.7,material_issue
objects,1.2,M03,12.4,9,morning,1.8,35.8,8.27,67.8,25.8,66.0,human_error
objects,1.1,M09,1.9,10,morning,4.6,27.1,11.05,40.6,22.0,72.0,human_error
thread_error,3.6,M09,3.2,30,night,6.8,28.5,15.0,61.9,23.8,86.9,machine_fault
objects,2.5,M09,10.9,16,night,2.2,34.1,8.73,59.2,19.4,73.7,human_error
cut,21.4,M03,2.7,8,morning,5.1,34.6,9.82,57.0,27.4,72.5,human_error
color_defect,9.5,M08,10.1,1,night,0.6,40.9,15.32,49.6,22.7,71.7,human_error
oil_spot,3.4,M02,5.8,39,afternoon,1.0,28.1,13.23,64.3,20.8,64.4,material_issue
objects,6.1,M04,10.3,30,afternoon,1.8,19.2,8.99,49.0,20.2,100.0,machine_fault
stain,1.8,M09,12.1,22,afternoon,1.2,33.6,10.83,78.0,22.8,82.0,material_issue
cut,24.4,M01,2.0,7,morning,11.4,25.8,8.9,60.2,27.0,88.6,human_error
objects,2.4,M07,1.3,4,night,3.1,45.7,10.44,51.2,24.0,88.5,human_error
hole,16.6,M04,10.5,16,morning,4.2,36.6,14.82,38.9,27.1,64.5,human_error
oil_spot,5.0,M01,13.7,4,night,4.9,35.6,13.27,57.2,21.7,59.3,human_error
objects,31.0,M05,14.1,27,morning,5.8,45.6,7.97,72.9,23.2,57.8,material_issue
oil_spot,6.5,M07,6.9,4,afternoon,0.7,50.5,13.74,48.3,22.1,69.0,human_error
objects,19.9,M03,5.9,33,afternoon,0.5,24.3,10.35,69.7,24.2,46.8,human_error
oil_spot,1.5,M01,7.3,24,night,4.3,30.2,14.31,40.5,26.5,76.9,material_issue
color_defect,6.0,M07,5.9,26,afternoon,4.0,37.2,15.82,44.6,24.2,92.4,human_error
color_defect,6.9,M08,3.9,8,morning,1.6,39.8,11.87,62.5,23.1,65.0,material_issue
stain,23.3,M03,14.0,4,night,6.8,40.1,11.28,58.3,19.4,59.6,machine_fault
cut,12.6,M07,4.1,26,morning,1.7,35.9,14.13,59.2,23.3,89.1,human_error
hole,11.1,M08,13.4,14,night,3.9,31.7,12.21,55.2,18.6,100.0,machine_fault
stain,7.3,M05,1.2,13,morning,1.9,30.8,11.56,57.2,24.0,90.8,material_issue
stain,12.1,M03,4.5,3,morning,3.5,28.2,15.83,17.8,23.6,97.9,material_issue
color_defect,15.5,M05,11.1,1,night,3.1,43.8,9.25,54.7,22.2,56.3,human_error
thread_error,1.2,M07,12.8,7,afternoon,1.6,43.7,9.91,56.4,29.0,77.4,machine_fault
objects,8.7,M12,0.9,9,morning,6.8,31.8,13.19,67.1,26.8,71.1,human_error
stain,16.3,M03,14.2,10,afternoon,0.5,53.1,14.04,54.0,24.8,74.7,human_error
stain,7.4,M11,10.4,31,morning,5.1,28.8,12.56,46.7,25.3,42.6,material_issue
hole,4.9,M07,6.3,39,morning,1.2,28.9,15.29,49.6,26.7,73.1,machine_fault
color_defect,21.8,M03,12.5,24,night,6.7,36.7,10.95,50.8,24.1,78.7,machine_fault
color_defect,4.0,M04,9.5,11,afternoon,1.6,44.8,13.56,74.4,23.4,76.9,material_issue
stain,20.0,M06,7.2,2,morning,12.2,28.2,12.6,55.9,27.5,68.2,material_issue
hole,4.2,M06,4.4,59,morning,4.9,43.9,10.48,52.8,27.8,69.5,machine_fault
cut,5.4,M02,6.8,18,night,5.3,48.8,13.81,55.1,25.3,71.0,human_error
objects,3.0,M06,1.3,33,afternoon,12.8,33.7,11.76,44.6,24.0,66.2,machine_fault
cut,19.9,M07,9.5,24,night,8.4,41.5,12.74,33.8,24.8,76.7,machine_fault
objects,4.9,M08,14.2,61,night,3.3,42.1,12.88,62.2,27.8,72.8,machine_fault
oil_spot,4.4,M07,6.7,6,afternoon,0.2,38.6,10.39,48.1,22.0,69.1,human_error
cut,23.6,M09,2.0,93,morning,0.4,23.3,14.83,61.1,26.4,94.4,human_error
cut,6.2,M10,8.4,7,afternoon,4.1,27.3,12.48,28.7,22.9,87.4,material_issue
cut,1.7,M10,4.1,11,afternoon,0.7,42.1,14.75,82.3,28.5,72.7,human_error
thread_error,3.0,M06,4.1,8,afternoon,2.7,35.7,11.17,64.0,23.5,100.0,human_error
color_defect,2.1,M03,7.0,22,morning,2.1,34.2,13.66,62.3,28.9,82.4,human_error
oil_spot,1.2,M01,6.7,33,morning,7.6,27.3,12.91,41.7,25.6,57.1,material_issue
stain,4.7,M08,4.1,23,afternoon,1.8,37.6,14.12,42.9,26.9,72.9,material_issue
oil_spot,4.9,M07,6.7,2,morning,0.1,35.5,14.37,46.0,21.5,93.5,human_error
stain,22.8,M04,10.4,2,morning,5.6,28.6,15.62,49.8,19.6,77.9,material_issue
oil_spot,21.8,M05,2.4,0,night,3.2,33.3,13.38,43.5,19.0,83.4,human_error
stain,1.5,M05,14.7,58,night,12.1,42.5,9.4,74.5,25.4,62.7,material_issue
color_defect,25.9,M06,14.6,21,afternoon,1.3,25.2,15.55,67.5,27.5,38.1,material_issue
oil_spot,9.7,M03,3.6,35,night,4.0,40.3,13.94,50.6,22.6,51.1,human_error
thread_error,7.3,M06,6.8,52,afternoon,1.7,34.5,13.06,47.3,22.4,93.0,machine_fault
stain,6.0,M06,1.2,1,night,6.9,42.3,13.2,61.6,24.9,69.9,material_issue
color_defect,2.5,M04,4.9,19,morning,0.2,39.8,16.65,52.4,23.2,84.2,human_error
hole,3.3,M01,10.3,36,morning,3.8,30.9,12.52,38.5,25.4,63.9,material_issue
color_defect,3.5,M04,13.6,5,afternoon,0.8,38.2,6.29,56.0,23.5,94.0,human_error
cut,25.5,M03,10.8,84,afternoon,1.3,30.8,9.55,39.8,24.5,97.6,human_error
thread_error,6.5,M06,11.3,20,morning,2.8,45.4,8.32,49.9,22.5,75.2,human_error
thread_error,13.9,M12,5.3,16,afternoon,2.6,25.9,12.2,81.4,25.9,76.9,machine_fault
stain,39.0,M10,5.7,38,morning,0.7,33.0,9.55,64.1,27.7,74.5,material_issue
color_defect,17.6,M01,1.2,10,afternoon,13.5,48.5,15.08,66.5,26.3,55.6,material_issue
stain,4.0,M11,14.3,3,afternoon,3.5,42.5,10.82,64.5,26.8,80.5,material_issue
cut,3.7,M09,5.4,9,night,0.0,34.9,12.41,53.8,25.3,63.1,human_error
stain,2.8,M06,7.9,20,afternoon,2.6,38.3,14.48,62.1,25.9,83.0,material_issue
hole,2.0,M04,12.6,4,night,1.0,38.6,11.44,53.1,23.0,89.9,human_error
color_defect,13.8,M05,3.7,3,morning,2.5,35.6,7.89,39.6,22.5,65.6,material_issue
color_defect,1.7,M01,1.2,59,afternoon,1.5,41.6,10.97,60.9,25.4,68.6,human_error
oil_spot,1.1,M10,9.9,5,afternoon,2.6,36.2,11.69,68.3,24.2,63.8,material_issue
stain,3.4,M05,2.5,29,night,6.1,30.9,13.94,27.4,18.3,59.5,material_issue
color_defect,4.9,M07,8.0,17,morning,1.0,31.9,8.25,55.5,26.4,65.8,human_error
stain,10.9,M12,8.8,76,night,0.2,27.8,15.09,66.9,28.6,92.7,human_error
stain,50.8,M07,14.5,9,morning,2.4,46.2,12.51,46.6,27.0,95.8,human_error
cut,2.4,M12,7.9,5,night,16.0,30.5,14.42,37.6,22.4,100.0,human_error
objects,1.1,M08,0.5,32,night,14.0,38.1,16.37,75.5,26.5,88.2,machine_fault
thread_error,5.7,M04,10.5,4,morning,3.8,47.8,12.28,48.7,24.8,60.8,machine_fault
hole,31.7,M10,3.9,11,afternoon,0.6,40.3,13.1,50.5,24.4,100.0,human_error
thread_error,9.8,M10,12.6,13,morning,0.6,49.3,11.76,62.9,21.3,90.0,human_error
stain,11.7,M12,12.9,1,morning,1.1,32.4,13.89,62.3,21.4,57.9,material_issue
objects,4.8,M09,7.4,123,afternoon,5.2,27.1,13.61,55.9,21.9,86.7,machine_fault
objects,3.8,M02,14.2,7,morning,2.6,33.8,13.96,48.1,22.6,96.0,machine_fault
color_defect,32.6,M12,13.9,16,afternoon,4.0,35.0,12.04,32.3,21.0,54.6,material_issue
cut,38.4,M05,13.2,9,afternoon,9.2,45.2,11.04,76.0,22.2,45.5,material_issue
stain,7.7,M03,10.7,9,night,1.8,45.2,10.56,67.3,23.9,53.1,material_issue
objects,20.2,M06,5.3,0,morning,1.5,32.0,11.31,58.2,23.2,72.4,human_error
oil_spot,3.9,M11,14.7,57,morning,14.3,33.8,13.33,40.1,26.6,78.2,material_issue
objects,6.0,M07,12.5,18,afternoon,2.9,28.2,6.41,38.1,17.1,100.0,human_error
stain,6.5,M05,10.7,2,morning,5.8,34.9,17.25,51.8,14.1,44.5,material_issue
color_defect,27.5,M01,6.5,9,afternoon,2.4,37.7,13.65,58.6,25.7,76.2,human_error
cut,4.6,M04,8.1,20,morning,5.0,27.0,8.99,39.0,19.1,78.5,human_error
thread_error,2.0,M11,5.2,19,morning,3.9,52.1,15.6,46.1,23.6,78.7,human_error
stain,7.0,M03,11.3,6,afternoon,0.8,35.4,16.2,59.0,19.4,90.3,human_error
color_defect,4.9,M10,10.3,2,night,1.2,45.8,8.46,55.0,23.9,79.7,human_error
stain,12.9,M07,12.5,6,afternoon,14.2,27.8,10.8,25.8,24.7,75.4,material_issue
cut,7.3,M01,1.5,0,morning,2.0,21.0,12.58,66.8,26.7,62.5,human_error
thread_error,3.3,M09,9.5,3,morning,0.0,34.0,16.63,55.6,24.3,87.1,human_error
thread_error,2.3,M07,1.2,21,morning,6.5,33.2,11.53,33.8,24.1,79.8,machine_fault
cut,7.9,M12,13.1,30,afternoon,0.4,27.7,15.48,41.3,22.0,56.6,human_error
oil_spot,7.8,M09,6.3,34,night,0.8,41.7,10.47,58.6,25.9,75.8,human_error
color_defect,15.6,M04,3.9,29,morning,2.3,29.0,13.03,70.5,25.3,79.6,human_error
hole,5.4,M05,14.6,16,morning,0.6,33.3,13.67,64.6,22.7,57.7,human_error
cut,1.5,M12,11.4,7,night,4.4,20.2,9.78,66.9,25.8,81.1,human_error
stain,9.7,M06,11.3,36,morning,0.4,47.4,12.22,71.3,28.3,63.3,material_issue
color_defect,2.3,M09,13.5,6,morning,0.1,36.1,12.83,45.7,23.0,68.0,material_issue
hole,16.1,M02,8.7,2,night,5.0,39.0,8.68,46.4,24.0,75.2,human_error
stain,2.0,M04,9.9,26,night,21.0,39.5,14.74,62.5,21.3,71.7,material_issue
cut,10.5,M11,6.6,3,afternoon,4.7,34.7,15.58,51.4,20.5,68.7,human_error
oil_spot,24.4,M08,3.4,0,morning,1.8,40.2,12.24,49.4,24.4,62.5,material_issue
cut,5.2,M06,10.3,43,night,3.4,29.5,11.1,52.9,21.0,75.0,human_error
hole,34.0,M11,9.4,56,night,7.1,30.5,9.38,66.0,23.9,81.4,machine_fault
color_defect,8.6,M02,10.5,21,afternoon,10.4,34.7,8.09,38.7,26.3,72.3,material_issue
cut,31.4,M03,9.8,10,afternoon,3.2,28.5,6.19,60.7,20.1,68.8,human_error
cut,2.2,M06,3.8,47,afternoon,2.3,42.5,11.49,66.6,22.9,79.8,human_error
cut,13.2,M05,5.9,32,afternoon,0.4,33.8,10.48,40.9,23.9,68.9,human_error
oil_spot,14.6,M05,1.2,5,morning,7.2,45.5,10.27,72.3,23.1,80.0,material_issue
stain,23.2,M06,8.3,92,afternoon,1.6,39.1,13.57,48.9,26.5,88.7,material_issue
thread_error,24.7,M05,3.9,33,morning,7.2,44.2,10.96,46.7,18.2,65.1,human_error
cut,2.5,M09,13.8,19,night,3.5,38.1,6.94,53.5,23.4,85.7,human_error
stain,1.8,M03,10.0,18,afternoon,1.3,45.2,11.0,64.5,26.6,65.8,human_error
oil_spot,38.2,M08,5.8,5,afternoon,9.8,20.7,10.57,58.6,24.0,69.6,material_issue
objects,10.6,M07,6.1,2,morning,8.8,28.3,14.36,71.2,19.4,76.5,machine_fault
thread_error,4.9,M09,4.7,7,afternoon,8.7,41.9,15.02,53.9,24.0,90.9,human_error
color_defect,16.5,M09,1.4,41,afternoon,1.9,20.6,12.63,39.4,21.5,85.3,material_issue
stain,13.5,M04,14.8,7,morning,18.3,38.0,10.67,55.2,26.2,72.0,material_issue
color_defect,7.9,M04,1.4,12,morning,11.8,28.9,11.33,61.0,20.8,68.1,material_issue
thread_error,5.4,M12,6.8,2,afternoon,7.3,46.3,13.83,60.7,23.5,65.6,machine_fault
objects,5.7,M06,10.0,5,afternoon,1.8,31.6,12.84,48.2,17.5,50.0,human_error
objects,2.5,M06,1.5,0,night,2.1,44.6,11.73,73.4,28.6,87.7,human_error
hole,7.3,M08,10.3,1,morning,2.8,35.6,12.59,67.8,28.5,59.7,machine_fault
color_defect,2.8,M02,5.7,1,night,0.5,38.9,11.24,41.5,23.8,61.5,human_error
objects,3.1,M11,9.3,4,morning,7.5,45.0,11.85,41.5,20.2,86.8,machine_fault
hole,9.3,M07,6.4,0,afternoon,1.4,31.2,5.04,54.7,21.8,100.0,machine_fault
cut,12.6,M09,10.0,103,afternoon,3.7,21.5,9.97,32.6,23.9,67.7,human_error
objects,1.5,M04,7.7,5,afternoon,2.2,32.2,8.58,48.5,24.6,86.0,machine_fault
thread_error,1.9,M08,13.6,50,afternoon,2.6,35.6,10.56,71.9,22.6,99.9,machine_fault
stain,9.9,M12,8.8,22,morning,1.8,44.1,9.51,62.4,24.4,94.8,material_issue
stain,6.4,M03,5.4,5,afternoon,8.7,25.3,8.28,55.6,27.4,91.9,material_issue
thread_error,9.3,M09,7.7,67,night,7.6,35.5,11.93,44.2,28.8,78.7,machine_fault
objects,22.7,M01,4.8,17,morning,1.2,44.6,13.01,51.8,22.6,83.9,human_error
objects,15.2,M09,10.8,2,afternoon,2.8,28.5,14.46,44.3,20.8,90.5,material_issue
hole,6.3,M07,4.8,0,afternoon,3.9,24.7,15.7,63.1,21.3,70.1,machine_fault
hole,2.5,M10,2.5,4,afternoon,14.8,40.1,18.3,48.6,24.7,82.6,machine_fault
hole,9.0,M01,6.2,5,morning,3.4,51.4,11.11,56.4,25.0,91.9,human_error
stain,1.7,M06,14.8,19,night,0.2,41.4,12.31,45.6,22.6,92.3,human_error
stain,1.0,M03,1.0,11,afternoon,1.4,39.9,12.14,41.5,20.7,100.0,material_issue
cut,3.8,M12,7.0,15,afternoon,0.8,37.5,15.78,57.3,23.7,81.7,human_error
oil_spot,2.4,M06,14.7,7,morning,2.1,42.7,11.82,33.9,25.5,75.6,material_issue
hole,15.8,M09,6.0,1,afternoon,5.6,24.9,10.33,43.7,25.1,61.6,material_issue
thread_error,4.0,M10,1.3,3,night,4.7,35.1,9.22,46.9,26.0,83.0,human_error
stain,5.8,M06,10.4,18,afternoon,8.8,24.5,12.39,58.1,26.1,95.3,material_issue
cut,10.7,M04,4.9,12,morning,10.4,54.1,12.57,62.9,19.2,78.9,material_issue
hole,1.3,M05,11.5,17,morning,8.4,30.5,13.57,36.7,24.5,85.0,machine_fault
stain,4.1,M12,10.5,6,afternoon,2.2,52.0,12.37,46.2,24.3,72.3,material_issue
stain,10.4,M09,3.8,11,night,0.3,38.1,11.73,40.9,22.6,69.9,human_error
oil_spot,7.5,M07,13.0,54,night,4.2,27.3,11.59,84.1,23.8,91.7,machine_fault
objects,2.3,M04,13.4,10,morning,0.2,41.8,8.44,76.8,27.4,70.8,human_error
oil_spot,10.5,M07,12.3,21,afternoon,1.3,29.4,9.65,61.4,27.6,82.3,material_issue
color_defect,10.4,M05,2.7,58,afternoon,10.4,45.0,9.64,82.8,23.1,82.8,material_issue
stain,9.3,M12,11.0,16,afternoon,2.2,33.5,10.89,64.3,28.3,83.4,material_issue
color_defect,19.9,M07,6.1,8,afternoon,7.8,46.7,9.84,48.4,25.8,90.8,material_issue
objects,14.6,M12,4.9,19,afternoon,0.5,33.7,13.14,57.5,29.5,83.1,machine_fault
objects,10.8,M05,5.0,37,morning,0.1,28.5,10.48,37.7,24.1,63.4,human_error
hole,30.3,M10,2.6,39,night,0.1,37.4,9.7,66.5,24.9,49.3,human_error
hole,1.2,M04,6.0,18,afternoon,4.0,24.2,9.29,43.2,24.9,74.2,machine_fault
objects,2.8,M06,13.7,31,morning,10.4,30.7,11.47,79.4,22.7,59.4,material_issue
cut,6.9,M12,1.3,13,afternoon,4.6,34.0,10.39,46.7,24.4,80.8,human_error
objects,6.3,M04,0.7,137,afternoon,0.8,41.4,8.31,62.8,26.7,69.6,machine_fault
oil_spot,8.4,M11,14.3,0,afternoon,4.2,27.9,13.37,56.0,25.0,78.4,material_issue
color_defect,2.2,M11,4.4,24,night,4.6,26.4,13.77,84.2,28.1,77.4,human_error
objects,2.3,M09,13.1,17,night,3.4,34.8,11.92,56.0,23.4,49.7,machine_fault
stain,9.7,M03,14.7,39,night,1.3,40.8,12.45,53.1,23.6,65.1,human_error
thread_error,1.9,M03,1.8,24,afternoon,0.8,34.4,11.02,75.1,26.0,81.5,material_issue
objects,11.3,M05,4.1,61,afternoon,0.6,37.4,10.01,44.5,23.6,87.0,machine_fault
thread_error,1.0,M04,6.3,36,morning,0.0,34.9,6.48,49.4,22.6,81.8,machine_fault
oil_spot,12.1,M03,3.0,27,night,0.6,34.8,13.89,72.4,27.9,57.7,human_error
thread_error,8.5,M08,9.7,17,afternoon,0.1,52.7,14.84,47.6,22.1,89.3,human_error
color_defect,11.0,M12,13.3,0,morning,1.6,31.2,9.56,62.3,31.7,91.9,human_error
oil_spot,2.5,M01,12.1,2,night,0.5,36.7,15.25,73.4,28.5,63.0,human_error
thread_error,1.1,M05,9.0,12,afternoon,6.8,31.8,11.77,40.9,25.4,80.0,machine_fault
cut,12.0,M08,12.0,8,morning,2.4,37.3,13.56,66.6,24.5,57.9,human_error
objects,10.0,M10,1.4,41,afternoon,1.6,24.7,9.6,30.9,22.4,97.7,machine_fault
hole,3.6,M09,4.6,49,afternoon,4.2,29.4,10.8,60.1,28.3,81.4,machine_fault
cut,25.2,M02,6.7,2,night,3.0,23.7,14.51,67.4,23.4,76.9,human_error
color_defect,2.4,M05,13.6,7,afternoon,5.3,35.9,9.4,47.7,25.8,100.0,human_error
stain,2.7,M07,6.4,50,night,2.6,23.8,9.19,58.9,18.9,65.9,human_error
cut,9.7,M01,7.7,7,night,0.4,32.5,14.37,59.3,25.8,80.2,human_error
hole,32.9,M01,12.8,5,morning,7.6,40.5,9.99,69.9,21.7,54.9,machine_fault
thread_error,3.1,M05,8.6,21,night,7.5,38.5,8.16,68.0,26.4,92.5,machine_fault
cut,12.5,M11,4.4,4,night,4.8,34.9,9.47,41.2,23.7,67.1,human_error
oil_spot,8.7,M09,13.3,2,morning,11.3,28.9,12.69,64.7,30.5,83.7,material_issue
color_defect,16.6,M11,9.5,26,morning,2.8,36.5,12.08,38.1,25.3,93.5,material_issue
hole,4.8,M07,10.3,16,morning,3.4,31.8,7.96,47.3,22.9,88.0,machine_fault
hole,6.1,M08,2.5,19,afternoon,1.0,44.0,11.8,49.5,24.5,75.8,machine_fault
objects,19.1,M09,14.3,38,afternoon,8.2,40.3,10.4,60.8,22.6,62.8,machine_fault
oil_spot,10.6,M08,14.7,29,night,8.1,32.3,12.46,71.3,23.9,61.7,material_issue
thread_error,17.2,M04,1.2,0,afternoon,0.4,38.4,11.08,78.2,27.1,81.8,human_error
stain,2.4,M06,9.0,19,afternoon,13.7,38.5,9.15,48.5,22.2,84.1,material_issue
objects,4.1,M03,9.4,18,afternoon,2.6,44.9,16.56,65.5,23.1,58.7,machine_fault
color_defect,3.5,M05,8.5,6,night,9.5,36.0,15.05,43.5,26.1,82.2,human_error
cut,2.6,M08,12.6,6,afternoon,2.6,35.7,7.37,60.3,20.8,80.1,human_error
objects,2.9,M04,6.0,28,morning,0.6,28.4,11.29,48.3,24.4,81.0,machine_fault
stain,2.5,M09,12.8,0,night,0.9,34.5,7.4,68.5,15.7,45.2,human_error
color_defect,9.6,M08,13.7,24,morning,7.3,34.9,12.7,55.6,25.4,45.0,material_issue
hole,1.1,M06,8.5,6,night,1.4,27.6,11.65,74.0,25.1,67.3,human_error
thread_error,1.1,M07,14.4,9,afternoon,1.8,37.5,12.16,53.2,16.3,68.4,machine_fault
objects,2.0,M01,0.8,8,night,22.7,51.7,15.34,76.9,25.0,100.0,material_issue
stain,1.1,M05,1.0,52,afternoon,2.1,23.9,16.85,67.0,23.7,69.0,material_issue
hole,9.7,M04,8.7,2,afternoon,25.0,30.4,14.89,53.0,23.0,78.9,human_error
stain,6.0,M06,5.8,159,night,14.8,28.6,16.14,52.0,16.7,93.2,machine_fault
color_defect,2.0,M04,10.2,1,afternoon,0.2,35.7,11.13,67.8,21.4,76.7,human_error
hole,6.1,M07,8.1,93,afternoon,0.5,24.3,11.69,74.6,26.5,61.2,machine_fault
thread_error,2.6,M07,2.7,15,afternoon,10.2,27.0,12.9,78.2,21.6,86.4,material_issue
stain,4.4,M12,2.0,1,afternoon,1.0,33.7,14.78,67.4,28.0,58.2,material_issue
thread_error,1.6,M03,1.3,24,afternoon,5.3,35.8,12.42,41.1,23.4,72.4,machine_fault
cut,1.9,M07,7.5,6,afternoon,8.7,29.3,13.65,44.4,23.9,84.8,human_error
stain,10.3,M04,1.7,2,morning,10.3,30.3,11.6,76.4,21.4,51.3,material_issue
objects,1.8,M10,10.1,65,afternoon,5.8,46.1,15.58,46.9,25.1,71.8,human_error
cut,24.4,M12,12.7,52,afternoon,3.3,35.8,7.76,54.4,29.0,85.6,human_error
oil_spot,6.5,M03,12.7,4,afternoon,2.3,15.6,7.73,61.6,25.4,73.9,human_error
hole,3.6,M09,1.0,11,afternoon,4.7,61.5,8.97,60.1,28.5,64.6,human_error
hole,9.1,M04,9.1,22,night,11.4,36.5,16.59,50.5,20.7,99.0,human_error
stain,3.7,M10,2.9,3,night,0.3,30.1,13.75,65.2,23.8,54.6,human_error
objects,1.0,M12,6.0,5,afternoon,5.1,42.0,10.29,49.1,21.4,70.2,machine_fault
thread_error,6.1,M03,9.5,62,morning,2.2,32.7,10.09,49.3,21.2,69.2,machine_fault
oil_spot,9.5,M03,10.9,7,morning,6.7,38.1,10.36,52.5,21.9,75.6,human_error
cut,1.7,M12,12.1,52,night,9.1,36.1,11.87,60.1,25.2,85.6,machine_fault
stain,8.1,M09,2.4,8,morning,8.0,27.1,11.41,47.4,28.9,70.3,material_issue
thread_error,2.5,M04,9.5,20,night,2.1,21.3,12.7,51.3,23.6,76.6,human_error
stain,11.8,M10,6.4,3,afternoon,1.5,22.7,11.85,38.4,27.7,43.4,material_issue
color_defect,17.2,M02,6.8,3,morning,2.0,24.1,10.61,49.3,20.0,54.9,human_error
oil_spot,24.1,M09,1.4,9,morning,3.5,17.8,18.48,45.3,22.8,83.2,material_issue
thread_error,20.4,M06,11.6,39,morning,3.0,33.3,9.58,41.7,22.5,87.4,machine_fault
cut,1.9,M02,13.9,24,night,0.4,44.9,12.8,73.5,26.7,67.1,human_error
hole,4.6,M11,8.3,33,morning,5.6,37.8,14.02,61.7,23.3,80.3,human_error
objects,17.2,M12,15.0,32,afternoon,2.4,41.6,10.91,70.6,24.8,99.6,machine_fault
objects,1.8,M09,10.5,26,morning,4.8,26.4,13.22,54.0,24.8,58.2,machine_fault
oil_spot,3.7,M01,9.9,28,morning,13.6,23.0,7.01,47.8,26.8,67.1,material_issue
color_defect,9.5,M11,7.8,0,night,7.0,32.4,8.97,51.5,26.7,62.0,material_issue
cut,21.3,M05,2.0,49,night,9.6,31.1,12.75,42.2,23.5,96.0,human_error
cut,2.5,M09,13.3,15,morning,10.1,43.8,11.92,58.5,25.0,40.9,material_issue
stain,1.4,M12,0.7,0,afternoon,2.7,34.8,8.86,66.0,23.4,59.5,material_issue
color_defect,1.2,M05,9.9,16,morning,3.0,36.5,14.35,62.5,32.2,64.3,human_error
hole,7.7,M03,7.4,7,morning,1.6,44.5,9.31,39.1,25.2,74.0,human_error
cut,4.9,M04,2.1,16,morning,3.8,40.5,10.22,59.4,23.2,69.6,human_error
thread_error,26.8,M09,8.7,3,morning,4.2,36.6,13.35,52.7,23.8,53.9,machine_fault
oil_spot,12.3,M03,8.9,1,afternoon,0.6,42.8,14.91,47.3,26.5,84.4,human_error
thread_error,23.6,M07,3.8,24,morning,0.5,29.9,13.26,64.7,21.9,62.0,human_error
hole,5.1,M01,12.6,13,night,1.7,29.7,13.72,52.1,28.6,70.3,human_error
hole,20.8,M01,10.0,28,morning,3.5,36.2,13.49,72.5,26.1,93.6,machine_fault
oil_spot,6.0,M09,10.0,6,night,2.2,45.4,6.19,55.9,27.2,48.7,material_issue
objects,3.6,M08,9.2,23,morning,2.3,36.5,13.24,64.2,21.7,65.3,material_issue
objects,8.0,M05,7.7,110,afternoon,1.0,30.4,12.02,63.7,28.5,88.6,machine_fault
cut,3.1,M05,8.7,10,night,2.5,42.4,8.39,44.8,28.8,56.4,human_error
objects,5.6,M11,6.3,27,morning,1.5,34.0,9.45,37.8,24.8,85.1,machine_fault
color_defect,16.2,M04,11.1,1,morning,1.5,34.1,9.47,55.1,25.1,87.8,material_issue
stain,7.8,M03,0.6,26,afternoon,2.7,35.8,10.6,45.7,26.7,57.2,material_issue
color_defect,1.4,M09,5.5,11,afternoon,6.7,38.4,16.82,56.8,21.0,94.9,material_issue
oil_spot,19.9,M09,11.2,115,night,1.9,18.6,14.19,47.6,21.7,78.9,machine_fault
objects,2.2,M01,6.1,17,afternoon,3.1,45.1,9.53,49.2,27.1,71.3,human_error
stain,18.4,M04,11.2,0,afternoon,0.7,29.6,12.73,68.0,28.8,37.1,material_issue
oil_spot,1.1,M07,13.8,37,night,17.3,43.4,14.07,71.2,26.3,71.9,human_error
oil_spot,5.2,M05,0.8,13,night,1.5,38.2,12.46,35.8,23.2,74.2,human_error
hole,1.8,M01,11.3,4,morning,4.8,32.0,13.34,61.8,20.9,61.1,machine_fault
color_defect,6.0,M09,13.8,15,afternoon,1.4,42.8,10.39,40.3,23.4,74.1,material_issue
stain,11.8,M11,13.6,3,afternoon,3.6,29.9,13.14,56.9,25.7,68.1,material_issue
stain,7.5,M05,11.2,0,morning,4.4,37.6,14.36,63.0,22.6,69.5,material_issue
objects,12.5,M10,9.9,5,morning,4.0,25.0,11.53,40.6,20.8,76.7,material_issue
objects,47.0,M08,10.3,23,afternoon,4.2,37.2,10.54,68.1,27.4,91.6,machine_fault
oil_spot,9.6,M02,10.8,29,morning,4.2,43.1,10.02,64.3,20.7,62.3,material_issue
cut,11.3,M12,1.6,10,morning,6.2,48.6,9.94,58.9,24.2,73.3,human_error
oil_spot,3.3,M05,12.5,4,morning,3.2,33.2,14.6,72.2,18.5,92.3,material_issue
color_defect,6.2,M02,13.0,20,morning,1.6,32.2,14.66,80.4,25.5,55.3,material_issue
oil_spot,1.5,M09,5.2,65,afternoon,6.2,38.7,14.91,50.3,20.2,93.1,material_issue
color_defect,9.9,M09,4.5,24,night,5.2,29.8,13.95,53.3,22.1,72.1,human_error
objects,11.9,M01,2.1,4,afternoon,2.2,40.1,12.01,66.7,23.4,62.8,machine_fault
cut,4.8,M01,2.8,5,night,2.3,39.6,9.17,47.8,25.1,61.4,human_error
oil_spot,12.0,M04,8.8,24,night,5.4,33.1,10.67,40.4,19.6,92.2,human_error
oil_spot,7.7,M05,7.9,10,night,5.4,38.9,8.3,45.3,25.3,86.0,material_issue
color_defect,6.5,M09,5.3,19,morning,0.6,29.3,12.19,43.0,28.8,96.2,human_error
objects,13.5,M05,4.9,12,morning,1.3,25.0,13.47,62.5,24.7,68.5,machine_fault
cut,11.5,M02,7.7,8,morning,7.3,35.9,14.62,50.7,23.3,74.7,human_error
oil_spot,4.1,M05,1.6,15,afternoon,5.0,44.9,13.65,41.9,22.6,64.5,material_issue
cut,6.6,M09,2.4,4,night,3.2,38.1,11.09,65.2,23.3,65.2,human_error
objects,23.4,M10,11.8,11,afternoon,2.2,41.3,13.14,15.0,27.9,59.6,material_issue
thread_error,4.0,M06,14.1,19,night,0.7,45.4,13.51,66.1,21.4,83.7,human_error
hole,1.9,M12,5.3,14,afternoon,15.8,46.0,11.96,52.0,30.2,43.4,machine_fault
objects,3.0,M10,5.6,26,afternoon,0.3,32.0,17.57,53.0,25.0,89.2,machine_fault
stain,4.3,M11,4.2,17,morning,2.8,46.8,8.71,52.7,24.0,60.6,material_issue
oil_spot,5.9,M05,6.8,0,morning,0.3,24.9,12.89,27.1,23.9,66.0,material_issue
thread_error,2.3,M09,14.3,0,morning,8.5,38.8,8.72,32.1,24.0,63.0,machine_fault
hole,7.3,M11,13.3,7,afternoon,5.4,39.3,12.28,65.1,24.6,80.6,machine_fault
thread_error,13.5,M01,14.6,58,morning,0.7,51.3,15.57,69.7,26.5,61.4,machine_fault
cut,9.3,M08,4.5,1,morning,1.5,35.3,12.29,57.7,23.9,73.8,human_error
thread_error,14.9,M08,8.4,2,afternoon,0.3,59.2,10.24,59.1,18.7,82.8,human_error
oil_spot,13.3,M02,14.6,62,afternoon,6.9,41.5,19.49,56.3,22.1,77.6,machine_fault
hole,41.4,M06,8.9,9,afternoon,2.3,30.8,11.3,36.8,25.2,71.1,material_issue
color_defect,11.4,M05,1.7,29,afternoon,0.4,36.3,14.94,35.7,23.8,63.6,material_issue
thread_error,13.8,M11,6.5,13,morning,2.4,59.9,14.65,55.9,28.0,85.6,human_error
hole,13.5,M08,13.7,17,afternoon,7.7,34.9,13.47,30.7,28.4,73.0,machine_fault
thread_error,29.3,M10,2.1,4,night,2.7,49.1,9.9,50.3,21.5,77.8,human_error
oil_spot,3.3,M07,6.4,34,morning,0.2,44.7,9.37,48.2,26.1,85.1,human_error
oil_spot,29.3,M11,7.1,12,night,1.5,35.7,7.95,68.2,24.3,89.6,human_error
hole,7.2,M12,11.1,11,morning,3.9,33.9,10.66,65.8,22.3,75.7,machine_fault
objects,3.2,M10,10.6,16,morning,0.2,34.8,6.21,48.3,22.5,100.0,human_error
cut,1.9,M03,13.9,1,morning,2.6,22.5,16.64,68.6,19.8,77.3,human_error
oil_spot,1.6,M06,3.3,80,afternoon,12.0,46.4,7.92,78.2,22.4,69.2,material_issue
color_defect,13.7,M03,11.7,4,morning,0.9,29.9,11.17,38.0,19.8,83.1,human_error
color_defect,21.4,M12,8.9,55,morning,2.5,42.7,13.09,44.7,21.1,90.4,human_error
objects,3.0,M01,7.9,16,afternoon,0.6,26.6,9.95,57.5,28.2,73.5,human_error
color_defect,4.2,M04,11.6,12,morning,4.7,30.2,10.65,54.6,23.8,100.0,human_error
thread_error,8.9,M01,13.2,11,night,2.1,36.6,8.77,76.4,27.5,66.5,human_error
color_defect,2.4,M06,12.5,58,afternoon,8.0,37.7,15.03,50.2,24.9,81.6,material_issue
objects,16.5,M03,9.0,14,night,1.1,45.0,10.69,25.9,26.1,76.2,human_error
thread_error,7.5,M05,4.4,9,afternoon,1.1,49.1,12.3,43.0,25.2,91.2,machine_fault
color_defect,13.0,M09,1.2,12,morning,5.1,25.4,10.72,60.3,24.1,73.8,material_issue
color_defect,28.6,M10,4.9,56,morning,10.5,32.7,8.34,54.9,24.7,100.0,machine_fault
color_defect,19.1,M04,9.8,3,morning,8.8,40.7,7.35,46.5,23.5,57.4,material_issue
oil_spot,2.6,M07,12.1,61,night,2.1,35.3,15.32,43.5,20.8,67.3,human_error
color_defect,11.9,M07,3.7,1,afternoon,2.8,27.2,18.38,87.3,22.1,68.2,material_issue
cut,10.3,M03,3.4,7,afternoon,1.8,25.9,13.87,43.0,28.0,100.0,human_error
hole,26.6,M09,9.9,25,night,5.3,25.3,11.57,42.9,22.0,72.4,material_issue
hole,3.9,M05,2.6,7,morning,2.0,46.4,20.44,46.3,25.8,72.7,human_error
cut,8.0,M08,3.2,29,afternoon,2.8,27.2,12.83,42.6,19.5,87.0,human_error
thread_error,5.1,M03,10.5,8,afternoon,4.9,28.5,13.56,75.7,28.8,69.2,material_issue
oil_spot,15.5,M10,8.9,5,afternoon,6.6,31.0,14.93,71.6,25.0,77.2,material_issue
oil_spot,2.4,M04,11.0,16,morning,5.2,42.9,15.81,73.4,27.0,89.5,material_issue
hole,36.4,M05,6.0,33,afternoon,4.4,27.0,10.34,72.9,19.3,88.7,machine_fault
objects,7.3,M08,5.0,2,afternoon,2.9,47.5,13.2,50.9,21.6,64.0,human_error
stain,13.2,M06,0.8,10,night,2.9,24.9,10.06,50.5,23.3,74.2,human_error
cut,1.1,M06,5.2,1,morning,0.2,39.1,12.73,72.2,27.7,56.8,human_error
oil_spot,5.5,M02,5.8,11,afternoon,3.9,41.8,13.75,45.2,29.9,76.0,material_issue
hole,15.9,M12,3.6,91,afternoon,1.4,24.9,14.22,48.3,26.8,75.2,machine_fault
thread_error,4.8,M01,5.7,6,afternoon,1.7,27.0,10.36,39.5,22.8,72.9,material_issue
oil_spot,1.1,M12,1.3,50,night,2.3,27.4,17.41,48.5,23.3,94.8,human_error
thread_error,2.0,M02,11.7,5,morning,1.9,42.7,11.31,38.7,29.1,84.2,machine_fault
stain,2.7,M12,1.6,1,afternoon,12.7,19.8,9.58,55.1,24.3,53.9,material_issue
objects,12.1,M06,5.0,14,morning,0.7,35.5,13.62,57.1,22.8,75.6,human_error
objects,12.1,M08,2.5,8,night,2.8,29.2,11.91,46.9,24.6,66.8,human_error
hole,5.8,M07,6.2,77,morning,0.4,28.5,14.73,44.4,25.9,49.5,machine_fault
hole,1.0,M12,4.3,5,afternoon,3.9,36.0,10.71,71.4,21.9,78.4,machine_fault
stain,1.6,M04,4.3,5,morning,9.9,44.4,11.0,57.6,28.5,48.4,material_issue
objects,4.2,M10,4.5,15,morning,2.2,31.2,12.64,54.3,26.3,89.3,machine_fault
objects,25.5,M05,3.8,3,morning,2.7,30.6,14.85,71.1,24.9,81.8,human_error
cut,15.2,M11,6.9,36,night,12.8,28.5,10.12,54.0,22.7,82.9,machine_fault
oil_spot,9.8,M11,1.2,23,night,4.2,48.8,13.45,44.8,23.6,73.9,human_error
hole,17.6,M05,2.7,79,afternoon,2.6,28.1,12.61,45.8,24.3,100.0,machine_fault
color_defect,10.2,M10,3.0,39,night,6.0,33.8,12.85,54.6,27.4,82.2,human_error
thread_error,5.2,M02,11.1,4,morning,11.5,35.8,9.88,76.2,24.5,77.4,machine_fault
stain,6.3,M09,14.0,3,night,2.1,28.3,10.41,80.0,24.2,79.3,human_error
hole,2.4,M10,9.1,3,morning,5.0,34.8,10.38,52.4,20.6,71.0,machine_fault
stain,8.7,M12,9.3,1,afternoon,2.1,40.4,7.17,43.3,18.6,67.7,human_error
color_defect,3.7,M12,9.0,13,morning,0.4,27.2,12.37,64.6,18.8,84.8,material_issue
stain,1.0,M04,4.3,35,afternoon,18.4,35.4,13.83,60.3,28.7,62.0,material_issue
stain,9.9,M03,9.4,22,morning,2.4,46.2,15.43,46.9,26.8,70.0,material_issue
objects,15.3,M11,3.0,1,night,0.7,27.2,14.11,65.8,31.2,82.2,human_error
cut,3.1,M06,10.8,0,afternoon,7.3,31.2,11.69,59.3,24.5,84.0,machine_fault
cut,8.1,M09,0.9,7,afternoon,0.6,39.9,12.9,50.1,24.2,70.3,human_error
thread_error,2.7,M11,5.7,10,afternoon,5.9,37.4,11.1,57.7,24.2,94.7,machine_fault
objects,20.2,M03,2.2,2,morning,1.5,30.8,12.93,39.0,23.4,63.5,material_issue
oil_spot,1.2,M11,13.6,2,night,1.3,52.3,10.99,52.1,21.8,84.9,human_error
stain,14.3,M03,11.2,16,night,3.5,43.2,11.3,59.2,24.5,87.5,human_error
color_defect,44.1,M05,7.0,26,morning,7.8,30.7,11.8,80.5,30.0,67.0,material_issue
cut,10.4,M12,12.7,60,afternoon,0.8,29.9,12.53,68.8,25.5,66.1,human_error
color_defect,3.5,M04,11.3,13,afternoon,0.6,38.3,15.06,56.5,25.2,92.7,human_error
thread_error,21.1,M02,4.8,24,afternoon,0.8,43.4,12.71,72.9,21.5,57.5,human_error
oil_spot,2.3,M05,9.5,25,night,2.3,37.6,12.03,54.0,25.3,58.1,human_error
objects,32.2,M06,6.7,35,afternoon,3.5,32.0,13.86,64.1,25.3,66.6,machine_fault
cut,6.1,M02,9.8,31,afternoon,0.8,38.7,11.7,51.3,23.6,51.8,human_error
hole,1.5,M06,10.8,34,night,2.2,42.1,10.78,57.4,28.5,79.9,human_error
objects,2.6,M10,7.1,14,afternoon,12.0,24.5,14.2,82.0,25.7,91.5,machine_fault
stain,1.8,M02,12.3,8,night,0.7,34.8,10.27,54.7,23.6,72.2,human_error
hole,40.2,M10,8.7,9,night,0.6,38.6,12.15,70.0,21.6,73.0,human_error
thread_error,2.4,M10,3.3,26,morning,6.5,37.0,16.95,65.2,25.0,95.3,machine_fault
cut,4.3,M08,0.9,11,afternoon,3.7,30.7,7.87,78.7,23.5,86.2,human_error
color_defect,9.4,M10,12.8,30,night,1.3,22.3,13.72,58.9,21.9,81.2,human_error
color_defect,3.5,M06,11.4,21,afternoon,5.2,41.5,15.49,52.1,28.2,77.4,machine_fault
cut,6.5,M02,8.4,0,afternoon,1.4,15.1,10.54,65.3,25.3,66.1,human_error
thread_error,21.4,M04,9.7,3,morning,6.1,36.6,11.96,46.2,17.2,59.6,human_error
stain,17.4,M09,10.8,4,morning,0.3,33.8,12.57,39.6,21.3,99.5,material_issue
color_defect,8.9,M05,4.8,0,afternoon,0.7,35.5,11.63,51.5,29.1,81.4,material_issue
objects,1.7,M04,12.4,12,morning,7.2,40.2,10.6,33.5,17.1,82.5,machine_fault
hole,6.0,M11,11.1,27,afternoon,2.7,26.1,8.63,49.3,24.6,50.8,material_issue
stain,1.4,M03,4.5,12,afternoon,1.7,35.8,9.65,67.4,20.2,64.6,material_issue
oil_spot,9.4,M01,5.5,5,afternoon,0.3,24.2,10.01,52.2,20.0,48.6,machine_fault
color_defect,7.9,M10,13.8,46,afternoon,3.2,25.6,10.08,82.3,23.4,75.7,material_issue
cut,1.0,M10,14.8,4,night,5.0,32.5,11.64,56.4,23.9,77.2,human_error
thread_error,2.1,M04,11.7,2,morning,0.0,35.7,13.06,65.8,27.9,79.3,machine_fault
stain,1.5,M06,9.3,0,morning,2.6,41.9,4.95,66.8,27.5,88.5,material_issue
cut,1.9,M03,2.4,33,morning,4.8,26.3,9.57,50.4,24.1,84.6,human_error
thread_error,6.4,M10,11.0,40,morning,0.3,38.8,12.08,59.6,23.6,65.5,machine_fault
hole,5.2,M11,11.3,36,night,3.5,34.8,15.82,53.6,23.6,44.2,machine_fault
color_defect,6.6,M08,11.3,16,afternoon,1.2,54.4,10.22,45.2,25.6,67.1,human_error
hole,1.4,M08,5.2,25,night,4.1,36.2,10.44,55.0,25.6,63.6,human_error
objects,5.7,M12,1.3,17,night,3.0,36.5,12.57,46.5,29.9,65.3,human_error
objects,9.1,M02,14.2,31,afternoon,1.0,49.9,10.82,62.3,31.2,49.8,human_error
objects,7.6,M04,14.3,1,night,1.5,27.1,12.08,53.5,21.8,61.8,machine_fault
objects,22.3,M10,4.6,8,night,7.3,35.2,11.27,46.6,20.8,58.2,material_issue
stain,24.4,M11,9.1,1,night,1.3,34.8,16.37,49.1,25.1,91.9,human_error
stain,17.7,M02,7.6,2,afternoon,3.2,33.5,13.88,52.1,23.0,68.0,material_issue
stain,2.2,M03,13.3,50,afternoon,1.3,34.6,9.67,56.0,25.9,63.6,human_error
thread_error,22.1,M11,2.2,19,afternoon,7.9,50.9,17.98,64.2,24.2,60.8,machine_fault
cut,6.0,M01,2.2,25,night,5.2,48.7,8.71,53.3,28.1,86.2,human_error
hole,14.1,M08,10.3,25,morning,3.4,29.7,10.53,44.9,29.2,74.8,human_error
thread_error,3.8,M10,0.8,3,morning,14.3,39.5,16.05,53.3,22.5,100.0,machine_fault
hole,3.4,M06,14.2,7,night,3.6,34.8,13.11,63.6,26.2,96.7,human_error
stain,3.1,M02,9.7,19,morning,2.0,32.5,9.05,52.4,23.0,85.9,human_error
hole,2.3,M05,9.5,3,morning,11.8,37.4,16.07,46.9,19.8,68.6,material_issue
stain,4.2,M11,6.9,8,afternoon,2.5,34.2,12.79,44.5,26.6,100.0,human_error
hole,4.3,M09,10.7,29,morning,2.1,39.1,15.36,47.1,21.6,67.1,human_error
objects,21.2,M08,3.7,27,morning,3.8,34.0,14.69,64.7,25.7,81.2,machine_fault
hole,12.0,M06,7.9,1,morning,2.3,55.8,9.41,53.4,24.2,67.0,human_error
color_defect,3.1,M06,9.3,54,afternoon,6.6,43.7,11.04,44.4,21.0,59.0,material_issue
oil_spot,4.8,M09,1.7,9,morning,4.2,28.6,14.04,49.7,29.3,77.9,material_issue
stain,7.9,M02,6.0,3,night,1.6,40.9,13.43,48.3,28.1,77.7,human_error
color_defect,25.5,M12,2.8,10,afternoon,1.8,41.9,9.43,60.8,28.5,77.4,human_error
color_defect,8.4,M06,1.3,23,afternoon,1.8,50.0,9.77,54.0,22.7,68.7,human_error
objects,5.7,M08,13.6,46,night,9.0,33.7,10.81,38.7,29.0,74.7,machine_fault
objects,5.2,M07,4.9,18,afternoon,1.6,23.4,8.48,61.9,26.6,86.8,machine_fault
stain,13.3,M02,13.5,3,night,5.4,32.6,8.88,73.0,22.7,97.9,material_issue
stain,5.6,M09,6.7,32,morning,7.9,33.0,11.6,58.3,22.3,31.6,material_issue
cut,11.9,M12,1.6,15,afternoon,1.3,39.8,14.65,43.4,29.5,48.8,human_error
hole,5.0,M02,10.7,4,morning,12.7,21.1,15.55,56.4,28.2,63.8,machine_fault
stain,10.4,M03,9.3,9,morning,3.5,44.2,14.91,55.0,30.8,100.0,human_error
oil_spot,11.7,M12,4.3,50,night,3.2,31.2,11.24,57.1,23.3,46.3,human_error
hole,4.2,M07,5.1,8,afternoon,1.3,18.5,9.83,62.9,28.5,57.8,human_error
stain,1.4,M04,14.7,7,night,3.3,42.1,6.56,50.9,20.2,97.4,human_error
objects,13.1,M05,4.6,1,morning,3.8,23.3,13.64,65.8,26.2,77.3,machine_fault
cut,4.9,M02,0.8,7,afternoon,0.5,34.2,9.34,64.0,25.6,53.5,human_error
oil_spot,5.7,M01,12.0,24,morning,2.9,18.4,8.18,59.3,24.1,71.8,material_issue
color_defect,10.4,M07,8.5,8,afternoon,4.5,35.1,13.21,35.6,24.7,70.2,material_issue
color_defect,14.5,M02,4.8,74,afternoon,0.8,14.5,7.36,93.0,22.0,97.0,human_error
objects,2.7,M10,6.6,21,morning,0.2,43.0,11.11,61.5,24.0,48.1,human_error
color_defect,1.6,M11,11.0,19,afternoon,3.4,34.8,12.12,64.7,23.7,70.0,material_issue
objects,5.9,M07,4.5,39,morning,1.1,30.6,12.1,48.4,22.0,68.7,machine_fault
color_defect,1.0,M04,0.6,7,afternoon,6.1,43.2,14.43,51.2,23.3,62.5,material_issue
thread_error,1.8,M10,13.3,22,morning,0.8,38.2,15.03,45.2,17.9,67.5,machine_fault
cut,16.8,M05,8.7,25,night,5.7,57.1,11.75,72.2,21.4,87.2,human_error
objects,4.2,M12,5.4,52,night,8.0,41.8,10.83,83.7,24.3,86.9,material_issue
cut,21.6,M06,5.9,30,morning,6.2,43.6,14.94,75.0,23.5,75.0,human_error
stain,10.8,M02,3.7,27,morning,1.3,51.0,11.18,47.0,23.5,70.2,material_issue
oil_spot,5.6,M06,1.6,14,night,3.7,26.7,9.92,90.3,21.0,66.7,material_issue
oil_spot,32.7,M03,10.0,78,morning,2.0,32.8,14.98,56.6,27.2,72.7,material_issue
cut,14.4,M03,13.4,26,afternoon,0.3,29.6,15.77,34.3,25.8,63.4,material_issue
stain,15.6,M01,13.4,16,morning,1.4,35.4,12.61,47.8,18.9,67.7,machine_fault
thread_error,15.6,M05,12.6,65,morning,0.0,21.6,12.86,45.6,23.8,58.9,machine_fault
hole,30.9,M05,5.6,3,night,2.1,35.2,11.96,65.4,22.4,88.1,human_error
stain,9.0,M03,7.3,2,afternoon,3.7,49.3,16.37,63.8,20.0,71.8,material_issue
cut,2.5,M04,5.9,10,night,0.1,41.2,12.29,57.0,26.4,62.9,human_error
thread_error,1.9,M07,1.0,30,night,13.0,40.3,13.09,44.9,30.7,60.7,human_error
thread_error,10.1,M08,1.4,4,afternoon,1.8,46.1,10.9,68.7,23.1,77.6,human_error
hole,17.7,M05,2.8,19,afternoon,0.1,31.7,10.46,29.2,21.7,78.8,human_error
stain,14.2,M12,9.6,5,morning,1.2,38.3,12.02,37.4,26.9,90.7,human_error
thread_error,5.1,M07,2.5,0,morning,6.0,35.5,10.3,43.1,22.9,84.5,material_issue
stain,13.1,M01,0.9,23,night,1.9,37.5,13.4,61.4,25.6,69.5,human_error
cut,10.9,M11,14.2,10,morning,1.6,34.9,14.95,62.6,17.7,86.0,material_issue
oil_spot,4.3,M11,2.3,11,morning,1.4,24.5,15.41,29.9,28.1,93.7,material_issue
cut,1.8,M01,7.8,20,afternoon,5.0,34.2,10.38,64.4,21.6,69.2,human_error
thread_error,10.4,M08,14.6,10,morning,0.7,31.4,10.8,55.1,24.4,43.5,machine_fault
objects,2.7,M05,4.7,11,morning,0.4,31.0,10.75,45.4,29.0,85.6,human_error
stain,19.1,M01,11.2,1,afternoon,1.3,22.8,13.06,54.1,27.7,92.6,human_error
oil_spot,14.8,M05,9.3,50,morning,1.1,48.3,12.22,79.9,21.5,100.0,material_issue
color_defect,9.7,M03,5.2,0,night,1.6,24.0,9.0,77.8,24.0,66.9,human_error
objects,12.8,M01,10.3,20,morning,6.8,44.2,12.55,49.5,26.2,68.4,machine_fault
oil_spot,10.0,M03,1.1,5,morning,0.5,34.6,13.92,72.3,26.9,51.1,material_issue
thread_error,25.2,M06,12.5,24,night,6.3,38.5,10.35,69.3,28.1,64.1,machine_fault
cut,3.2,M04,6.7,9,afternoon,5.7,39.7,15.89,43.2,22.6,68.9,human_error
hole,10.0,M08,6.9,39,morning,1.2,42.0,8.92,58.0,21.2,49.7,machine_fault
stain,1.4,M11,4.6,39,afternoon,1.7,24.2,13.24,56.4,19.3,50.4,material_issue
oil_spot,8.9,M08,0.6,31,afternoon,6.5,44.1,12.96,44.0,24.0,98.2,material_issue
cut,4.9,M11,10.5,2,afternoon,5.2,40.0,12.19,58.5,22.4,83.2,human_error
stain,7.2,M11,1.7,7,afternoon,0.8,32.6,8.85,62.8,25.4,85.4,human_error
color_defect,6.8,M11,3.1,66,morning,17.0,32.9,14.91,65.1,27.5,65.5,material_issue
cut,63.6,M07,7.7,11,afternoon,8.8,46.1,14.08,75.4,27.5,69.0,material_issue
hole,30.1,M06,12.0,11,night,1.3,28.1,9.9,69.2,25.3,42.6,material_issue
stain,26.4,M03,4.4,0,night,3.7,35.7,15.38,74.3,26.4,93.4,human_error
color_defect,30.7,M07,14.0,2,afternoon,3.9,33.0,10.38,58.8,20.8,72.4,material_issue
thread_error,21.4,M04,15.0,6,afternoon,8.2,24.4,15.58,58.2,25.3,84.8,machine_fault
oil_spot,1.6,M05,2.0,5,afternoon,1.3,34.2,13.27,77.1,22.8,39.9,material_issue
objects,27.9,M06,11.0,14,afternoon,0.7,25.2,15.86,69.7,20.4,100.0,machine_fault
cut,7.3,M02,12.7,9,afternoon,1.4,23.5,14.8,62.7,19.3,94.1,human_error
stain,7.8,M10,14.3,13,afternoon,10.3,27.1,8.92,68.8,25.9,89.7,material_issue
hole,8.4,M02,10.8,21,morning,0.2,33.8,8.65,65.4,24.9,79.5,human_error
thread_error,7.7,M10,5.2,40,morning,1.8,38.7,7.31,56.1,21.6,42.1,machine_fault
color_defect,4.6,M02,4.8,23,night,9.3,40.1,9.98,54.5,19.4,86.8,human_error
oil_spot,31.8,M08,9.8,22,afternoon,0.3,31.4,12.53,64.0,22.6,59.8,material_issue
cut,23.8,M04,12.6,1,afternoon,0.9,38.0,13.73,46.0,22.7,96.9,human_error
oil_spot,11.5,M01,1.2,30,afternoon,4.2,31.6,13.09,62.8,23.9,61.6,material_issue
stain,2.3,M04,13.2,15,afternoon,4.3,30.3,7.6,77.4,21.5,77.2,material_issue
color_defect,3.2,M10,10.1,8,night,7.6,20.3,7.45,55.7,20.1,78.1,human_error
cut,10.6,M10,3.4,0,morning,10.1,48.0,13.39,84.7,29.3,80.2,material_issue
cut,10.1,M02,9.5,5,morning,7.9,24.3,16.14,60.1,20.4,73.1,material_issue
hole,11.9,M01,12.2,18,afternoon,14.2,23.1,15.67,67.8,27.8,74.7,machine_fault
thread_error,12.5,M01,4.7,1,afternoon,3.1,25.1,10.19,42.1,28.5,93.9,machine_fault
color_defect,9.4,M07,13.2,8,morning,0.7,42.7,7.03,39.5,27.6,82.1,material_issue
oil_spot,10.7,M11,5.6,10,afternoon,3.0,26.9,12.43,68.3,20.2,67.8,material_issue
color_defect,8.8,M09,4.2,12,morning,20.2,38.8,10.6,67.3,23.4,64.3,material_issue
hole,13.1,M03,12.2,0,afternoon,0.3,41.8,9.62,56.1,18.6,98.0,human_error
cut,9.7,M08,11.8,5,morning,10.1,32.8,13.4,54.6,21.6,64.6,material_issue
hole,5.0,M06,5.2,21,night,3.6,39.1,13.2,49.3,24.7,93.5,machine_fault
stain,8.3,M11,9.2,20,afternoon,4.2,27.6,12.83,62.2,20.0,57.4,human_error
oil_spot,4.2,M08,6.7,19,morning,0.3,25.3,10.34,46.6,25.6,68.7,human_error
hole,12.4,M03,13.3,35,night,3.4,41.3,17.01,58.1,28.4,76.4,human_error
cut,11.6,M03,7.9,2,morning,0.8,42.2,9.43,48.9,24.2,78.7,human_error
color_defect,14.3,M01,4.1,2,night,1.0,38.0,9.37,61.8,29.4,65.1,material_issue
thread_error,8.2,M01,14.6,16,morning,2.1,26.2,10.37,48.3,20.6,64.0,material_issue
stain,9.6,M05,8.1,24,afternoon,1.9,35.2,13.78,55.7,25.4,85.0,human_error
stain,4.3,M08,5.1,19,afternoon,12.5,17.7,13.09,72.8,24.4,45.3,material_issue
color_defect,27.5,M04,11.5,19,afternoon,5.8,22.3,8.01,63.8,19.2,83.3,material_issue
cut,2.3,M10,10.2,34,morning,0.9,26.4,10.66,53.7,24.5,62.5,human_error
stain,6.0,M12,1.0,10,night,9.4,30.4,12.32,46.5,23.5,70.0,material_issue
thread_error,9.9,M02,8.4,7,morning,3.8,49.4,11.81,71.3,24.8,68.1,material_issue
objects,17.0,M12,6.8,18,night,8.4,35.5,7.46,49.9,24.9,82.7,machine_fault
cut,12.2,M12,12.6,12,morning,1.3,38.1,11.32,64.7,29.9,100.0,material_issue
thread_error,6.2,M01,10.2,53,afternoon,7.9,32.3,14.95,49.5,21.2,63.8,machine_fault
objects,2.0,M01,8.9,35,morning,0.9,36.7,13.17,50.4,30.0,89.1,machine_fault
oil_spot,7.3,M06,14.4,21,night,3.3,29.9,12.47,57.7,20.9,94.2,human_error
stain,19.7,M09,4.4,33,night,5.9,13.6,14.75,30.5,30.5,53.3,material_issue
objects,4.9,M12,12.5,128,afternoon,0.2,21.0,12.79,53.8,26.5,70.4,machine_fault
stain,2.4,M06,11.9,4,morning,0.3,26.5,14.37,45.9,20.9,75.8,human_error
thread_error,1.4,M11,2.8,36,afternoon,1.6,39.3,12.05,55.0,19.5,60.3,human_error
objects,20.0,M04,6.2,56,morning,2.7,33.2,9.31,48.7,24.7,65.8,machine_fault
hole,4.0,M10,11.3,18,morning,0.8,46.1,13.16,63.1,20.8,69.3,machine_fault
hole,10.6,M03,6.2,33,afternoon,0.2,42.7,12.62,56.2,21.6,60.7,human_error
objects,18.3,M10,2.1,20,night,2.5,36.9,13.5,67.1,22.1,57.7,human_error
stain,13.7,M05,12.3,3,night,0.3,41.8,12.17,60.3,21.9,74.7,human_error
color_defect,5.6,M12,9.3,32,night,0.3,27.4,9.84,43.0,18.4,82.8,human_error
cut,6.6,M09,13.0,19,night,1.4,36.7,11.4,73.6,20.4,62.1,human_error
objects,8.8,M09,6.1,37,morning,7.1,36.0,17.37,56.5,23.8,77.1,machine_fault
oil_spot,6.5,M02,12.6,56,morning,2.0,27.4,7.78,55.7,26.7,56.1,human_error
thread_error,7.0,M08,5.4,17,morning,3.8,47.0,12.31,27.6,25.1,45.8,material_issue
color_defect,17.4,M04,1.8,7,afternoon,0.6,31.7,12.42,66.1,22.7,84.7,human_error
oil_spot,15.7,M10,2.9,26,morning,13.0,36.2,13.41,47.9,24.8,64.2,material_issue
stain,21.4,M10,10.6,34,morning,4.2,26.3,12.83,68.2,23.2,75.1,material_issue
cut,5.8,M05,3.7,0,afternoon,0.3,42.4,8.61,42.8,21.5,100.0,human_error
cut,4.8,M01,5.3,4,morning,1.7,34.4,10.62,62.3,24.4,96.5,human_error
color_defect,8.2,M07,12.5,5,morning,3.3,23.5,12.84,33.7,27.0,54.3,material_issue
cut,2.4,M07,0.9,3,morning,4.8,29.6,11.67,67.5,28.1,85.6,material_issue
cut,9.2,M05,8.5,17,morning,12.7,18.6,14.11,54.2,22.6,75.3,material_issue
oil_spot,10.6,M08,6.0,5,afternoon,3.9,43.0,11.47,48.5,24.1,71.0,material_issue
objects,1.6,M06,3.3,54,morning,4.7,39.6,13.89,66.8,19.8,78.8,machine_fault
cut,4.0,M09,11.3,13,morning,0.4,40.3,14.48,66.5,24.1,83.6,human_error
oil_spot,1.8,M07,9.9,11,night,0.5,29.2,13.12,52.9,25.2,76.6,human_error
hole,1.1,M02,6.9,6,night,1.9,25.7,13.67,47.9,22.5,93.7,human_error
stain,2.1,M09,1.5,11,afternoon,0.2,33.7,10.59,35.1,25.9,61.6,material_issue
cut,4.8,M09,4.1,17,afternoon,1.5,26.2,15.24,71.6,28.2,87.7,human_error
thread_error,3.6,M02,4.1,22,night,1.7,28.2,14.56,50.7,24.4,60.0,human_error
color_defect,2.7,M09,11.2,5,morning,7.1,36.0,17.15,65.5,25.5,98.3,material_issue
thread_error,4.2,M02,12.2,1,morning,0.2,30.0,9.94,50.3,25.1,85.2,human_error
hole,15.1,M12,13.3,34,morning,0.9,36.9,11.36,56.0,27.4,73.7,machine_fault
thread_error,4.9,M09,3.7,29,afternoon,1.8,36.4,10.5,21.8,25.9,75.2,material_issue
objects,8.2,M01,9.9,11,night,10.0,47.1,13.64,56.1,22.0,74.7,machine_fault
stain,2.5,M02,9.8,35,afternoon,0.4,29.6,13.37,48.3,19.8,58.0,material_issue
color_defect,8.9,M05,6.5,26,morning,0.2,44.1,15.36,60.7,27.7,77.7,human_error
thread_error,4.8,M01,11.7,15,afternoon,4.0,33.1,11.28,42.8,24.2,75.1,machine_fault
oil_spot,5.5,M06,14.5,6,afternoon,0.4,36.4,14.0,68.9,25.9,64.8,material_issue
color_defect,1.9,M11,4.1,4,night,11.9,35.1,12.3,53.2,23.5,83.2,material_issue
oil_spot,9.3,M11,14.5,4,night,4.7,47.2,10.55,50.3,20.1,68.3,human_error
thread_error,12.3,M10,6.0,34,night,15.6,25.8,15.75,56.1,23.5,77.6,machine_fault
color_defect,3.7,M06,2.4,4,afternoon,7.6,37.4,11.86,50.1,19.8,84.7,material_issue
stain,1.3,M08,4.9,33,night,0.3,28.5,14.12,59.4,20.4,63.0,human_error
hole,2.9,M09,0.9,8,afternoon,2.9,40.1,10.31,63.1,18.9,67.0,human_error
hole,2.9,M01,7.3,4,afternoon,2.1,38.2,12.34,72.7,24.4,78.3,machine_fault
thread_error,2.9,M06,12.0,7,morning,3.1,45.0,12.64,71.0,23.5,85.6,material_issue
oil_spot,20.6,M12,3.9,33,morning,10.9,27.2,10.74,51.1,22.9,92.2,material_issue
objects,6.2,M06,13.9,42,morning,2.4,37.4,12.45,47.0,18.1,70.9,machine_fault
thread_error,1.2,M07,15.0,29,afternoon,0.0,28.0,15.88,70.6,28.9,85.3,human_error
objects,4.2,M09,0.6,6,morning,0.7,27.7,14.0,35.4,23.5,99.5,human_error
oil_spot,25.5,M06,5.2,2,afternoon,1.0,35.4,9.67,73.8,25.8,85.4,material_issue
objects,1.6,M10,1.8,89,morning,4.0,42.4,8.75,62.7,22.1,82.1,machine_fault
oil_spot,8.8,M02,8.4,6,morning,3.4,27.2,11.13,27.5,26.1,67.7,material_issue
thread_error,5.4,M11,12.8,7,afternoon,11.8,18.9,15.18,57.7,23.6,92.0,machine_fault
cut,4.2,M06,3.2,22,morning,1.8,39.5,10.02,58.1,24.6,76.0,human_error
objects,2.1,M07,3.2,30,morning,9.9,31.9,12.18,33.9,22.8,73.3,machine_fault
thread_error,3.1,M11,12.1,6,morning,7.2,37.7,9.41,52.9,22.7,89.0,machine_fault
oil_spot,4.4,M06,9.9,22,night,19.9,37.2,9.92,67.6,22.3,81.5,material_issue
cut,18.0,M01,8.6,42,night,3.0,32.3,10.59,74.4,23.2,88.7,human_error
color_defect,3.5,M06,9.5,20,morning,7.9,39.7,11.4,51.7,24.0,81.6,material_issue
objects,8.2,M09,5.9,14,morning,3.4,33.3,12.74,59.2,25.0,58.8,machine_fault
cut,2.8,M08,8.1,7,afternoon,10.1,45.3,12.0,57.1,21.5,83.7,material_issue
oil_spot,3.1,M10,6.0,8,morning,0.2,34.7,15.16,30.9,27.0,72.7,material_issue
color_defect,1.8,M02,8.3,20,afternoon,4.9,46.2,14.87,65.0,25.8,97.3,human_error
thread_error,6.0,M10,9.7,7,morning,12.7,43.3,15.91,65.7,26.8,64.2,machine_fault
objects,2.0,M01,6.6,22,afternoon,1.9,23.7,12.79,71.8,24.6,64.5,human_error
cut,12.9,M09,11.2,33,night,0.8,41.5,8.15,48.0,26.0,50.1,human_error
hole,2.5,M12,10.5,29,morning,3.5,30.5,15.19,31.6,21.2,73.6,material_issue
color_defect,36.1,M11,11.8,2,morning,2.4,36.6,12.98,69.4,26.8,66.6,material_issue
thread_error,3.6,M01,14.3,31,morning,0.3,36.7,13.37,56.2,29.3,78.5,human_error
cut,3.4,M12,1.9,10,afternoon,1.4,17.9,11.79,48.3,25.7,74.8,human_error
hole,4.4,M10,12.8,24,morning,2.8,31.3,9.7,42.6,26.4,72.4,machine_fault
hole,5.6,M07,5.0,11,afternoon,4.5,41.8,9.4,56.2,24.5,74.1,machine_fault
stain,2.2,M07,3.9,4,morning,0.8,37.9,13.07,67.3,23.5,81.9,material_issue
color_defect,4.7,M09,13.6,2,morning,1.5,32.2,15.33,37.7,29.0,64.4,human_error
hole,4.9,M05,2.0,14,afternoon,0.5,34.8,12.1,52.2,23.1,74.7,machine_fault
objects,1.7,M08,7.7,6,afternoon,4.4,40.8,14.4,51.6,23.3,54.0,machine_fault
cut,24.4,M06,14.7,28,morning,2.8,49.4,13.44,11.1,22.5,54.2,material_issue
color_defect,6.5,M07,9.0,30,night,6.9,24.7,12.5,57.8,20.6,88.3,human_error
objects,8.8,M10,3.3,21,afternoon,16.0,32.6,14.93,44.2,24.8,96.8,machine_fault
hole,6.0,M03,12.4,18,morning,0.2,38.2,11.32,58.6,27.8,100.0,human_error
cut,27.1,M08,12.5,13,morning,0.3,41.0,13.03,61.6,27.3,88.9,human_error
color_defect,7.1,M06,8.4,32,morning,9.1,34.4,11.88,58.5,23.1,95.1,material_issue
cut,4.9,M04,2.0,20,afternoon,9.2,39.1,8.6,31.1,20.6,82.5,material_issue
oil_spot,21.0,M08,11.3,11,night,3.0,34.1,12.18,69.7,30.6,98.4,human_error
stain,3.0,M02,9.5,42,morning,7.6,35.1,15.59,45.2,19.0,63.1,material_issue
color_defect,10.0,M05,10.1,32,morning,3.4,44.6,9.48,54.7,24.2,49.5,material_issue
objects,14.5,M03,8.3,1,afternoon,19.9,36.7,8.44,59.8,22.9,85.8,machine_fault
oil_spot,4.6,M04,2.3,24,night,0.2,21.3,10.57,53.6,28.2,100.0,human_error
thread_error,2.4,M11,14.6,25,morning,3.5,35.3,11.17,70.6,19.9,49.8,machine_fault
hole,2.4,M11,1.3,9,afternoon,5.6,47.6,19.29,45.8,27.2,71.1,human_error
stain,8.6,M10,13.6,10,night,0.3,32.3,13.75,35.2,25.4,100.0,human_error
thread_error,4.5,M02,11.4,37,afternoon,2.8,24.7,10.53,66.6,24.4,86.4,machine_fault
cut,3.0,M08,13.1,2,morning,1.3,21.1,15.43,41.7,25.1,81.6,human_error
cut,2.9,M05,7.2,10,night,9.2,33.1,13.92,49.2,18.5,94.2,human_error
stain,1.0,M11,2.6,2,morning,0.6,37.5,8.4,49.3,25.0,67.0,human_error
thread_error,5.1,M06,12.5,22,afternoon,9.9,23.9,10.59,65.1,29.6,56.7,machine_fault
stain,15.1,M07,6.3,9,morning,0.4,27.9,9.1,73.1,24.8,83.8,material_issue
objects,1.1,M10,9.2,14,afternoon,2.3,15.5,13.43,62.8,25.1,81.6,machine_fault
hole,1.0,M02,6.9,27,afternoon,2.2,39.2,16.81,65.4,20.0,84.7,human_error
thread_error,6.0,M11,9.9,67,night,5.1,15.7,10.82,53.9,23.1,69.7,machine_fault
hole,2.9,M02,4.3,36,morning,3.0,20.5,16.33,74.0,22.2,81.8,human_error
objects,9.2,M08,14.0,2,afternoon,4.2,26.5,10.67,58.9,20.3,90.7,machine_fault
stain,9.5,M02,12.0,9,night,2.3,35.2,11.93,66.7,30.2,84.9,material_issue
objects,4.8,M05,9.4,17,morning,2.9,20.8,13.99,36.6,25.0,91.2,machine_fault
color_defect,2.7,M05,14.4,2,morning,4.8,25.5,13.99,51.9,24.7,71.5,material_issue
hole,2.9,M08,5.8,0,night,6.8,34.3,10.07,41.2,25.5,90.8,machine_fault
hole,14.4,M03,1.3,13,morning,2.0,48.3,11.16,60.8,24.3,82.5,material_issue
stain,3.8,M05,6.5,15,night,0.2,51.6,10.02,68.1,18.3,63.4,human_error
thread_error,6.5,M12,6.9,4,morning,2.7,39.2,11.54,69.2,24.6,86.0,human_error
hole,6.0,M02,14.4,9,afternoon,7.6,27.9,10.97,61.5,23.1,68.0,material_issue
objects,8.5,M07,14.3,14,morning,2.7,39.6,13.25,57.5,27.2,75.5,machine_fault
thread_error,23.3,M03,9.5,4,morning,1.4,30.5,11.09,65.0,25.5,72.8,machine_fault
oil_spot,13.0,M02,1.5,16,afternoon,0.5,32.7,14.95,64.9,21.9,71.1,material_issue
oil_spot,15.5,M08,10.6,17,morning,0.6,27.0,8.18,36.7,20.2,74.2,material_issue
color_defect,3.3,M09,8.6,58,night,4.6,21.8,10.37,67.0,24.3,72.8,material_issue
objects,3.1,M11,2.2,12,morning,2.3,35.2,10.43,62.5,27.1,94.4,machine_fault
hole,12.4,M08,3.3,8,afternoon,1.7,29.9,11.32,53.4,19.6,69.1,human_error
hole,6.6,M08,6.6,5,afternoon,2.4,41.0,14.62,60.0,26.7,68.9,human_error
oil_spot,2.0,M05,10.8,0,morning,0.7,35.1,8.57,44.4,26.8,95.1,human_error
stain,9.1,M10,14.0,12,morning,2.6,39.6,14.88,37.6,24.4,73.4,material_issue
color_defect,23.1,M07,13.5,9,afternoon,2.4,54.2,13.91,57.6,29.5,58.3,material_issue
oil_spot,8.6,M06,12.3,8,afternoon,3.3,36.4,10.47,55.6,23.5,73.0,material_issue
thread_error,4.6,M11,7.6,8,afternoon,1.1,42.9,12.94,55.5,19.4,87.7,machine_fault
thread_error,9.7,M07,0.8,14,afternoon,5.7,22.0,15.16,60.4,19.4,75.8,machine_fault
hole,12.3,M03,5.7,4,morning,7.7,28.3,15.03,67.5,29.0,95.3,machine_fault
objects,19.3,M05,3.9,1,afternoon,5.4,39.4,7.79,53.9,22.3,78.8,machine_fault
oil_spot,6.5,M08,4.7,5,afternoon,0.6,38.2,14.19,58.9,24.5,76.2,human_error
stain,1.5,M08,4.0,7,morning,6.6,34.2,9.7,46.0,23.6,80.8,material_issue
cut,7.8,M11,8.0,6,night,1.3,34.4,11.98,48.0,23.4,81.0,human_error
objects,13.2,M08,12.0,3,afternoon,3.3,38.6,9.92,51.4,20.9,91.6,machine_fault
stain,6.1,M02,8.0,19,morning,0.0,28.9,11.8,34.8,18.3,96.9,material_issue
color_defect,4.1,M05,0.7,32,afternoon,1.1,47.5,9.81,42.7,22.7,100.0,human_error
color_defect,24.8,M05,9.9,12,afternoon,3.6,39.0,14.58,54.3,23.9,57.0,material_issue
color_defect,10.9,M05,4.4,12,afternoon,1.6,34.7,9.57,60.5,26.1,62.3,human_error
stain,5.7,M12,2.2,0,morning,1.6,37.8,16.66,52.0,24.8,76.0,human_error
objects,5.5,M08,12.9,26,morning,2.5,35.3,12.91,40.6,28.0,90.1,human_error
objects,14.6,M12,7.7,7,afternoon,9.0,24.0,9.74,40.8,22.2,57.6,machine_fault
oil_spot,6.1,M04,7.1,34,night,5.0,25.7,14.21,37.9,19.9,100.0,human_error
oil_spot,9.1,M05,5.5,9,night,1.8,36.9,11.18,71.2,19.5,77.0,human_error
color_defect,6.1,M12,0.6,19,afternoon,1.5,27.3,20.32,44.9,21.0,86.7,human_error
color_defect,2.8,M10,13.9,15,afternoon,4.4,45.1,9.76,43.8,19.1,59.2,material_issue
stain,8.6,M07,12.1,6,night,9.1,44.6,13.66,61.3,31.1,67.8,material_issue
oil_spot,4.8,M12,7.6,58,morning,4.1,30.4,11.77,46.0,24.0,79.8,machine_fault
hole,9.6,M06,14.1,16,morning,0.2,39.2,15.06,56.1,26.4,72.9,machine_fault
cut,9.2,M08,4.2,16,afternoon,3.4,36.0,11.5,55.3,26.7,81.8,human_error
cut,6.7,M06,12.7,7,night,3.9,50.1,9.06,68.7,23.0,89.0,human_error
objects,1.4,M01,9.1,55,night,0.3,37.3,9.44,39.7,24.2,77.7,human_error
oil_spot,9.8,M02,1.2,15,night,1.7,27.9,11.06,68.7,28.1,73.8,material_issue
stain,9.6,M03,13.9,53,afternoon,0.2,26.5,9.96,34.3,21.6,95.5,machine_fault
thread_error,14.2,M02,1.0,0,night,3.4,34.3,13.38,53.7,20.1,86.2,human_error
hole,15.4,M05,8.9,22,afternoon,2.4,45.8,14.12,54.8,19.4,66.6,machine_fault
hole,6.6,M04,4.9,28,afternoon,9.2,35.3,12.08,62.8,20.7,88.3,machine_fault
cut,4.0,M05,0.9,7,morning,0.7,31.7,11.49,44.5,22.5,87.2,human_error
hole,7.6,M12,12.4,21,afternoon,1.4,22.6,7.41,61.5,24.6,66.5,machine_fault
color_defect,5.2,M07,6.3,28,night,1.6,39.1,10.19,60.1,21.8,87.0,human_error
color_defect,4.6,M06,0.8,11,morning,6.5,37.2,10.99,43.3,26.4,65.8,material_issue
objects,8.2,M04,13.2,10,night,4.6,35.0,15.2,61.1,24.0,66.0,human_error
hole,7.4,M01,7.7,8,afternoon,0.8,38.3,11.76,57.4,21.6,58.1,machine_fault
stain,12.8,M05,7.6,12,afternoon,2.9,30.3,11.52,63.7,20.4,75.3,material_issue
cut,1.2,M08,7.1,9,afternoon,6.1,25.6,13.89,47.3,24.1,58.0,material_issue
stain,6.5,M03,6.3,151,morning,0.8,38.5,3.99,71.3,21.0,75.7,machine_fault
cut,15.8,M01,14.5,34,afternoon,6.1,29.2,11.61,46.1,28.8,72.0,machine_fault
stain,1.7,M11,12.4,20,morning,2.9,44.1,13.0,62.4,23.8,46.0,material_issue
cut,5.6,M03,9.8,12,night,1.0,48.3,13.83,50.9,27.6,58.0,human_error
objects,12.9,M06,2.0,21,morning,12.1,19.7,7.68,68.3,26.2,52.7,machine_fault
stain,14.8,M06,2.5,0,night,1.6,32.5,11.17,58.8,26.4,75.0,human_error
cut,14.6,M11,5.8,81,afternoon,14.5,45.6,12.87,46.5,24.3,69.5,machine_fault
cut,10.5,M09,2.4,16,night,10.6,33.5,10.97,39.1,27.3,69.4,human_error
oil_spot,8.7,M12,14.8,39,afternoon,5.0,35.6,13.2,40.9,24.7,42.8,material_issue
objects,15.9,M03,9.2,20,night,2.8,30.9,9.04,48.2,19.2,100.0,human_error
hole,25.1,M03,5.0,34,morning,0.5,39.2,11.39,60.5,23.2,91.8,machine_fault
stain,6.5,M10,11.4,1,afternoon,0.5,26.8,9.81,50.2,25.3,83.3,machine_fault
oil_spot,3.0,M08,1.3,5,morning,4.5,23.8,6.3,51.6,20.6,88.2,human_error
thread_error,5.1,M03,10.3,16,night,1.1,26.6,10.72,53.7,21.5,92.1,human_error
color_defect,1.1,M01,14.5,42,afternoon,3.5,27.7,15.28,51.5,28.1,68.0,human_error
objects,1.2,M04,2.9,19,afternoon,0.8,23.5,10.81,39.3,26.9,100.0,human_error
hole,1.1,M05,9.6,5,afternoon,25.0,34.9,9.28,52.1,23.6,59.5,material_issue
color_defect,8.5,M10,13.3,45,morning,0.7,33.5,17.62,58.5,22.0,91.3,human_error
hole,6.0,M04,12.6,0,morning,0.2,25.6,13.79,53.3,24.8,62.0,human_error
thread_error,3.5,M08,7.1,5,morning,4.9,28.0,13.14,40.1,24.7,81.7,material_issue
thread_error,6.9,M05,13.8,16,morning,3.6,33.0,10.8,52.5,22.0,77.6,machine_fault
color_defect,13.5,M01,2.5,23,morning,6.5,46.4,10.98,68.6,26.0,87.7,material_issue
color_defect,21.5,M09,6.9,20,morning,0.3,32.1,16.54,34.3,30.6,77.2,human_error
thread_error,14.8,M06,8.2,23,morning,4.3,40.5,14.72,58.0,24.0,61.6,machine_fault
oil_spot,7.0,M11,2.8,9,morning,0.9,41.0,13.85,59.7,25.1,90.6,material_issue
cut,1.0,M01,7.7,5,night,2.7,31.0,11.34,62.5,24.6,81.1,human_error
cut,13.6,M09,12.4,18,morning,1.8,29.5,9.08,47.4,24.5,74.2,human_error
stain,4.1,M07,8.4,23,night,6.4,36.1,11.39,56.2,24.7,74.2,human_error
objects,1.7,M01,14.9,8,night,1.6,37.3,9.76,64.7,23.7,86.9,human_error
cut,7.9,M11,9.8,33,morning,15.9,20.8,10.69,58.3,17.5,76.3,machine_fault
color_defect,13.5,M11,11.4,5,morning,1.9,35.7,14.07,41.1,20.5,73.8,material_issue
color_defect,5.6,M09,11.5,1,night,7.1,55.7,9.06,66.8,27.6,82.4,human_error
objects,1.4,M04,6.9,9,morning,13.4,42.7,8.29,37.4,26.3,53.5,machine_fault
objects,8.6,M09,2.6,0,morning,2.5,40.2,16.2,28.4,23.8,60.4,material_issue
thread_error,4.8,M05,7.8,65,morning,0.9,51.6,10.07,65.4,25.0,89.6,machine_fault
color_defect,5.3,M08,7.1,98,afternoon,5.7,35.0,11.4,65.1,26.1,70.9,machine_fault
thread_error,13.2,M02,6.8,64,morning,3.6,41.8,13.98,66.9,26.8,75.8,machine_fault
oil_spot,3.5,M10,11.6,68,night,2.6,41.2,14.92,61.6,25.8,68.3,human_error
stain,2.1,M03,12.5,7,morning,2.6,30.3,11.55,67.7,25.3,62.5,material_issue
stain,8.4,M03,14.7,21,afternoon,1.5,26.0,12.68,53.4,24.5,99.8,machine_fault
color_defect,3.3,M12,14.6,7,morning,1.1,41.4,13.63,75.4,27.3,69.9,material_issue
color_defect,2.5,M02,1.2,38,morning,2.0,36.1,9.81,40.8,22.4,49.2,human_error
objects,4.2,M11,1.6,15,night,1.2,25.2,11.64,52.4,23.9,79.0,human_error
oil_spot,10.8,M12,5.0,54,afternoon,15.7,31.6,12.68,53.9,24.3,75.1,machine_fault
hole,2.1,M11,6.5,44,afternoon,7.3,44.4,10.76,56.0,21.4,91.6,machine_fault
oil_spot,9.7,M08,8.1,30,morning,2.0,23.5,12.94,72.4,22.8,66.7,material_issue
oil_spot,3.1,M03,7.7,31,afternoon,5.2,26.3,9.78,39.6,25.3,76.5,material_issue
hole,25.9,M04,12.7,2,morning,1.7,54.7,9.04,65.5,24.0,62.2,human_error
color_defect,13.5,M03,0.7,23,night,3.0,30.8,14.56,71.0,27.1,96.5,human_error
stain,4.8,M11,1.5,30,night,2.3,34.9,8.88,35.7,20.0,58.3,human_error
objects,3.0,M01,1.8,63,morning,10.8,36.5,15.09,65.7,22.8,70.1,machine_fault
oil_spot,5.2,M02,14.2,14,afternoon,11.9,37.8,12.3,67.6,22.3,68.4,material_issue
thread_error,10.3,M06,11.3,2,afternoon,3.7,25.5,15.84,55.6,16.4,71.6,machine_fault
cut,1.0,M03,5.6,1,afternoon,4.7,36.6,8.57,63.3,21.8,58.1,human_error
objects,12.5,M08,14.5,15,morning,0.4,44.0,12.34,58.4,27.0,99.5,machine_fault
stain,2.9,M10,12.0,0,morning,7.7,32.0,14.81,65.2,24.5,75.5,human_error
hole,10.9,M05,10.1,18,night,3.2,36.1,11.24,36.5,21.0,75.1,human_error
objects,14.7,M01,15.0,12,afternoon,6.4,29.0,6.53,52.9,17.7,60.1,machine_fault
objects,4.3,M10,11.8,1,morning,1.5,35.0,10.63,68.7,17.7,73.0,human_error
oil_spot,12.9,M12,13.2,24,afternoon,0.2,35.1,11.97,46.9,20.3,69.9,material_issue
objects,19.7,M11,11.1,8,night,1.1,43.8,14.29,52.0,22.7,61.3,human_error
objects,19.7,M05,11.9,11,afternoon,10.8,31.4,11.7,60.0,28.5,54.4,machine_fault
hole,7.9,M05,1.6,17,afternoon,3.0,35.2,12.82,48.0,25.0,59.1,human_error
stain,20.1,M04,9.8,2,afternoon,5.2,26.6,14.67,49.7,19.0,84.1,material_issue
color_defect,11.3,M11,8.1,2,morning,0.3,42.6,8.9,23.7,20.0,81.3,human_error
cut,8.3,M04,9.9,10,afternoon,2.7,48.6,13.05,59.6,22.1,94.8,human_error
thread_error,15.6,M11,3.1,29,night,1.8,19.5,7.98,65.9,22.0,65.8,human_error
color_defect,12.8,M07,3.5,16,morning,7.4,25.3,10.32,41.6,24.3,84.4,material_issue
objects,9.6,M06,3.7,24,night,0.4,37.5,12.94,71.5,20.9,82.4,human_error
stain,6.5,M05,0.8,27,afternoon,4.8,43.4,11.37,41.5,21.2,90.2,material_issue
cut,24.8,M06,8.5,2,night,7.3,38.7,13.98,26.3,21.5,65.2,material_issue
cut,11.1,M04,9.0,2,morning,3.7,40.8,12.83,52.2,24.7,78.9,human_error
objects,24.5,M04,5.7,33,night,8.2,32.3,8.08,70.4,21.1,67.8,machine_fault
thread_error,3.4,M12,9.6,30,night,7.6,39.9,11.04,39.4,26.9,92.4,machine_fault
color_defect,5.1,M05,3.6,22,morning,0.3,24.1,7.64,41.3,21.5,60.4,material_issue
stain,1.8,M01,5.6,7,night,2.2,41.9,16.03,50.5,23.6,59.5,human_error
cut,1.4,M10,14.7,3,afternoon,5.0,31.3,10.43,61.0,21.1,92.0,human_error
cut,7.4,M11,2.5,21,afternoon,4.5,39.9,12.17,19.1,25.3,69.1,material_issue
objects,7.0,M06,2.9,19,afternoon,6.5,33.2,12.58,58.8,21.0,62.8,machine_fault
objects,1.4,M07,1.2,9,morning,9.4,38.3,9.3,79.5,25.6,73.4,material_issue
oil_spot,1.4,M09,11.7,9,afternoon,6.9,37.2,10.4,45.3,25.0,63.3,material_issue
cut,21.5,M10,9.1,2,afternoon,6.5,25.6,12.37,46.9,27.0,72.6,material_issue
color_defect,18.2,M06,10.6,4,morning,0.6,25.2,9.66,65.7,27.1,91.4,human_error
hole,2.6,M11,13.7,15,morning,6.0,35.3,11.97,51.1,22.4,92.8,machine_fault
hole,2.2,M09,10.6,34,night,6.1,32.8,9.53,73.8,26.3,74.0,machine_fault
cut,11.8,M10,6.1,62,afternoon,2.9,42.2,10.64,51.3,27.6,69.1,human_error
objects,3.8,M03,7.8,11,night,0.2,37.1,16.88,55.0,27.2,84.7,human_error
color_defect,5.0,M11,7.7,4,morning,1.4,15.6,10.7,57.8,20.8,89.9,material_issue
stain,3.1,M08,3.3,1,night,5.4,25.9,9.41,76.7,24.9,67.9,human_error
stain,27.5,M03,5.1,18,afternoon,2.8,31.4,13.14,70.0,20.7,69.4,material_issue
thread_error,34.6,M10,2.7,13,morning,1.9,34.2,11.86,61.2,27.8,75.2,machine_fault
color_defect,4.0,M07,10.0,12,morning,2.2,35.9,10.49,27.1,25.1,78.6,material_issue
color_defect,7.3,M06,9.5,23,afternoon,5.8,23.8,10.99,64.5,18.9,81.6,material_issue
cut,7.1,M09,11.9,5,afternoon,2.1,38.7,8.92,31.8,25.8,57.4,machine_fault
oil_spot,26.1,M11,4.4,1,morning,6.5,41.1,8.88,54.2,24.5,75.3,material_issue
oil_spot,12.1,M09,12.2,25,afternoon,2.2,35.2,11.69,59.5,26.7,77.0,human_error
oil_spot,1.4,M09,9.7,3,morning,1.4,39.4,16.41,46.0,25.4,73.8,human_error
cut,10.6,M08,2.7,57,afternoon,0.4,39.1,8.71,59.9,17.8,83.8,human_error
oil_spot,2.7,M04,5.2,14,afternoon,2.0,38.1,10.01,40.2,31.6,64.5,human_error
objects,17.4,M05,8.1,25,afternoon,2.4,32.3,9.97,52.7,21.1,82.9,machine_fault
oil_spot,4.8,M04,14.9,3,night,2.8,34.2,12.99,43.0,25.8,86.8,material_issue
hole,6.9,M11,4.4,9,morning,4.1,34.6,9.63,64.3,23.0,73.0,machine_fault
oil_spot,14.8,M04,13.5,0,night,1.2,24.8,7.36,48.0,23.2,69.8,human_error
thread_error,30.2,M08,6.7,3,night,0.8,49.7,16.47,60.8,23.6,79.6,human_error
oil_spot,5.2,M02,3.3,13,night,0.8,32.9,14.81,44.6,19.3,86.0,human_error
hole,8.9,M11,4.5,48,afternoon,0.7,32.4,12.19,67.3,26.7,66.7,human_error
stain,7.1,M05,7.4,26,morning,4.3,36.4,8.76,56.5,25.3,82.3,human_error
hole,6.0,M09,13.2,12,morning,8.6,12.4,10.51,34.1,20.4,100.0,machine_fault
stain,14.9,M11,11.4,2,morning,6.5,38.7,9.12,55.3,25.5,66.5,material_issue
stain,6.9,M02,14.8,5,morning,1.6,19.6,11.51,51.4,23.9,67.0,human_error
color_defect,5.0,M04,1.2,35,morning,9.7,31.3,11.5,54.4,24.0,48.1,material_issue
oil_spot,2.6,M01,13.4,9,morning,1.0,43.4,10.14,54.8,22.7,81.3,human_error
oil_spot,7.0,M12,1.6,12,afternoon,1.5,27.7,10.16,35.4,26.1,82.6,material_issue
color_defect,2.2,M01,5.5,4,night,2.5,22.3,10.59,50.2,23.8,55.5,human_error
hole,5.7,M01,6.3,3,afternoon,0.3,47.1,12.65,56.2,24.7,62.1,human_error
color_defect,5.6,M12,4.6,17,morning,0.5,19.6,14.22,72.4,30.2,59.3,material_issue
stain,18.0,M10,13.0,21,morning,8.0,39.1,13.68,74.3,23.4,100.0,human_error
cut,8.9,M04,13.3,58,afternoon,0.0,35.5,12.14,77.3,22.4,42.0,human_error
oil_spot,7.2,M09,5.9,7,morning,2.3,35.4,13.63,44.0,20.0,51.3,material_issue
oil_spot,9.0,M01,1.9,72,morning,0.3,43.5,14.57,43.8,25.7,78.6,material_issue
objects,35.6,M10,10.6,2,morning,6.8,42.2,12.02,51.8,22.3,60.1,machine_fault
color_defect,3.4,M04,11.9,22,afternoon,9.1,48.0,10.27,79.1,24.4,100.0,material_issue
hole,2.1,M09,13.0,0,morning,2.5,27.1,13.25,55.4,21.9,94.9,machine_fault
thread_error,11.8,M05,7.6,10,night,0.3,44.3,12.56,39.4,18.7,92.3,human_error
oil_spot,7.0,M08,13.9,24,afternoon,3.0,33.4,11.59,40.2,23.8,100.0,material_issue
thread_error,5.5,M07,3.0,50,night,1.0,11.4,9.49,67.8,22.5,72.0,human_error
thread_error,28.1,M03,9.5,3,morning,2.2,30.1,8.93,50.1,23.3,68.5,machine_fault
hole,4.3,M11,6.3,61,night,3.5,34.9,11.71,46.9,25.1,56.0,machine_fault
cut,6.6,M04,11.9,6,morning,0.9,40.1,14.64,58.2,22.0,52.4,human_error
color_defect,7.6,M07,5.3,2,afternoon,0.0,26.2,10.33,36.2,21.2,59.5,material_issue
objects,3.9,M05,9.3,0,afternoon,1.1,23.3,8.31,68.1,23.6,72.0,human_error
objects,3.5,M12,3.6,36,afternoon,0.1,39.4,8.55,95.6,24.9,86.0,material_issue
cut,4.1,M04,14.5,7,afternoon,2.1,33.7,13.9,35.8,22.9,90.5,machine_fault
hole,8.5,M07,13.5,3,afternoon,13.2,24.6,15.29,72.0,27.1,62.0,material_issue
thread_error,2.8,M07,0.7,8,morning,3.9,44.9,9.86,23.2,22.7,65.0,human_error
hole,3.2,M02,0.6,5,morning,5.0,36.6,11.97,56.6,29.2,84.3,machine_fault
cut,11.0,M07,3.7,6,morning,10.0,44.1,14.78,76.3,26.0,74.3,material_issue
color_defect,19.8,M08,14.5,5,morning,0.1,24.8,10.65,94.2,20.7,93.9,material_issue
oil_spot,2.5,M04,8.6,7,morning,1.4,41.3,14.33,51.3,21.8,67.9,material_issue
stain,8.0,M11,3.2,18,night,0.2,12.1,14.36,57.5,25.6,94.8,human_error
cut,6.8,M04,13.0,10,afternoon,2.0,37.6,14.07,58.9,24.2,70.6,human_error
thread_error,2.8,M08,6.2,39,afternoon,8.8,25.7,14.87,61.1,26.2,79.9,machine_fault
color_defect,10.3,M06,9.7,22,morning,6.8,42.8,13.07,38.9,20.4,56.8,material_issue
cut,9.5,M01,2.4,17,night,3.0,49.0,9.45,44.8,20.1,78.5,human_error
color_defect,4.6,M06,10.4,2,night,1.2,44.1,8.89,57.5,22.0,72.4,human_error
oil_spot,13.7,M07,9.2,10,morning,11.8,29.7,7.09,57.0,23.6,46.9,material_issue
hole,7.9,M05,6.9,25,afternoon,0.5,32.5,13.92,38.6,32.1,64.2,machine_fault
hole,2.1,M01,13.0,7,afternoon,1.0,32.6,12.88,53.3,27.4,67.3,machine_fault
cut,4.0,M04,1.9,19,morning,0.6,34.3,14.2,51.9,24.5,74.9,human_error
objects,17.2,M06,10.4,0,night,1.1,33.3,11.77,68.1,23.2,86.5,human_error
cut,6.7,M04,11.6,47,night,5.4,38.6,14.34,46.9,23.6,76.8,human_error
thread_error,1.1,M05,9.6,47,morning,12.8,16.9,10.19,42.7,27.5,56.9,material_issue
thread_error,17.0,M05,9.9,7,morning,2.9,53.8,5.63,54.2,27.9,67.7,human_error
thread_error,2.6,M01,0.7,13,morning,0.8,43.9,11.85,88.9,21.2,83.3,material_issue
hole,4.4,M11,6.3,56,morning,4.5,35.6,9.25,48.0,24.1,63.9,machine_fault
cut,8.0,M05,9.1,7,night,11.0,45.9,5.77,72.5,27.5,69.8,human_error
stain,8.2,M09,4.6,42,morning,6.4,43.6,16.55,47.3,20.2,73.9,machine_fault
color_defect,4.3,M07,13.7,8,afternoon,13.3,20.1,12.37,74.4,25.8,63.4,material_issue
stain,11.1,M07,14.7,5,morning,4.2,39.1,12.43,44.0,22.2,91.6,material_issue
hole,6.5,M02,5.9,12,night,3.2,33.5,9.11,49.1,22.9,88.0,machine_fault
objects,5.2,M09,7.2,60,night,0.9,40.5,11.57,50.7,22.4,82.2,human_error
color_defect,7.9,M05,7.9,13,morning,4.1,19.5,8.26,74.9,28.5,86.3,material_issue
objects,9.7,M11,5.5,35,morning,2.5,24.2,10.92,42.2,26.4,72.6,machine_fault
oil_spot,5.2,M08,12.8,2,night,3.9,38.1,13.96,60.6,20.2,79.0,human_error
thread_error,9.1,M06,13.6,42,afternoon,10.5,19.5,16.91,54.5,25.5,55.3,machine_fault
stain,7.8,M04,12.6,9,morning,6.0,29.7,10.22,38.5,19.0,65.0,material_issue
color_defect,10.6,M03,8.6,16,afternoon,1.6,50.0,7.99,37.2,17.7,60.9,material_issue
objects,17.8,M12,1.3,3,morning,2.9,26.1,13.24,59.5,25.6,87.2,machine_fault
stain,6.3,M04,10.0,2,night,1.7,24.4,12.12,63.4,24.2,53.7,human_error
thread_error,2.3,M07,10.0,4,morning,1.1,32.3,9.85,56.7,28.0,58.8,machine_fault
cut,7.6,M09,6.3,12,afternoon,1.3,42.3,10.88,65.4,22.9,59.2,human_error
oil_spot,6.2,M09,6.5,39,afternoon,0.0,33.2,9.05,43.6,25.4,70.8,human_error
cut,2.5,M06,3.4,1,afternoon,0.3,46.2,10.37,62.3,29.0,62.3,human_error
stain,14.9,M08,4.1,3,afternoon,8.7,37.3,8.73,56.3,25.1,100.0,material_issue
thread_error,22.7,M10,14.3,13,afternoon,3.8,39.7,13.29,63.4,27.0,94.5,machine_fault
color_defect,22.8,M09,9.5,0,afternoon,5.9,42.4,13.94,56.3,24.0,81.3,human_error
cut,9.2,M10,7.9,17,morning,10.2,44.7,18.53,47.0,23.7,69.7,material_issue
stain,9.1,M10,0.9,70,afternoon,0.7,38.6,12.74,49.3,24.1,55.4,human_error
stain,8.5,M08,13.6,18,afternoon,6.9,29.9,10.14,51.5,28.3,89.0,material_issue
hole,27.4,M06,7.5,26,afternoon,0.9,32.7,8.64,63.0,13.2,79.3,human_error
oil_spot,31.5,M06,3.7,5,morning,1.9,26.7,12.8,61.6,21.4,72.2,material_issue
cut,4.6,M02,4.9,13,afternoon,2.2,28.4,16.64,71.4,28.7,65.2,material_issue
oil_spot,10.3,M02,7.0,10,morning,0.6,45.7,14.39,82.2,25.8,94.5,human_error
thread_error,1.3,M07,4.9,16,morning,1.1,31.4,9.8,59.0,24.2,95.9,human_error
cut,7.8,M11,14.9,7,morning,0.5,28.6,12.47,56.7,24.3,61.5,human_error
cut,3.7,M05,9.6,0,morning,1.1,33.9,13.63,70.3,26.5,86.2,human_error
thread_error,4.1,M02,4.2,53,morning,2.3,32.5,11.31,58.1,19.7,71.4,machine_fault
objects,1.1,M08,7.6,15,night,3.3,31.1,11.15,61.4,31.6,84.5,human_error
hole,4.7,M10,4.6,100,afternoon,3.3,31.4,8.53,59.0,22.6,92.6,machine_fault
color_defect,21.0,M11,13.7,0,morning,6.7,37.5,13.51,77.9,25.4,89.3,material_issue
stain,1.8,M08,3.6,33,morning,0.0,49.2,12.16,70.1,21.7,56.3,human_error
thread_error,5.5,M01,5.6,8,morning,3.6,45.6,12.91,47.3,21.2,70.7,machine_fault
color_defect,4.4,M02,2.6,5,morning,3.5,42.3,10.99,66.9,27.9,84.6,material_issue
oil_spot,6.7,M11,11.4,6,afternoon,1.4,37.7,10.51,80.5,26.7,83.4,material_issue
oil_spot,5.2,M10,9.3,0,morning,1.9,40.5,16.16,65.9,24.7,70.2,material_issue
thread_error,41.5,M07,5.2,75,morning,5.2,26.4,13.39,36.2,21.2,77.7,machine_fault
cut,2.3,M01,2.0,16,afternoon,1.5,37.3,7.34,59.9,23.5,55.5,human_error
color_defect,2.8,M07,3.8,17,morning,2.2,43.1,10.63,58.9,21.9,99.0,human_error
thread_error,45.8,M02,14.4,4,afternoon,5.3,37.0,14.41,56.4,27.6,100.0,machine_fault
cut,11.2,M12,12.4,3,morning,0.8,22.5,13.28,59.4,25.3,79.1,human_error
color_defect,7.7,M08,12.7,45,morning,0.1,32.3,14.48,40.8,20.1,47.8,human_error
stain,3.6,M01,1.9,7,afternoon,20.0,43.0,5.43,44.0,25.7,75.8,material_issue
stain,6.9,M02,11.4,3,night,12.8,49.6,13.68,50.9,27.0,100.0,material_issue
cut,8.9,M03,10.3,11,morning,4.0,18.0,12.42,81.2,22.3,69.2,material_issue
hole,6.0,M04,15.0,15,afternoon,0.1,28.8,12.64,46.3,22.7,63.8,machine_fault
stain,5.5,M05,0.8,3,morning,11.9,36.7,10.91,53.9,23.1,64.7,material_issue
cut,5.5,M04,10.6,12,night,2.1,50.5,12.35,38.5,24.3,65.8,human_error
color_defect,13.8,M08,5.4,5,night,4.7,33.3,9.77,64.3,29.4,91.9,material_issue
color_defect,6.9,M03,12.0,5,morning,10.9,15.0,10.91,40.9,25.5,72.1,material_issue
stain,18.5,M08,11.6,1,morning,5.4,34.6,7.48,56.0,17.8,94.6,material_issue
color_defect,3.6,M02,12.2,1,night,3.5,30.1,16.05,67.5,28.4,75.8,human_error
thread_error,25.3,M09,9.5,7,night,2.9,17.5,13.83,78.8,28.0,79.4,human_error
color_defect,7.1,M03,9.5,38,morning,2.6,29.0,17.05,36.9,23.2,74.8,material_issue
objects,19.8,M05,4.5,0,afternoon,2.0,38.4,10.93,48.1,27.3,76.3,machine_fault
thread_error,10.4,M06,10.3,15,afternoon,4.1,29.2,13.91,41.3,23.3,100.0,machine_fault
objects,22.6,M12,14.2,8,afternoon,5.5,33.9,14.19,43.4,18.2,92.2,machine_fault
color_defect,1.9,M07,7.7,40,night,2.9,27.1,12.57,60.1,22.4,84.8,human_error
objects,1.3,M12,14.9,39,afternoon,1.5,50.5,14.43,68.8,21.9,76.9,machine_fault
objects,13.2,M09,2.8,45,night,10.9,38.0,13.47,48.1,21.2,100.0,machine_fault
oil_spot,8.4,M10,10.6,17,afternoon,0.3,44.5,9.1,56.7,21.7,77.0,human_error
color_defect,4.5,M09,14.4,15,night,2.5,29.1,10.94,50.1,21.6,61.8,material_issue
oil_spot,21.3,M01,9.7,1,morning,4.6,28.6,15.29,82.6,29.1,100.0,material_issue
thread_error,7.6,M10,15.0,2,night,25.0,39.8,13.72,63.3,22.0,70.2,machine_fault
stain,2.9,M03,7.6,14,morning,3.0,44.5,14.99,59.5,16.1,75.2,human_error
cut,7.5,M06,9.9,22,afternoon,0.5,39.0,9.08,72.3,22.5,71.7,human_error
color_defect,10.1,M08,1.0,1,afternoon,8.0,41.1,13.11,51.2,21.0,79.0,material_issue
color_defect,7.1,M12,2.2,24,morning,1.5,25.4,15.08,34.2,25.9,64.7,material_issue
hole,2.4,M12,8.9,15,morning,4.7,49.1,8.1,51.3,24.2,100.0,machine_fault
oil_spot,12.9,M11,8.5,30,night,4.4,42.1,10.62,65.5,27.1,79.7,human_error
oil_spot,13.6,M11,10.8,22,night,1.8,39.0,9.88,50.4,26.3,67.6,human_error
stain,21.0,M10,10.5,51,afternoon,13.0,46.3,5.59,53.1,22.5,62.1,material_issue
hole,11.0,M01,8.1,7,afternoon,2.2,27.9,9.48,48.5,20.9,53.9,machine_fault
color_defect,13.4,M05,4.5,30,afternoon,0.0,34.3,10.39,53.2,29.3,100.0,human_error
objects,20.0,M10,1.8,4,afternoon,0.1,38.5,12.61,49.2,24.4,76.9,human_error
oil_spot,7.2,M09,2.1,5,night,0.0,36.7,11.47,59.4,21.9,72.4,human_error
objects,2.6,M09,13.0,37,night,5.9,32.4,12.88,42.4,21.6,64.9,machine_fault
cut,11.5,M03,6.3,6,morning,1.3,28.8,11.43,31.1,27.4,75.9,human_error
objects,2.9,M06,8.5,11,morning,5.0,40.5,12.26,44.3,22.7,84.1,machine_fault
color_defect,2.4,M05,14.0,14,night,0.1,18.0,11.98,63.0,24.7,69.6,human_error
cut,30.0,M02,8.7,43,morning,4.5,28.9,14.91,55.1,20.2,55.2,material_issue
oil_spot,14.6,M03,12.0,33,morning,2.7,45.7,13.08,40.0,25.1,78.0,human_error
thread_error,5.5,M05,13.5,3,afternoon,1.4,50.8,14.89,59.5,23.8,70.6,human_error
cut,9.7,M01,6.5,8,afternoon,1.0,31.5,10.8,77.3,20.4,73.5,material_issue
cut,2.8,M10,7.6,18,afternoon,0.4,41.1,11.65,57.9,27.0,60.7,human_error
objects,4.4,M02,9.6,1,night,11.1,39.8,10.21,68.5,20.4,86.7,machine_fault
cut,4.1,M10,11.8,9,night,11.5,35.0,16.87,57.8,23.4,71.8,human_error
objects,3.0,M04,2.0,5,night,0.7,26.0,8.49,71.2,25.2,64.5,material_issue
color_defect,1.2,M04,13.9,37,morning,3.0,30.8,14.67,54.8,20.5,52.8,material_issue
stain,4.3,M10,1.6,20,morning,7.3,33.5,13.95,48.4,26.1,68.7,material_issue
cut,35.2,M05,4.1,0,afternoon,2.4,22.3,12.15,54.4,24.2,74.4,human_error
hole,9.5,M10,3.5,20,afternoon,1.2,44.2,12.72,64.7,20.2,69.6,human_error
hole,2.6,M11,5.6,41,afternoon,4.2,10.6,11.29,49.4,26.4,68.2,machine_fault
hole,1.0,M07,9.2,0,afternoon,4.5,24.5,11.87,51.4,22.1,100.0,machine_fault
stain,7.4,M04,12.7,30,night,1.9,27.5,6.0,79.6,21.1,77.6,human_error
objects,18.6,M01,3.8,4,afternoon,2.9,34.2,8.04,77.7,22.8,96.8,machine_fault
hole,1.2,M10,1.5,32,night,2.2,30.7,11.15,63.9,19.7,62.4,human_error
cut,16.7,M09,5.0,22,morning,8.7,27.2,8.94,46.5,21.6,71.9,human_error
oil_spot,5.2,M09,3.8,25,night,6.8,34.8,11.87,52.5,22.8,62.7,human_error
objects,13.0,M06,10.2,22,morning,11.1,40.9,13.89,56.9,26.5,68.3,machine_fault
thread_error,11.9,M04,11.4,26,morning,0.2,11.4,18.77,51.1,24.8,70.0,machine_fault
stain,16.7,M07,10.3,42,night,2.1,37.8,9.6,43.1,24.4,88.6,human_error
thread_error,37.4,M08,8.7,7,night,5.5,39.7,12.48,59.9,32.1,72.4,human_error
oil_spot,8.7,M08,2.4,47,afternoon,11.4,50.0,8.48,67.5,23.9,65.4,material_issue
oil_spot,1.4,M09,7.1,0,afternoon,4.3,36.2,11.47,53.2,30.6,77.6,human_error
oil_spot,14.9,M02,10.6,4,night,2.4,39.1,9.39,40.9,25.0,69.9,material_issue
color_defect,6.2,M04,7.7,32,afternoon,6.2,24.0,10.37,55.8,23.3,78.7,human_error
hole,11.7,M12,5.4,6,morning,1.6,45.8,10.24,59.7,25.8,93.6,machine_fault
cut,2.9,M07,14.4,17,night,0.1,38.5,12.92,62.2,24.5,53.1,human_error
oil_spot,10.7,M04,11.7,2,morning,1.8,28.2,10.41,50.9,23.2,98.5,human_error
hole,21.9,M02,6.1,42,night,1.7,37.5,10.29,50.0,21.8,100.0,human_error
oil_spot,15.7,M02,5.5,10,morning,7.2,45.2,6.37,77.2,26.8,71.9,material_issue
cut,7.4,M06,4.3,57,night,7.3,38.9,13.03,56.7,29.2,90.1,human_error
stain,3.0,M01,4.9,6,night,7.9,30.7,13.48,61.1,22.5,75.2,material_issue
thread_error,4.4,M07,14.2,22,afternoon,0.2,24.6,13.22,57.0,27.5,88.2,machine_fault
thread_error,7.0,M11,5.7,57,afternoon,9.1,45.6,13.24,57.2,25.9,77.4,machine_fault
oil_spot,11.9,M01,8.0,11,morning,2.0,29.3,8.1,75.4,28.4,71.6,human_error
objects,2.3,M01,12.4,17,morning,1.6,35.3,12.96,60.7,23.3,93.5,human_error
objects,2.6,M07,13.9,1,afternoon,1.6,42.7,7.67,49.8,24.9,83.0,machine_fault
thread_error,15.1,M01,4.3,27,morning,2.1,27.6,10.01,49.5,24.4,78.5,machine_fault
cut,19.5,M10,11.2,0,morning,2.1,27.3,11.23,44.1,26.2,70.8,human_error
objects,9.9,M04,1.0,13,afternoon,4.7,35.7,10.79,65.6,24.0,74.0,machine_fault
objects,12.5,M07,0.5,1,afternoon,1.1,42.8,10.82,54.5,28.7,63.7,material_issue
thread_error,2.1,M10,8.3,6,morning,20.9,37.1,13.94,57.6,30.1,77.6,machine_fault
cut,16.7,M10,12.8,36,morning,0.6,36.2,15.11,69.1,25.4,68.6,human_error
oil_spot,6.1,M09,14.6,4,night,0.2,35.3,9.4,51.5,22.7,73.6,material_issue
hole,19.4,M04,4.0,67,afternoon,2.9,43.2,14.87,29.4,24.1,68.5,material_issue
thread_error,17.5,M12,7.5,6,morning,8.3,25.6,8.82,67.4,27.2,84.5,machine_fault
thread_error,2.8,M03,13.4,5,night,2.9,36.4,7.89,53.4,23.7,82.5,human_error
oil_spot,6.8,M12,13.1,20,afternoon,3.0,48.9,10.25,41.6,20.3,100.0,human_error
thread_error,3.8,M11,13.1,10,morning,1.3,31.8,10.55,71.9,20.7,86.2,human_error
objects,3.5,M02,6.3,1,afternoon,4.7,46.9,9.59,47.3,23.4,55.3,material_issue
objects,4.0,M01,10.9,3,morning,1.4,37.3,8.99,47.1,17.4,84.1,human_error
objects,23.9,M04,8.2,68,night,3.8,35.9,10.89,58.1,22.5,91.7,machine_fault
oil_spot,2.0,M11,13.9,11,morning,5.8,31.1,11.04,77.6,26.1,100.0,machine_fault
oil_spot,10.4,M12,4.8,56,night,7.0,35.9,10.05,70.1,22.8,56.6,material_issue
thread_error,2.9,M10,2.5,6,afternoon,0.3,33.3,9.94,41.3,23.7,68.5,material_issue
oil_spot,6.1,M09,11.8,29,afternoon,0.4,36.9,13.49,62.4,19.8,100.0,material_issue
color_defect,27.0,M09,1.4,7,afternoon,1.3,26.1,13.38,66.9,26.2,80.1,human_error
hole,4.3,M01,7.4,25,night,3.0,29.8,10.93,55.3,23.9,70.7,human_error
thread_error,6.2,M02,12.8,2,morning,0.6,49.2,11.26,53.5,23.7,54.8,human_error
objects,4.0,M09,4.5,6,night,5.1,49.9,14.89,60.7,28.3,76.1,human_error
color_defect,12.1,M02,13.5,27,morning,1.3,40.8,13.27,65.6,28.1,83.1,human_error
oil_spot,4.2,M10,11.3,38,afternoon,3.9,31.7,13.37,80.1,21.1,64.9,material_issue
cut,3.9,M04,4.0,39,afternoon,1.0,44.6,10.57,61.1,28.7,80.1,human_error
cut,8.1,M01,2.4,5,morning,3.8,47.2,16.36,68.3,25.5,73.2,human_error
objects,29.7,M01,2.4,41,morning,0.8,35.4,5.3,62.7,27.8,74.3,human_error
stain,2.4,M02,10.4,19,night,3.3,31.2,9.75,50.9,24.1,98.3,human_error
color_defect,25.5,M05,2.8,36,afternoon,3.3,35.5,11.57,40.4,25.7,73.8,material_issue
hole,1.6,M10,1.8,125,night,3.9,36.0,18.59,45.0,21.8,63.7,machine_fault
stain,20.0,M09,2.1,17,night,12.4,38.3,14.1,56.5,22.5,68.5,material_issue
oil_spot,3.5,M08,6.0,2,night,2.8,30.8,12.5,40.2,25.0,74.3,human_error
hole,2.1,M11,0.7,0,morning,1.9,36.1,12.07,49.1,23.5,89.6,human_error
thread_error,9.3,M07,2.2,29,morning,6.7,40.7,15.32,62.3,27.2,82.1,human_error
oil_spot,3.3,M11,4.8,3,afternoon,2.3,37.5,13.43,64.5,25.4,89.7,material_issue
oil_spot,1.0,M02,9.5,9,morning,10.4,13.1,17.38,51.6,23.4,74.1,material_issue
color_defect,2.6,M09,13.8,56,morning,5.0,29.8,10.58,50.6,28.0,69.5,machine_fault
color_defect,15.4,M11,5.5,20,afternoon,4.9,51.1,16.65,27.7,24.6,60.3,material_issue
oil_spot,7.3,M04,7.3,5,morning,18.4,36.1,9.12,53.3,27.3,92.4,material_issue
stain,9.9,M02,2.7,20,afternoon,7.0,44.5,10.24,37.6,22.7,73.2,material_issue
objects,11.9,M03,5.4,7,morning,2.7,35.2,14.96,37.7,24.4,66.3,material_issue
color_defect,1.9,M07,4.3,53,afternoon,0.5,31.5,10.28,72.7,25.6,84.7,human_error
hole,6.6,M03,6.6,11,morning,4.1,38.4,10.06,56.6,22.9,100.0,machine_fault
objects,3.4,M08,12.0,10,afternoon,7.6,36.2,9.64,66.2,26.5,56.5,machine_fault
thread_error,28.2,M01,3.9,8,afternoon,1.5,29.1,10.62,62.6,21.9,49.4,human_error
color_defect,23.7,M11,6.2,15,afternoon,1.1,34.9,15.65,47.3,26.3,72.4,material_issue
hole,23.5,M05,14.7,10,morning,0.5,32.3,15.97,56.9,30.8,68.8,human_error
stain,6.9,M06,8.2,11,night,0.2,24.5,14.72,78.5,26.2,57.8,human_error
objects,1.9,M03,3.7,9,afternoon,1.7,45.5,10.94,53.0,19.4,75.1,machine_fault
hole,6.2,M06,13.6,0,afternoon,9.9,33.8,12.01,54.5,23.4,82.8,machine_fault
hole,6.7,M02,6.0,50,morning,2.6,28.2,14.16,64.4,23.9,66.6,machine_fault
thread_error,19.5,M10,11.4,5,night,5.7,38.4,10.79,39.8,23.0,28.6,human_error
color_defect,6.0,M11,3.2,7,morning,0.8,36.6,15.4,68.3,19.2,63.2,material_issue
thread_error,3.2,M08,6.6,20,afternoon,2.2,35.2,11.69,58.7,25.3,78.2,human_error
oil_spot,32.9,M05,14.3,5,morning,0.5,39.9,14.2,51.1,22.7,62.2,human_error
color_defect,3.0,M02,0.9,10,morning,3.4,50.2,11.64,39.4,16.1,72.5,material_issue
oil_spot,5.0,M08,3.8,2,morning,9.9,31.9,12.8,65.8,22.2,60.1,material_issue
thread_error,11.1,M11,3.0,12,night,0.3,33.3,10.78,38.4,22.8,63.1,human_error
objects,21.2,M11,14.9,29,afternoon,5.9,19.4,11.36,47.4,19.5,75.0,machine_fault
thread_error,5.1,M02,3.3,37,morning,6.6,37.1,9.96,56.0,24.0,82.1,machine_fault
oil_spot,16.3,M11,9.4,4,morning,3.2,38.3,14.02,48.1,26.3,70.8,human_error
thread_error,4.5,M05,1.6,53,morning,1.6,41.3,16.18,52.5,25.6,82.6,machine_fault
hole,12.5,M12,9.3,26,night,1.2,25.8,8.79,58.0,24.4,82.8,human_error
hole,3.4,M03,11.3,3,night,6.3,32.9,13.72,43.9,16.6,85.6,machine_fault
hole,5.6,M10,12.8,1,morning,0.9,32.1,11.6,44.4,29.9,58.7,machine_fault
objects,4.5,M02,4.3,22,morning,1.9,39.4,12.04,59.1,27.7,78.0,machine_fault
hole,15.6,M10,1.1,31,afternoon,6.9,30.5,9.29,37.3,21.2,83.1,machine_fault
oil_spot,2.4,M11,4.7,24,afternoon,0.3,33.4,10.34,44.8,22.6,82.4,human_error
color_defect,24.6,M11,8.1,26,night,25.0,36.4,11.97,65.3,27.8,85.7,material_issue
hole,3.2,M04,3.9,2,afternoon,4.8,39.7,9.41,52.1,25.1,84.8,machine_fault
hole,14.2,M09,13.6,46,night,3.2,25.3,10.18,61.6,19.9,77.0,machine_fault
objects,2.5,M10,10.0,9,night,9.4,42.3,12.74,51.7,22.7,57.4,human_error
thread_error,20.4,M09,2.5,15,night,3.3,41.1,9.33,30.5,24.5,80.3,material_issue
color_defect,11.5,M10,8.1,7,morning,2.4,38.8,12.74,74.3,25.8,74.1,human_error
oil_spot,7.5,M04,9.7,20,night,0.5,39.6,12.07,38.3,21.2,54.6,material_issue
thread_error,1.1,M01,6.0,5,morning,2.8,41.3,10.25,42.8,26.8,55.0,machine_fault
hole,44.4,M05,2.6,1,morning,12.5,32.0,7.36,73.0,21.9,80.4,material_issue
thread_error,3.5,M11,3.0,28,afternoon,9.8,42.0,16.9,56.8,23.2,90.8,machine_fault
thread_error,22.9,M03,6.5,54,morning,0.4,27.4,13.35,63.1,23.0,75.9,human_error
thread_error,6.6,M06,9.2,0,afternoon,7.1,25.0,11.48,48.2,25.7,69.9,machine_fault
oil_spot,5.0,M04,3.5,88,night,8.7,27.9,13.21,70.2,24.8,74.9,material_issue
stain,14.4,M02,4.8,18,morning,3.8,36.1,14.33,50.9,29.1,100.0,human_error
hole,3.3,M10,6.8,16,afternoon,7.5,29.7,8.97,59.6,28.7,69.2,machine_fault
stain,11.0,M06,2.8,39,morning,16.1,55.2,12.32,50.5,24.3,90.3,human_error
thread_error,9.3,M08,13.8,2,morning,3.1,30.0,15.43,55.4,20.6,56.7,human_error
oil_spot,3.4,M11,8.5,7,morning,1.5,41.6,12.4,63.7,21.2,97.1,human_error
cut,17.5,M04,3.6,4,afternoon,3.2,47.7,12.9,49.9,25.7,93.8,human_error
objects,2.5,M01,7.2,10,morning,0.2,42.4,16.33,43.7,24.5,91.5,human_error
cut,9.4,M08,9.0,3,morning,10.6,39.6,9.67,38.6,22.5,69.2,material_issue
color_defect,9.2,M01,5.2,20,afternoon,2.9,41.4,10.35,45.4,25.6,67.7,material_issue
stain,3.6,M02,4.9,3,morning,2.9,38.3,15.94,50.5,26.3,100.0,material_issue
cut,10.7,M07,2.1,0,morning,2.8,29.7,7.25,53.6,23.4,72.1,human_error
oil_spot,11.8,M01,12.4,0,morning,5.0,32.5,8.72,49.5,22.7,78.3,material_issue
cut,3.6,M09,6.6,34,morning,0.6,37.3,8.26,55.3,19.0,75.9,human_error
color_defect,6.2,M10,7.6,5,afternoon,4.6,28.3,11.8,50.4,20.5,88.0,material_issue
oil_spot,17.6,M11,5.6,2,night,0.1,37.9,11.89,40.2,28.1,58.5,human_error
thread_error,7.1,M11,1.2,59,morning,1.7,27.4,12.6,49.9,25.5,99.6,machine_fault
color_defect,11.6,M03,3.6,15,afternoon,2.6,27.1,11.75,45.3,21.4,63.5,human_error
cut,1.5,M05,9.5,6,afternoon,1.7,38.4,11.52,60.3,18.1,97.2,human_error
cut,7.9,M10,4.0,22,night,2.2,23.0,12.83,33.9,21.2,67.4,human_error
color_defect,17.2,M07,4.6,50,morning,2.3,30.5,13.06,55.5,26.3,33.9,material_issue
stain,1.2,M12,5.8,0,night,13.9,35.8,15.91,58.1,24.7,85.7,material_issue
color_defect,7.0,M08,11.5,3,morning,4.6,38.4,13.49,59.5,20.0,62.9,material_issue
oil_spot,18.8,M09,7.0,2,afternoon,1.2,31.8,9.21,43.9,24.2,70.8,material_issue
hole,25.2,M03,11.3,53,morning,2.5,26.5,8.55,61.6,23.7,74.2,machine_fault
thread_error,7.3,M11,3.2,78,morning,2.4,30.0,7.51,67.5,20.0,78.3,machine_fault
oil_spot,4.1,M02,4.3,28,afternoon,4.8,40.1,11.74,42.4,23.8,63.2,material_issue
stain,10.3,M03,12.0,12,afternoon,8.7,49.5,12.84,63.1,18.3,60.9,material_issue
thread_error,8.2,M06,10.9,16,morning,4.4,32.2,13.75,48.4,27.1,76.4,machine_fault
objects,13.7,M01,9.9,9,morning,0.7,35.5,8.23,49.0,20.6,86.2,machine_fault
cut,5.8,M06,8.9,5,night,5.6,32.3,15.36,38.7,26.7,81.3,human_error
color_defect,12.0,M09,1.4,38,afternoon,0.8,31.6,9.41,32.9,28.9,99.1,material_issue
objects,2.4,M01,1.6,5,afternoon,5.4,34.7,11.88,49.5,23.3,76.2,machine_fault
thread_error,2.6,M12,0.9,49,night,2.1,37.6,14.09,57.7,26.7,80.7,human_error
color_defect,2.7,M06,12.0,3,afternoon,5.3,32.5,15.63,64.0,23.5,65.7,human_error
thread_error,11.8,M06,4.5,3,afternoon,5.0,33.6,12.03,60.7,22.8,73.5,human_error
oil_spot,7.4,M04,2.5,14,afternoon,0.7,42.6,11.52,74.8,24.6,63.3,material_issue
color_defect,3.7,M06,1.0,1,afternoon,2.7,38.1,8.81,44.6,24.3,93.9,human_error
stain,6.2,M06,6.8,16,morning,0.9,38.4,8.79,47.1,22.7,60.3,material_issue
cut,5.1,M06,1.6,0,morning,0.9,28.7,10.67,46.1,22.2,68.0,human_error
thread_error,1.7,M02,15.0,9,morning,0.8,54.7,12.88,26.8,22.3,71.7,human_error
hole,4.9,M09,5.6,17,morning,0.7,52.3,13.3,78.2,29.6,81.4,human_error
cut,9.2,M11,11.6,41,afternoon,0.4,23.3,11.55,51.0,18.1,76.3,human_error
objects,12.9,M04,3.8,8,night,0.6,20.2,10.62,60.9,25.2,79.1,human_error
stain,4.4,M12,3.8,35,afternoon,0.0,19.4,12.5,54.0,22.0,59.9,machine_fault
oil_spot,3.8,M12,13.6,35,morning,5.2,30.3,12.29,43.2,26.3,60.5,machine_fault
objects,8.0,M04,9.0,27,night,3.9,40.2,14.98,49.0,22.0,81.2,machine_fault
oil_spot,5.0,M09,11.2,17,afternoon,2.7,38.3,11.27,83.8,26.5,68.2,material_issue
color_defect,1.9,M09,8.0,5,night,3.9,30.4,8.65,43.4,27.2,65.0,human_error
thread_error,13.6,M01,14.2,11,night,3.4,33.0,13.22,28.9,26.9,76.8,human_error
stain,9.9,M04,14.7,10,morning,2.2,33.6,11.44,72.2,24.1,92.7,machine_fault
objects,1.4,M05,12.5,55,night,8.4,30.0,9.43,46.7,23.0,65.2,machine_fault
oil_spot,2.8,M07,9.1,43,afternoon,17.8,43.4,16.6,64.0,25.5,71.7,material_issue
objects,8.5,M05,7.6,16,morning,6.0,28.7,14.66,41.7,22.0,83.8,human_error
color_defect,16.7,M11,7.9,1,morning,1.9,35.6,12.58,50.0,25.0,55.6,human_error
thread_error,10.9,M11,0.6,33,morning,9.8,38.7,11.1,53.6,23.4,91.4,machine_fault
stain,7.5,M03,12.8,25,night,13.3,37.2,7.29,42.3,25.2,100.0,material_issue
thread_error,9.1,M11,13.5,14,night,1.7,20.6,14.6,70.6,22.2,47.9,machine_fault
objects,10.2,M08,0.8,13,night,1.7,39.4,10.01,74.1,24.0,69.0,human_error
color_defect,3.0,M09,7.0,10,afternoon,1.7,39.6,17.0,52.7,20.1,74.9,human_error
hole,7.1,M10,10.2,34,afternoon,14.9,29.9,11.85,68.4,23.0,81.0,machine_fault
color_defect,2.4,M12,13.7,9,night,0.2,29.1,14.94,70.1,23.9,65.1,human_error
oil_spot,1.3,M06,6.4,17,morning,1.9,37.8,13.16,53.6,20.4,61.0,material_issue
oil_spot,5.9,M12,13.8,29,afternoon,10.5,43.8,12.73,56.6,21.9,60.8,material_issue
hole,10.8,M11,4.7,2,night,5.4,32.7,14.03,64.3,23.9,100.0,human_error
hole,8.4,M05,4.7,1,night,2.9,36.6,15.03,45.7,22.8,68.6,human_error
objects,1.1,M05,14.6,14,morning,6.7,36.6,12.21,29.2,25.6,75.7,machine_fault
objects,17.1,M10,11.9,13,morning,5.5,33.4,11.43,64.3,26.2,64.9,machine_fault
objects,11.3,M07,10.6,2,afternoon,10.6,39.5,17.77,69.6,22.3,77.8,machine_fault
objects,7.0,M08,3.6,13,afternoon,5.7,32.3,13.49,62.5,20.7,100.0,machine_fault
hole,1.3,M12,9.3,18,morning,0.6,33.6,15.52,53.4,23.5,71.0,human_error
color_defect,11.7,M12,0.6,36,morning,2.0,30.1,13.38,28.7,24.2,68.1,material_issue
cut,2.0,M08,5.1,4,night,2.1,31.2,12.18,46.9,26.8,90.8,human_error
stain,11.9,M03,5.0,10,morning,0.6,32.0,8.8,40.3,22.5,71.4,material_issue
color_defect,19.9,M10,4.6,0,night,2.4,25.2,11.84,59.6,26.2,90.2,human_error
thread_error,4.3,M04,7.3,36,afternoon,6.4,39.2,11.62,66.6,29.1,83.1,machine_fault
thread_error,2.5,M04,7.3,14,morning,0.2,28.4,12.83,38.9,20.1,81.6,human_error
objects,6.5,M01,2.7,11,morning,2.2,24.9,8.88,69.1,26.1,55.3,human_error
cut,4.1,M08,14.9,8,afternoon,1.4,25.0,11.98,64.9,21.0,85.3,human_error
cut,5.4,M07,8.6,21,morning,5.7,34.7,15.58,56.0,21.2,87.2,human_error
cut,10.6,M04,1.8,18,afternoon,1.4,45.9,13.27,59.3,17.6,83.9,human_error
stain,28.0,M01,4.8,1,afternoon,3.8,30.6,9.72,67.7,29.6,79.6,human_error
thread_error,7.8,M05,12.9,36,night,2.5,32.8,14.01,36.9,22.3,79.4,machine_fault
oil_spot,10.2,M07,11.6,44,morning,3.0,24.2,14.91,55.9,18.3,76.3,human_error
thread_error,7.6,M09,12.0,2,morning,8.6,15.1,13.16,80.6,22.9,52.9,material_issue
hole,2.9,M12,12.6,11,night,0.1,25.7,10.92,36.2,25.0,83.3,human_error
objects,3.5,M09,3.9,21,afternoon,6.2,35.5,7.05,56.7,23.8,55.5,machine_fault
oil_spot,9.6,M02,12.0,7,morning,14.0,39.1,14.96,44.5,24.6,77.8,material_issue
stain,15.4,M08,4.0,24,afternoon,5.2,27.4,5.46,68.1,23.3,75.0,material_issue
color_defect,9.4,M10,12.3,5,night,12.2,35.2,10.88,63.3,26.0,78.2,human_error
objects,24.5,M06,5.0,14,morning,4.7,34.3,8.49,23.0,22.2,54.3,material_issue
cut,3.7,M05,9.8,2,afternoon,2.5,33.1,10.63,67.2,24.5,99.8,human_error
thread_error,3.0,M08,13.6,14,night,2.5,37.5,9.65,68.4,20.0,43.6,machine_fault
thread_error,13.6,M06,7.6,0,morning,2.1,26.6,8.47,52.3,26.0,97.3,machine_fault
objects,17.6,M05,4.3,0,morning,1.2,45.1,7.37,63.1,28.5,87.2,human_error
thread_error,2.7,M09,10.9,4,night,2.6,43.0,8.74,55.8,23.9,73.3,human_error
stain,9.6,M01,0.7,2,afternoon,0.0,47.8,5.32,45.3,24.7,81.3,human_error
objects,16.3,M09,4.0,5,morning,0.3,27.1,7.71,34.8,23.9,71.0,material_issue
cut,23.9,M10,9.5,18,night,1.3,46.4,13.0,70.4,23.9,80.9,human_error
stain,8.6,M02,8.5,0,night,7.1,35.8,14.22,67.5,23.6,100.0,human_error
color_defect,1.9,M08,12.4,10,morning,2.5,32.7,11.54,51.0,21.8,64.9,material_issue
color_defect,1.4,M07,8.3,1,morning,10.6,21.8,16.98,48.1,22.8,86.0,material_issue
hole,4.3,M10,6.9,6,afternoon,6.4,42.5,11.02,75.0,26.4,76.0,material_issue
hole,10.3,M01,4.2,3,afternoon,1.4,29.5,10.34,52.2,20.6,82.3,human_error
thread_error,13.8,M11,8.9,5,morning,0.8,34.7,10.47,48.5,24.3,74.5,human_error
cut,11.5,M12,5.2,19,afternoon,11.4,39.6,12.03,48.1,20.7,85.1,human_error
oil_spot,11.1,M05,10.5,34,afternoon,4.1,38.3,11.74,58.5,19.0,67.1,material_issue
cut,6.2,M10,4.4,12,night,0.1,23.3,13.11,49.3,25.4,71.7,human_error
cut,30.1,M11,6.8,51,morning,2.7,42.8,13.17,67.0,24.3,48.2,human_error
color_defect,11.3,M08,9.8,26,afternoon,2.7,41.7,11.59,37.0,24.0,67.1,human_error
stain,2.4,M08,7.9,17,morning,3.6,43.8,11.21,73.1,20.3,73.6,material_issue
color_defect,6.5,M08,14.9,6,night,1.5,26.6,13.95,44.0,22.1,96.4,human_error
thread_error,10.8,M04,0.8,13,afternoon,0.8,15.9,14.8,64.1,25.3,83.9,human_error
oil_spot,2.6,M12,14.4,6,afternoon,5.6,42.0,13.23,31.0,24.7,43.3,material_issue
thread_error,6.2,M11,10.3,10,afternoon,1.7,29.0,8.74,62.1,21.0,75.6,human_error
cut,18.6,M10,12.2,5,night,1.4,40.6,9.34,61.9,19.7,63.9,material_issue
stain,11.3,M03,6.5,38,morning,3.9,36.2,14.47,54.5,21.7,70.7,material_issue
objects,17.2,M08,14.1,19,afternoon,4.4,40.6,12.59,43.5,18.3,95.1,machine_fault
hole,14.9,M04,3.5,12,morning,10.2,52.4,15.51,56.6,18.2,100.0,machine_fault
objects,14.0,M12,0.5,21,morning,12.6,43.6,12.8,58.1,28.1,72.7,human_error
stain,4.7,M04,1.4,9,morning,7.3,32.8,10.02,62.5,24.9,90.8,material_issue
stain,2.3,M05,5.9,3,morning,6.7,45.3,14.16,19.0,21.5,66.9,material_issue
stain,5.3,M08,4.6,61,night,1.1,35.8,11.35,67.9,20.4,75.0,material_issue
thread_error,3.4,M09,11.0,0,morning,11.0,38.5,14.59,42.7,22.6,76.1,machine_fault
hole,7.7,M01,8.4,39,afternoon,7.5,26.3,10.86,53.6,14.7,95.8,machine_fault
cut,15.2,M07,13.1,1,morning,0.3,43.4,5.84,55.2,22.8,95.4,human_error
color_defect,6.4,M10,5.5,8,night,14.9,38.2,13.8,56.5,23.8,69.9,human_error
color_defect,24.1,M11,9.4,10,afternoon,0.4,36.3,10.18,28.1,24.6,63.7,material_issue
thread_error,4.9,M09,11.9,9,morning,2.2,41.7,14.84,57.2,22.3,61.7,machine_fault
stain,7.8,M04,8.2,1,morning,7.3,27.3,6.39,37.6,22.6,55.4,material_issue
color_defect,13.9,M12,6.1,42,afternoon,0.4,22.4,10.15,45.8,23.7,51.2,material_issue
thread_error,16.1,M06,4.3,17,night,10.7,42.4,14.34,51.3,23.4,35.3,machine_fault
thread_error,2.7,M12,12.6,13,morning,1.8,38.6,7.64,62.2,23.4,76.2,machine_fault
color_defect,6.8,M06,7.7,7,afternoon,1.2,47.4,10.91,55.9,24.8,80.1,human_error
thread_error,10.8,M06,5.4,30,night,2.4,27.7,8.66,43.4,25.3,100.0,human_error
stain,8.6,M05,6.2,10,morning,0.0,34.2,10.11,57.4,19.0,66.7,human_error
oil_spot,10.3,M12,9.7,14,afternoon,14.5,36.2,13.47,73.8,22.9,77.8,material_issue
cut,6.8,M06,5.0,1,afternoon,0.8,36.9,14.74,53.2,23.0,51.6,human_error
stain,1.5,M12,4.7,35,afternoon,17.6,31.6,14.31,64.1,23.6,48.2,material_issue
cut,15.6,M02,12.9,3,night,10.8,30.3,15.78,51.4,23.4,60.7,human_error
thread_error,7.9,M07,0.9,1,afternoon,1.8,34.0,11.31,50.0,22.9,81.0,machine_fault
color_defect,15.5,M03,6.2,63,morning,1.4,31.8,9.47,50.2,28.0,63.4,human_error
stain,1.2,M08,3.0,1,afternoon,3.9,35.7,14.1,54.3,27.1,44.3,material_issue
color_defect,11.5,M06,7.0,0,night,1.2,38.3,13.08,53.8,20.3,73.3,human_error
color_defect,12.8,M09,10.3,19,afternoon,6.9,31.3,10.94,64.4,28.0,90.9,material_issue
thread_error,8.4,M02,13.6,31,night,2.3,36.7,10.79,66.3,23.0,67.5,human_error
cut,7.9,M06,3.9,29,morning,6.0,40.9,12.11,46.4,16.5,73.5,human_error
thread_error,10.7,M11,10.0,10,afternoon,1.6,49.9,11.74,53.7,23.1,63.3,human_error
color_defect,5.7,M03,6.5,3,night,2.5,39.7,9.89,69.4,25.2,100.0,human_error
stain,5.3,M02,1.1,20,afternoon,0.7,38.5,12.11,45.2,30.3,67.7,human_error
thread_error,14.6,M09,1.3,49,morning,1.9,38.5,12.07,26.4,28.8,81.2,material_issue
oil_spot,15.0,M12,10.0,11,afternoon,5.4,32.1,10.61,60.3,22.8,67.1,material_issue
hole,1.6,M01,13.4,2,afternoon,3.1,29.2,14.51,46.8,21.2,96.5,machine_fault
cut,11.4,M02,4.3,13,afternoon,0.2,42.6,10.28,62.6,23.9,69.4,human_error
color_defect,7.5,M03,14.5,0,morning,0.2,14.7,12.26,33.1,24.5,79.1,material_issue
oil_spot,4.8,M12,3.6,1,morning,2.3,39.4,14.63,41.2,26.6,74.6,material_issue
objects,10.5,M01,12.4,12,afternoon,13.3,44.4,10.74,79.2,19.6,68.5,machine_fault
cut,7.6,M01,7.5,11,afternoon,10.7,27.6,10.6,52.3,31.7,75.5,material_issue
cut,4.3,M11,2.0,53,morning,8.2,35.2,10.98,43.9,19.4,96.9,material_issue
color_defect,2.5,M02,9.0,13,afternoon,2.8,42.2,12.9,73.9,27.4,84.5,material_issue
stain,9.9,M03,11.5,0,afternoon,2.7,22.9,9.09,49.0,21.0,57.4,material_issue
cut,13.1,M08,4.5,1,night,8.7,36.2,9.97,35.5,23.8,89.5,human_error
cut,22.5,M04,9.4,9,night,3.5,32.8,11.94,50.2,24.6,67.9,human_error
stain,1.5,M10,14.6,6,night,1.4,33.8,11.8,55.7,20.9,94.1,human_error
thread_error,11.9,M12,7.9,34,morning,1.3,36.9,11.84,52.6,25.3,86.1,human_error
stain,3.9,M03,8.0,56,afternoon,2.6,44.5,16.15,74.0,18.1,87.5,material_issue
color_defect,1.5,M11,9.7,56,afternoon,9.0,31.7,12.97,56.0,28.5,69.8,human_error
objects,4.0,M05,2.6,19,morning,0.5,27.1,11.09,56.0,21.9,61.3,human_error
hole,8.1,M07,5.4,14,afternoon,0.0,26.7,12.28,44.8,25.2,61.3,human_error
objects,3.5,M12,4.2,1,afternoon,0.3,37.9,8.98,48.7,24.3,95.1,human_error
color_defect,2.8,M07,4.5,25,afternoon,4.0,18.6,10.35,59.3,24.4,77.7,material_issue
hole,8.0,M03,7.9,31,afternoon,0.7,41.3,11.75,70.1,26.6,74.1,machine_fault
color_defect,14.0,M01,2.8,7,morning,0.2,47.5,11.44,63.1,28.7,60.7,material_issue
thread_error,7.1,M09,11.7,5,morning,3.6,52.6,14.44,55.0,31.2,87.2,machine_fault
stain,31.0,M01,6.1,18,morning,5.1,34.5,11.26,48.8,26.1,74.9,material_issue
oil_spot,2.2,M09,9.3,6,morning,2.1,43.3,9.24,59.3,22.2,59.9,material_issue
thread_error,5.7,M04,6.9,21,morning,2.9,32.5,11.63,49.9,21.8,67.2,machine_fault
oil_spot,7.6,M01,1.6,32,afternoon,1.7,25.1,13.7,44.3,20.6,65.9,material_issue
objects,23.3,M03,3.4,16,afternoon,4.6,42.9,12.79,57.9,19.3,63.2,human_error
stain,1.6,M09,2.8,57,afternoon,3.8,33.4,7.5,54.4,28.9,82.1,material_issue
thread_error,11.8,M07,7.0,8,night,4.5,47.9,11.37,53.7,28.6,92.6,human_error
color_defect,12.9,M02,10.9,45,morning,0.3,29.1,15.91,84.4,22.7,74.4,material_issue
thread_error,1.1,M01,10.3,4,morning,3.4,35.8,14.79,67.7,20.9,95.0,machine_fault
stain,27.0,M12,0.7,10,morning,1.9,55.3,11.88,76.9,27.5,70.2,material_issue
hole,10.8,M04,13.2,21,afternoon,0.9,45.8,9.86,46.4,27.5,69.7,human_error
objects,8.1,M10,12.8,16,afternoon,2.3,32.2,6.24,37.9,20.3,63.4,human_error
stain,8.4,M07,7.1,9,morning,4.2,48.3,8.48,36.7,21.1,91.9,human_error
objects,7.7,M10,6.3,5,night,3.2,40.4,12.06,68.3,23.1,87.9,human_error
objects,1.0,M04,2.4,9,afternoon,0.1,37.3,14.43,42.5,20.6,50.6,material_issue
color_defect,7.8,M03,13.0,6,afternoon,0.8,33.3,12.09,34.2,22.4,75.3,material_issue
objects,9.3,M04,7.0,9,night,8.0,36.1,9.21,48.3,24.7,75.5,machine_fault
thread_error,1.1,M10,7.6,35,afternoon,1.1,36.0,10.83,58.2,23.9,84.5,machine_fault
objects,15.8,M06,8.8,2,afternoon,0.2,35.9,11.18,46.8,23.9,74.0,human_error
oil_spot,6.1,M03,7.1,40,afternoon,1.1,40.3,10.08,55.3,23.8,95.8,machine_fault
hole,11.0,M08,1.2,0,morning,4.4,48.2,11.9,49.0,20.5,83.4,human_error
hole,4.7,M03,12.9,14,night,0.5,21.0,9.73,82.3,24.8,68.9,human_error
thread_error,11.2,M02,10.4,66,afternoon,1.2,38.6,12.05,27.8,25.5,80.7,material_issue
cut,1.2,M02,4.0,45,morning,1.3,41.3,15.14,42.6,27.4,85.3,human_error
color_defect,9.1,M01,1.4,96,night,2.9,38.7,16.35,59.8,25.1,71.5,human_error
cut,1.8,M06,4.6,2,night,4.6,33.9,13.61,48.3,17.6,88.6,human_error
hole,7.2,M07,7.5,19,night,4.4,23.5,15.55,45.3,24.8,56.1,human_error
hole,3.9,M02,3.7,5,night,6.1,37.5,10.01,47.8,24.2,89.8,human_error
stain,2.1,M10,4.3,28,night,5.7,20.7,8.86,61.0,24.2,76.4,human_error
hole,4.4,M05,7.0,31,morning,13.8,40.2,12.85,54.4,28.3,26.9,machine_fault
stain,4.4,M09,4.5,13,morning,8.4,29.6,14.52,45.5,22.6,71.8,material_issue
objects,5.5,M07,3.0,60,morning,5.9,46.9,11.51,64.6,23.9,65.4,machine_fault
thread_error,2.9,M03,9.6,12,morning,0.7,11.6,8.9,68.9,33.9,94.3,human_error
cut,5.8,M09,5.8,8,afternoon,3.0,42.0,16.66,49.8,22.1,81.8,human_error
thread_error,15.6,M08,13.6,12,afternoon,1.2,27.4,12.63,64.8,24.8,85.6,human_error
stain,12.4,M11,6.8,14,afternoon,6.0,38.4,10.77,60.3,24.8,58.1,material_issue
hole,4.1,M07,6.5,4,night,0.1,31.8,10.57,62.3,27.9,58.6,human_error
color_defect,13.2,M01,13.7,5,afternoon,1.5,50.1,11.19,70.2,23.8,43.1,material_issue
color_defect,25.1,M06,4.7,0,night,1.5,34.0,14.6,40.8,26.2,49.5,human_error
oil_spot,3.7,M05,2.1,22,afternoon,2.8,47.8,14.79,74.1,24.0,92.3,human_error
oil_spot,2.2,M07,9.7,11,morning,5.8,37.9,10.97,39.6,23.1,54.4,material_issue
objects,4.0,M07,0.6,21,night,10.9,38.5,10.02,51.5,21.6,62.3,machine_fault
hole,6.8,M08,7.1,9,night,14.3,26.1,13.4,52.6,15.0,86.4,machine_fault
objects,3.4,M09,2.2,0,night,3.7,44.7,10.55,72.0,28.5,71.3,human_error
hole,4.2,M05,5.6,3,night,10.8,47.4,11.84,68.0,23.7,59.6,material_issue
color_defect,1.7,M06,10.0,27,morning,1.6,48.7,8.04,49.6,25.9,99.6,human_error
cut,1.6,M06,3.9,37,morning,0.8,43.4,11.76,52.6,22.5,55.9,human_error
color_defect,21.7,M03,8.8,2,afternoon,0.0,33.3,10.83,57.6,20.4,49.2,human_error
objects,4.0,M05,7.6,7,morning,0.5,31.0,10.64,45.3,21.5,84.8,human_error
stain,15.2,M06,2.9,11,afternoon,1.8,38.4,15.6,55.6,20.4,61.8,human_error
hole,1.5,M04,8.9,11,night,11.5,16.4,7.41,76.6,24.0,58.1,machine_fault
cut,13.1,M04,2.1,70,morning,2.3,46.6,12.46,53.1,20.9,59.1,human_error
objects,18.9,M03,13.3,12,night,6.9,37.4,13.61,46.7,18.2,84.3,machine_fault
cut,11.5,M03,11.0,7,afternoon,1.0,28.0,15.71,85.2,23.1,87.7,human_error
color_defect,5.3,M10,13.6,70,morning,0.5,40.5,9.21,61.0,22.2,69.8,human_error
color_defect,26.0,M01,7.3,68,night,1.0,39.9,11.32,52.6,24.8,80.8,human_error
stain,3.9,M03,14.5,19,morning,0.1,40.6,9.25,52.4,25.5,71.0,human_error
hole,5.6,M12,4.5,36,night,4.2,28.4,10.03,78.0,23.5,70.9,machine_fault
objects,12.5,M06,0.7,10,morning,13.7,43.3,12.58,61.4,22.4,56.5,machine_fault
stain,3.2,M02,2.3,31,afternoon,11.6,40.2,18.3,70.4,22.9,81.3,material_issue
objects,9.3,M05,7.7,19,morning,5.4,40.3,12.91,46.9,23.7,58.2,machine_fault
color_defect,11.5,M03,14.4,111,afternoon,1.1,36.2,14.88,32.6,21.9,91.9,machine_fault
thread_error,7.2,M06,12.1,2,morning,4.6,44.3,6.93,70.9,25.7,65.7,machine_fault
objects,1.3,M02,8.8,1,afternoon,4.5,42.5,12.71,64.6,23.3,100.0,human_error
cut,3.0,M08,9.0,58,night,2.3,52.4,11.15,67.5,21.9,66.2,human_error
color_defect,5.6,M07,13.6,12,afternoon,11.9,35.5,13.67,41.8,20.6,100.0,machine_fault
color_defect,1.2,M06,6.0,0,night,1.6,58.4,12.92,41.3,20.7,61.9,human_error
cut,1.9,M01,3.9,7,night,8.7,38.2,12.46,56.4,26.7,76.5,human_error
hole,11.8,M02,12.2,1,afternoon,2.3,20.4,14.56,58.0,24.1,69.9,human_error
hole,4.8,M11,4.4,4,morning,3.9,38.6,10.19,32.7,21.1,75.4,machine_fault
oil_spot,9.7,M07,3.5,18,morning,0.6,33.7,11.33,63.6,25.5,68.7,material_issue
stain,3.8,M02,10.5,29,night,6.8,34.9,10.91,66.1,21.3,82.5,material_issue
cut,9.4,M04,13.7,17,afternoon,2.3,31.8,9.16,52.3,24.8,57.3,human_error
thread_error,11.2,M08,10.4,2,night,2.6,50.4,14.87,55.4,26.0,94.7,human_error
hole,19.6,M05,7.1,21,morning,0.1,32.8,13.39,44.4,23.8,56.7,human_error
hole,2.5,M02,4.7,10,night,5.7,45.6,5.87,54.7,31.0,48.3,human_error
cut,10.2,M11,14.4,32,afternoon,3.8,45.9,8.62,50.8,21.8,85.0,human_error
objects,22.0,M07,12.3,49,morning,2.5,33.1,15.67,44.1,17.7,97.5,machine_fault
cut,4.6,M07,9.0,21,morning,2.0,25.5,10.02,49.6,20.0,70.0,human_error
color_defect,6.3,M08,4.4,4,afternoon,2.4,42.5,10.76,44.2,24.0,74.8,material_issue
objects,1.7,M01,8.8,53,morning,4.9,20.9,10.67,53.3,27.5,53.6,machine_fault
objects,8.7,M07,0.6,4,night,0.2,38.6,12.37,51.3,20.4,53.5,human_error
cut,50.7,M10,5.6,16,afternoon,0.2,19.6,8.28,47.1,24.3,97.7,human_error
cut,12.9,M05,10.2,4,afternoon,0.3,31.6,14.04,49.5,14.7,58.3,human_error
cut,3.2,M08,5.3,43,morning,11.9,36.8,12.59,51.1,21.8,67.1,machine_fault
stain,2.0,M09,12.8,14,afternoon,0.6,33.3,13.26,55.7,24.1,100.0,machine_fault
thread_error,3.4,M12,7.3,20,morning,5.7,17.1,11.31,44.9,24.7,94.1,human_error
cut,3.9,M10,11.3,16,night,1.6,37.3,12.33,49.1,23.7,60.3,human_error
thread_error,14.9,M04,0.7,0,morning,1.8,30.7,8.25,61.5,26.0,60.9,machine_fault
stain,15.3,M03,9.8,3,morning,5.6,24.1,12.43,55.4,30.9,85.0,material_issue
oil_spot,1.3,M04,4.5,52,afternoon,3.5,22.2,14.63,55.8,28.9,70.1,material_issue
hole,16.2,M04,3.2,29,night,0.3,40.2,10.27,55.0,28.1,67.7,human_error
stain,23.3,M08,3.8,9,morning,6.7,41.2,13.84,66.9,21.6,66.4,material_issue
color_defect,25.4,M06,6.7,8,morning,2.5,18.9,17.15,62.0,27.0,80.3,material_issue
color_defect,6.3,M06,0.9,13,night,6.3,24.2,11.48,45.4,27.4,64.8,material_issue
cut,4.9,M03,12.5,3,morning,0.0,19.3,9.85,66.7,27.0,75.8,human_error
objects,10.6,M07,9.4,0,afternoon,11.6,39.6,11.53,42.6,25.7,70.9,machine_fault
stain,25.5,M05,3.6,6,morning,1.3,38.5,8.75,39.9,24.8,80.8,material_issue
oil_spot,2.5,M03,10.4,12,afternoon,4.1,45.6,11.67,56.7,26.1,90.0,material_issue
stain,2.5,M07,14.4,41,night,2.6,31.6,7.17,56.3,30.7,87.7,human_error
stain,9.2,M11,14.8,68,morning,8.9,34.8,11.47,65.1,23.4,37.4,material_issue
objects,8.5,M04,7.2,0,night,0.4,48.5,9.96,50.8,27.0,64.0,human_error
stain,2.6,M05,4.1,10,morning,1.5,29.5,13.67,54.9,26.0,100.0,human_error
oil_spot,1.6,M08,10.6,0,night,0.2,43.8,16.23,40.7,24.9,80.4,human_error
thread_error,1.6,M03,7.3,4,afternoon,7.7,33.4,13.97,47.8,26.6,56.2,material_issue
hole,2.7,M03,2.8,5,morning,13.7,26.7,13.12,38.7,23.8,50.5,material_issue
objects,2.9,M05,13.6,15,afternoon,5.7,43.4,15.39,40.5,32.3,77.3,machine_fault
thread_error,3.2,M10,11.0,4,night,1.5,34.3,4.82,43.2,28.2,97.3,human_error
color_defect,2.0,M05,14.6,37,afternoon,4.4,36.9,12.11,38.9,25.6,88.0,material_issue
color_defect,8.8,M10,5.7,62,night,1.5,58.2,13.1,32.7,27.5,69.2,human_error
objects,15.7,M12,6.8,15,afternoon,1.3,46.1,11.2,82.4,16.7,91.4,machine_fault
cut,1.8,M08,10.8,8,morning,0.7,34.9,12.01,47.8,25.9,90.6,human_error
color_defect,1.8,M03,1.1,20,morning,1.9,36.7,8.89,72.5,24.2,95.5,human_error
stain,1.8,M03,14.1,23,afternoon,9.4,47.1,13.38,33.2,18.6,76.9,material_issue
thread_error,2.5,M05,7.3,2,night,2.4,32.7,9.55,33.7,27.4,72.3,material_issue
objects,6.7,M11,12.6,7,afternoon,0.1,29.5,11.0,53.1,21.2,63.3,human_error
stain,12.9,M06,9.6,27,morning,0.7,35.7,11.99,43.5,18.3,63.0,material_issue
stain,9.2,M09,6.7,3,afternoon,2.4,37.8,9.99,58.1,29.7,62.5,human_error
color_defect,6.6,M07,2.2,40,afternoon,2.5,25.2,7.44,62.3,23.0,59.5,human_error
objects,21.3,M10,10.9,22,afternoon,4.2,20.6,15.27,60.9,22.3,57.3,machine_fault
oil_spot,2.1,M12,6.4,22,night,1.7,27.0,8.76,47.3,24.2,67.8,human_error
stain,48.7,M11,14.5,27,morning,2.5,27.3,13.32,58.5,24.2,88.7,machine_fault
thread_error,16.2,M10,13.3,30,afternoon,0.3,43.6,17.99,56.8,25.0,62.6,human_error
objects,2.0,M05,1.3,9,morning,4.5,37.5,12.22,54.9,27.5,100.0,human_error
hole,3.1,M11,11.9,0,afternoon,10.2,31.0,13.89,55.3,24.2,51.7,material_issue
hole,25.6,M12,11.8,77,night,0.9,29.9,14.63,43.0,21.6,63.5,machine_fault
thread_error,13.5,M07,3.4,59,afternoon,1.7,37.7,18.31,62.8,25.5,62.2,machine_fault
objects,4.7,M06,6.7,5,afternoon,5.0,22.3,14.82,51.6,20.8,90.8,machine_fault
color_defect,3.9,M12,3.4,25,afternoon,24.3,43.0,11.26,66.2,23.6,79.7,material_issue
objects,2.0,M05,2.0,34,morning,3.2,27.0,13.63,49.7,24.7,74.2,machine_fault
hole,15.5,M09,5.9,1,afternoon,6.5,32.7,10.74,45.2,23.2,86.1,human_error
objects,15.3,M10,6.9,70,night,9.4,24.3,8.45,60.4,26.1,59.3,machine_fault
oil_spot,5.1,M02,10.0,12,afternoon,0.2,53.6,8.0,69.5,23.9,85.6,human_error
thread_error,4.2,M09,2.9,21,night,1.3,31.2,11.9,31.2,19.8,51.0,material_issue
objects,6.7,M08,8.1,2,afternoon,4.9,28.0,12.54,62.2,19.9,71.2,human_error
hole,17.4,M12,14.4,5,afternoon,1.2,43.9,8.59,55.3,27.0,88.1,machine_fault
cut,1.4,M03,9.4,7,morning,6.6,30.8,7.12,54.4,25.1,80.0,human_error
thread_error,1.1,M09,4.5,9,morning,0.0,33.8,10.14,73.0,23.3,62.4,human_error
color_defect,20.4,M09,1.8,9,afternoon,2.8,24.6,14.49,48.6,28.4,80.5,material_issue
cut,11.3,M12,3.4,16,afternoon,0.9,15.4,7.26,60.5,25.7,63.8,human_error
hole,3.0,M02,1.7,9,afternoon,5.9,26.1,16.15,96.4,18.6,80.2,material_issue
stain,4.7,M05,3.4,95,night,0.5,36.1,14.1,51.6,27.2,66.6,machine_fault
oil_spot,17.9,M07,12.2,12,morning,0.7,40.2,14.37,31.7,24.2,100.0,human_error
hole,3.0,M06,1.1,3,night,0.7,36.9,13.53,63.4,24.7,37.3,human_error
color_defect,17.6,M06,6.4,21,morning,7.3,40.0,10.43,50.8,25.2,84.1,material_issue
oil_spot,1.5,M05,14.1,4,morning,0.8,39.4,12.82,42.9,23.1,54.6,material_issue
color_defect,8.4,M03,3.1,5,morning,12.1,29.8,13.01,62.1,27.2,73.6,material_issue
objects,2.1,M05,12.6,5,afternoon,2.1,38.1,13.36,29.2,28.6,88.1,material_issue
hole,26.9,M05,11.2,8,morning,8.4,36.2,13.41,52.0,24.6,61.6,machine_fault
oil_spot,6.8,M03,14.0,3,afternoon,1.7,43.0,12.94,49.9,23.4,70.7,human_error
stain,2.7,M10,13.7,6,morning,3.8,38.7,12.85,65.0,21.4,81.5,material_issue
objects,2.0,M10,5.2,12,afternoon,1.3,35.3,12.94,57.3,26.7,100.0,human_error
cut,6.6,M11,9.6,1,afternoon,5.4,31.3,12.88,58.3,24.6,80.8,human_error
oil_spot,4.5,M01,5.9,19,morning,0.5,51.1,16.71,37.6,21.0,93.4,human_error
objects,11.4,M09,12.1,69,night,2.2,33.4,10.82,47.3,23.1,100.0,machine_fault
thread_error,1.7,M07,6.7,14,morning,2.5,38.6,10.11,63.5,17.5,91.9,machine_fault
stain,6.7,M11,1.7,27,morning,4.0,23.1,9.1,73.4,29.8,51.4,material_issue
thread_error,1.6,M08,1.7,3,morning,6.3,31.2,15.52,49.9,25.6,58.9,human_error
cut,2.3,M12,7.8,11,morning,10.1,27.7,14.24,64.4,25.6,63.5,material_issue
oil_spot,14.7,M01,0.5,41,morning,4.3,33.4,15.99,37.9,29.7,76.5,material_issue
hole,10.9,M05,3.3,4,morning,2.4,18.0,12.27,69.9,17.4,77.5,human_error
thread_error,9.9,M03,7.8,50,afternoon,1.8,34.0,9.78,31.2,20.6,81.0,machine_fault
color_defect,2.1,M10,8.1,18,morning,2.6,26.1,14.34,56.2,25.3,57.9,human_error
hole,2.9,M06,3.4,30,afternoon,0.4,36.1,12.08,33.2,24.7,44.9,machine_fault
cut,2.7,M05,14.1,24,morning,3.9,46.0,11.04,45.9,19.6,67.2,human_error
objects,4.0,M12,11.3,1,morning,3.3,46.7,9.69,49.3,24.2,59.7,human_error
stain,35.9,M10,11.7,40,night,1.5,28.5,11.5,38.4,24.0,54.5,material_issue
stain,1.9,M06,13.2,3,afternoon,1.6,40.3,18.72,55.9,22.7,60.0,material_issue
color_defect,1.7,M06,4.6,9,afternoon,2.5,19.9,13.2,60.2,22.6,73.3,human_error
cut,16.2,M06,14.9,38,night,8.1,46.2,11.01,63.3,21.4,85.5,machine_fault
cut,9.9,M11,9.8,16,morning,1.1,45.3,9.68,47.0,24.5,63.0,human_error
color_defect,1.9,M01,0.9,9,night,0.2,42.9,15.25,51.1,23.5,71.3,human_error
objects,5.4,M07,8.7,20,afternoon,5.2,31.8,11.68,63.2,23.3,78.5,machine_fault
stain,3.0,M07,10.4,18,afternoon,1.8,24.2,14.87,51.6,28.7,68.0,human_error
oil_spot,8.7,M04,9.3,36,morning,5.3,33.2,11.35,44.6,29.9,64.3,machine_fault
thread_error,7.4,M09,11.9,20,morning,11.9,30.2,15.92,48.3,22.5,69.1,machine_fault
stain,3.0,M09,10.6,89,afternoon,0.2,47.5,11.67,62.5,24.2,73.4,human_error
hole,8.2,M03,12.8,21,afternoon,2.6,40.8,13.5,53.3,19.5,85.8,machine_fault
stain,2.2,M02,14.4,21,night,0.6,39.5,15.58,45.6,22.8,59.9,human_error
oil_spot,14.8,M12,5.0,8,night,11.8,49.1,10.0,56.1,21.7,62.7,material_issue
stain,5.4,M09,1.7,53,morning,0.7,32.8,9.34,70.1,25.8,78.1,material_issue
stain,8.4,M03,0.9,1,afternoon,5.8,53.4,14.69,44.8,24.7,71.0,material_issue
hole,9.3,M06,6.2,28,afternoon,0.8,35.0,12.93,58.8,21.8,75.0,machine_fault
thread_error,11.2,M07,8.7,11,afternoon,2.8,28.3,10.93,45.7,22.1,88.1,machine_fault
thread_error,20.5,M06,2.5,11,night,5.4,46.7,12.01,29.6,22.3,70.7,material_issue
hole,22.8,M11,8.0,10,night,6.4,36.0,7.1,47.2,23.7,64.1,machine_fault
thread_error,6.2,M02,8.3,5,afternoon,3.5,37.4,8.99,71.0,15.8,74.5,material_issue
color_defect,3.6,M06,4.9,13,afternoon,6.2,42.3,11.42,57.3,27.4,77.0,material_issue
stain,5.4,M08,9.0,18,morning,6.3,26.5,5.57,74.4,21.1,80.3,material_issue
objects,20.7,M03,13.5,17,morning,1.6,32.3,17.77,69.3,26.2,79.8,machine_fault
objects,12.3,M11,5.0,11,morning,0.5,18.4,11.42,38.4,26.0,71.7,human_error
objects,28.2,M02,8.8,23,morning,2.3,33.9,15.71,38.4,21.5,71.7,machine_fault
stain,13.2,M02,13.7,65,morning,8.5,30.9,8.58,70.7,20.5,61.5,material_issue
color_defect,6.4,M07,14.9,40,morning,3.5,41.4,6.52,47.5,23.9,63.6,material_issue
oil_spot,12.0,M04,7.4,6,morning,15.9,34.1,12.35,48.3,23.0,100.0,material_issue
hole,20.0,M08,5.6,24,night,5.9,36.5,17.57,51.4,19.1,80.3,human_error
objects,6.5,M04,0.6,8,morning,17.7,16.2,8.83,39.0,28.0,82.8,material_issue
hole,5.2,M07,10.7,3,night,5.2,44.2,14.49,61.2,25.9,81.2,human_error
thread_error,5.4,M04,8.1,21,night,2.0,47.7,18.06,52.8,25.6,73.9,human_error
cut,2.9,M07,9.8,13,morning,0.4,49.1,12.36,69.2,20.4,85.0,human_error
oil_spot,5.8,M05,4.8,15,afternoon,8.0,29.4,14.51,53.4,24.1,84.4,material_issue
thread_error,4.4,M05,13.4,9,morning,1.8,31.9,10.15,46.0,26.9,59.7,machine_fault
stain,7.2,M11,6.2,16,night,4.1,27.5,12.0,60.8,27.3,70.7,material_issue
oil_spot,2.2,M12,3.5,11,afternoon,2.1,33.6,8.51,48.8,25.3,69.5,material_issue
thread_error,8.2,M04,4.9,2,morning,4.7,29.8,10.7,55.0,21.7,100.0,machine_fault
color_defect,9.6,M03,12.2,3,morning,5.8,55.3,8.17,44.8,24.7,100.0,human_error
oil_spot,5.5,M08,5.5,1,afternoon,0.3,34.8,9.84,87.2,24.9,94.4,human_error
oil_spot,2.7,M07,5.3,5,morning,2.8,18.7,13.16,55.6,25.2,77.6,human_error
objects,9.2,M06,14.9,25,morning,7.8,15.1,16.0,64.3,26.2,84.6,machine_fault
hole,8.0,M12,9.9,3,morning,1.0,37.6,8.42,49.4,21.8,85.5,machine_fault
thread_error,5.3,M06,3.4,1,morning,1.7,34.9,6.75,15.2,25.8,63.6,material_issue
cut,12.1,M08,6.2,23,afternoon,9.5,26.5,12.89,74.1,23.8,87.4,machine_fault
objects,6.0,M11,13.9,41,night,2.8,46.4,10.08,59.1,27.1,68.5,human_error
stain,2.3,M09,1.3,3,afternoon,1.1,38.7,9.64,71.6,24.5,57.8,material_issue
oil_spot,12.4,M04,2.7,27,morning,0.7,33.6,10.54,35.4,28.7,87.3,material_issue
color_defect,18.4,M11,2.3,50,afternoon,1.6,33.3,10.72,61.5,22.2,74.8,human_error
objects,7.1,M05,5.9,16,morning,2.6,22.2,15.29,39.4,24.3,90.4,machine_fault
oil_spot,12.1,M07,5.1,0,morning,1.6,25.5,13.29,50.6,27.5,61.6,material_issue
oil_spot,2.9,M12,11.1,32,night,2.3,35.5,12.84,35.6,30.8,59.5,material_issue
color_defect,7.0,M02,4.8,2,morning,8.8,24.7,17.58,66.3,24.5,88.4,material_issue
cut,7.8,M01,2.4,2,morning,5.7,26.0,10.26,49.0,25.2,98.6,human_error
thread_error,4.5,M07,13.1,8,afternoon,1.2,37.6,14.18,81.3,20.1,65.2,machine_fault
color_defect,1.9,M02,2.9,5,night,4.2,34.7,13.03,61.6,15.5,73.4,material_issue
hole,3.0,M04,2.3,15,morning,0.0,43.3,12.84,43.5,26.2,66.6,machine_fault
oil_spot,4.3,M02,9.7,34,afternoon,0.4,38.4,7.66,79.9,23.5,61.5,material_issue
oil_spot,10.3,M04,8.3,6,night,18.4,32.1,14.11,48.8,19.0,74.0,material_issue
oil_spot,3.1,M08,14.4,0,night,3.3,39.9,8.6,66.5,20.8,89.8,human_error
stain,8.5,M05,10.7,3,morning,1.3,31.3,6.74,66.8,21.4,68.1,human_error
cut,6.2,M05,10.9,6,afternoon,0.9,44.4,10.1,51.8,27.3,39.5,human_error
thread_error,10.2,M11,6.8,1,afternoon,2.8,33.5,12.46,47.9,30.3,98.6,human_error
color_defect,36.0,M08,5.5,16,morning,1.5,36.6,12.53,18.9,27.7,75.9,human_error
color_defect,2.1,M10,10.8,15,afternoon,0.8,43.3,11.51,60.0,26.7,70.5,human_error
cut,18.1,M02,8.8,27,morning,0.4,43.7,12.97,59.6,26.3,66.5,human_error
objects,19.2,M05,6.9,58,night,8.0,27.8,11.47,34.2,24.3,46.0,machine_fault
thread_error,3.0,M09,6.0,85,morning,0.5,43.3,13.99,33.7,23.3,58.8,material_issue
stain,12.6,M08,10.7,1,night,2.7,41.6,12.82,52.2,26.9,63.2,human_error
objects,22.8,M01,14.6,75,morning,13.3,41.3,10.89,61.7,22.5,58.1,machine_fault
hole,3.4,M04,8.8,10,afternoon,4.0,38.0,12.28,39.5,27.7,70.9,human_error
cut,1.2,M10,9.0,11,afternoon,6.6,42.4,14.43,58.5,28.3,68.2,human_error
objects,1.5,M06,13.7,18,afternoon,2.7,38.0,9.53,38.9,25.0,71.8,machine_fault
thread_error,8.2,M11,8.0,26,night,6.3,43.9,14.64,48.0,20.6,58.9,human_error
oil_spot,6.5,M07,12.4,9,morning,21.4,30.6,12.54,62.6,26.3,60.5,material_issue
hole,7.8,M06,8.6,47,night,10.0,46.7,11.57,54.1,23.5,93.8,machine_fault
hole,13.9,M01,2.6,11,night,0.6,38.1,10.14,46.4,18.3,53.6,human_error
stain,4.2,M11,1.3,29,morning,6.3,46.2,11.77,42.0,25.8,100.0,material_issue
objects,5.8,M01,4.4,47,morning,9.5,40.8,8.17,59.0,22.7,80.6,machine_fault
objects,7.2,M08,9.6,14,morning,5.6,35.0,10.34,44.6,24.0,71.1,machine_fault
stain,1.6,M07,2.7,29,morning,1.7,17.8,11.26,46.5,22.7,69.9,material_issue
cut,7.1,M01,8.8,62,afternoon,1.7,45.5,7.81,50.4,28.6,78.3,human_error
oil_spot,16.1,M11,7.0,9,morning,3.5,38.4,12.1,35.7,18.6,80.0,material_issue
stain,43.2,M05,11.6,2,afternoon,1.5,41.0,13.55,52.6,26.7,55.9,material_issue
objects,2.0,M10,6.0,0,night,2.4,21.6,12.53,62.7,25.9,88.4,human_error
stain,1.9,M07,4.9,38,night,4.1,41.9,8.05,50.9,24.8,71.3,human_error
hole,4.1,M07,9.5,4,night,1.1,32.8,10.57,37.5,23.7,77.6,human_error
thread_error,3.3,M10,7.8,4,morning,3.8,46.8,9.85,47.7,25.9,82.6,human_error
oil_spot,2.6,M07,1.9,0,afternoon,1.4,25.4,12.77,50.2,25.8,80.0,human_error
thread_error,1.0,M03,1.7,2,night,2.1,35.5,10.78,47.1,21.8,82.2,human_error
cut,2.6,M06,0.9,12,afternoon,1.1,29.9,15.27,60.8,28.6,77.1,human_error
color_defect,3.7,M01,9.1,13,afternoon,15.7,50.6,12.85,39.2,21.0,71.0,material_issue
color_defect,1.7,M01,11.7,21,morning,0.5,39.2,14.83,57.7,18.3,92.8,human_error
cut,16.8,M01,10.5,2,night,2.6,37.0,13.78,51.8,18.6,95.2,human_error
color_defect,15.4,M02,4.9,1,night,0.5,35.4,16.82,61.3,26.2,68.0,human_error
thread_error,17.6,M08,1.7,17,morning,5.2,31.5,13.36,61.1,20.6,66.0,machine_fault
stain,6.7,M01,8.5,16,night,7.0,47.5,10.78,84.8,24.1,89.9,material_issue
cut,1.7,M04,10.1,39,morning,0.3,29.8,11.17,51.9,25.2,64.6,human_error
hole,4.2,M04,14.4,29,afternoon,0.5,41.0,9.16,49.2,25.6,43.8,machine_fault
thread_error,14.7,M12,4.6,20,night,5.2,47.3,10.74,48.1,27.1,66.6,human_error
oil_spot,6.9,M01,6.6,8,morning,0.3,31.4,7.12,41.8,24.7,69.8,material_issue
color_defect,25.6,M09,10.8,42,night,0.8,27.4,11.55,61.4,24.3,69.4,human_error
oil_spot,4.5,M02,12.1,5,morning,4.7,34.6,10.51,65.2,23.8,65.3,material_issue
cut,6.0,M12,6.3,17,night,0.5,31.8,11.89,29.3,26.7,46.9,human_error
hole,1.9,M02,12.9,4,afternoon,0.2,32.6,7.07,56.0,21.6,55.1,human_error
objects,17.9,M05,5.6,20,morning,12.3,40.0,8.01,66.0,27.0,46.3,machine_fault
objects,2.4,M04,2.1,36,afternoon,0.0,31.9,11.79,62.7,18.6,49.4,human_error
stain,3.1,M10,13.4,19,morning,6.7,48.0,12.28,35.3,24.4,60.0,material_issue
cut,9.9,M09,6.0,7,night,0.2,27.9,15.95,73.1,20.3,81.9,human_error
objects,3.4,M03,8.6,7,afternoon,3.1,34.2,13.69,66.6,29.2,58.0,machine_fault
thread_error,10.5,M09,4.1,11,morning,2.8,56.4,13.57,64.3,26.3,64.6,human_error
objects,8.4,M08,4.8,12,afternoon,3.5,40.3,11.45,22.2,23.6,76.8,material_issue
oil_spot,2.8,M07,1.4,7,morning,4.3,46.9,11.31,39.2,22.4,61.9,material_issue
oil_spot,4.0,M04,13.6,14,night,3.1,43.1,9.33,44.9,24.3,64.4,human_error
cut,2.1,M03,4.9,6,morning,1.8,27.4,11.51,38.9,23.6,64.4,human_error
objects,7.1,M10,2.3,18,night,5.5,38.5,12.5,42.8,23.1,94.0,machine_fault
color_defect,7.6,M09,12.5,9,morning,5.4,19.0,7.42,69.1,28.1,75.3,human_error
oil_spot,17.1,M11,2.1,53,morning,5.5,50.5,9.83,47.5,26.2,74.6,material_issue
color_defect,3.6,M09,6.7,13,afternoon,1.7,41.7,11.52,38.1,26.5,94.6,material_issue
cut,5.6,M10,13.5,6,night,2.6,25.2,9.95,60.8,26.1,78.3,human_error
thread_error,5.3,M04,14.1,20,night,3.9,44.1,9.81,61.0,19.8,58.7,human_error
objects,4.1,M06,14.2,7,afternoon,0.5,35.0,9.85,68.1,26.1,65.4,material_issue
objects,5.0,M09,11.5,25,morning,3.0,19.8,15.05,65.4,22.7,75.9,machine_fault
oil_spot,2.1,M12,14.7,73,morning,0.4,22.4,16.46,57.0,28.8,100.0,human_error
oil_spot,12.6,M09,9.7,8,morning,6.8,30.2,14.98,66.2,23.3,62.1,material_issue
hole,6.8,M02,10.7,9,afternoon,3.4,34.0,7.3,54.2,21.7,68.0,human_error
stain,15.8,M10,11.9,14,morning,7.0,33.6,11.11,67.9,24.8,61.2,material_issue
color_defect,5.9,M01,0.6,7,night,2.8,40.4,14.45,59.1,19.0,77.5,human_error
hole,6.3,M08,5.1,1,morning,2.3,40.8,7.02,68.6,24.0,94.5,human_error
hole,21.8,M01,6.2,35,night,0.2,30.1,10.49,53.0,27.8,81.5,human_error
objects,2.0,M07,10.4,16,afternoon,0.4,36.4,15.6,57.6,22.9,74.4,machine_fault
stain,17.0,M11,10.0,3,night,5.6,27.1,12.39,54.9,24.9,76.9,human_error
stain,1.3,M10,5.0,27,night,1.0,23.6,13.65,49.1,25.2,56.7,human_error
hole,3.0,M01,10.5,13,morning,0.6,44.7,8.43,46.6,25.5,59.7,human_error
oil_spot,12.0,M07,2.7,16,night,0.8,27.8,11.21,71.6,27.5,82.8,human_error
cut,2.2,M09,11.6,2,night,3.8,35.2,8.49,50.1,28.7,51.7,human_error
color_defect,2.7,M01,13.3,0,night,5.6,23.8,12.77,54.2,27.2,71.0,human_error
thread_error,8.7,M05,4.3,11,morning,0.8,25.6,9.85,55.1,21.5,100.0,machine_fault
cut,3.2,M02,14.7,33,afternoon,10.5,39.4,9.73,41.2,23.6,74.5,machine_fault
stain,4.5,M03,11.8,18,morning,0.2,43.9,11.26,58.3,22.7,89.1,human_error
objects,7.4,M08,1.8,24,afternoon,0.4,28.6,10.92,51.7,22.3,71.2,human_error
thread_error,1.2,M11,2.9,0,morning,3.4,29.0,10.08,44.5,26.5,89.3,human_error
thread_error,13.1,M05,1.3,25,afternoon,9.8,45.2,11.65,48.8,26.1,82.2,machine_fault
hole,2.2,M12,3.6,15,morning,7.6,41.9,11.97,58.6,21.9,69.8,machine_fault
color_defect,2.3,M09,10.2,0,afternoon,0.3,42.6,10.64,50.6,20.5,66.5,human_error
thread_error,2.8,M11,13.0,43,morning,5.0,31.1,11.33,50.4,26.1,55.4,machine_fault
hole,6.4,M07,10.5,1,afternoon,1.9,30.0,11.36,56.0,24.8,81.7,machine_fault
cut,4.8,M10,14.0,11,morning,2.9,28.4,14.88,65.6,20.9,66.9,human_error
objects,11.5,M01,1.2,14,morning,1.4,28.9,8.87,56.4,22.0,76.9,human_error
thread_error,20.9,M01,9.5,7,afternoon,0.1,38.4,10.07,46.1,25.2,81.5,human_error
cut,27.8,M11,7.9,25,morning,3.8,36.5,12.23,46.7,21.9,71.4,human_error
objects,40.0,M02,0.9,6,morning,11.3,32.2,11.45,49.5,28.3,79.0,machine_fault
objects,8.0,M12,7.9,7,morning,5.0,46.2,10.29,56.4,27.3,58.6,machine_fault
oil_spot,2.0,M02,3.0,1,morning,5.2,48.1,10.63,44.8,23.1,87.4,material_issue
stain,6.3,M10,6.9,66,night,1.0,32.1,13.68,60.5,26.1,85.4,human_error
hole,3.1,M06,5.6,5,morning,1.1,34.7,9.5,45.9,24.7,100.0,human_error
oil_spot,18.8,M09,12.9,24,morning,2.0,27.4,13.43,75.7,23.9,94.1,material_issue
stain,13.1,M09,2.2,4,afternoon,5.5,30.4,16.51,46.6,29.8,55.5,material_issue
stain,1.2,M03,12.0,35,night,6.6,41.3,10.58,58.6,17.0,65.5,material_issue
stain,8.1,M01,14.1,34,morning,1.7,25.9,10.35,56.2,28.3,80.1,machine_fault
color_defect,3.1,M01,3.2,28,afternoon,1.6,43.3,10.5,54.2,26.5,75.7,human_error
cut,7.1,M05,6.4,20,night,1.4,28.2,6.23,63.8,22.3,79.1,human_error
thread_error,10.1,M08,1.3,21,afternoon,0.4,30.9,6.1,44.6,24.9,74.9,human_error
objects,3.6,M01,7.6,46,night,14.2,34.9,8.08,46.1,19.9,50.2,material_issue
color_defect,2.2,M12,9.6,9,morning,5.5,29.0,11.85,39.9,28.0,92.1,human_error
oil_spot,5.9,M06,12.6,21,night,1.3,34.2,18.5,54.0,28.1,83.5,human_error
cut,13.8,M09,7.0,0,morning,1.7,27.4,15.05,54.1,24.7,72.0,human_error
color_defect,9.3,M08,3.9,13,morning,3.3,43.5,10.68,53.6,25.7,70.7,human_error
cut,3.7,M09,3.8,22,morning,4.5,35.6,8.91,56.6,23.9,58.5,human_error
cut,6.2,M09,12.7,8,afternoon,3.1,31.0,13.03,70.0,25.9,72.4,human_error
stain,2.4,M07,13.7,1,morning,1.0,46.8,12.11,57.4,22.1,74.6,human_error
oil_spot,45.9,M09,8.8,34,afternoon,1.3,38.7,12.3,75.0,27.9,75.4,material_issue
stain,40.4,M11,9.0,2,afternoon,1.0,31.1,11.4,43.1,30.5,76.5,material_issue
cut,8.7,M05,0.8,26,morning,7.1,31.6,16.71,61.8,26.3,63.0,human_error
hole,11.6,M10,2.4,23,morning,1.1,39.3,11.63,54.5,22.9,75.9,machine_fault
objects,13.1,M01,11.1,39,afternoon,11.8,32.8,16.79,73.4,22.6,92.0,machine_fault
cut,6.4,M10,9.5,4,afternoon,6.2,39.2,14.72,53.2,28.5,90.4,machine_fault
oil_spot,39.9,M06,5.4,19,afternoon,0.6,37.2,15.14,65.7,22.7,93.9,material_issue
hole,1.2,M04,6.4,40,afternoon,0.3,34.8,10.73,48.7,27.9,74.6,machine_fault
hole,5.8,M06,4.8,13,night,0.4,38.2,15.54,67.8,24.0,68.6,human_error
objects,8.6,M02,8.8,26,afternoon,0.7,33.2,11.48,47.0,20.7,66.5,machine_fault
thread_error,24.4,M03,9.5,31,night,0.4,35.8,13.72,38.8,21.3,79.2,human_error
objects,17.1,M03,13.1,6,morning,9.6,36.1,16.49,59.5,28.4,66.6,machine_fault
color_defect,5.3,M11,10.7,15,afternoon,2.5,24.3,12.61,53.1,22.5,88.5,human_error
stain,20.0,M06,12.0,2,night,3.5,55.0,9.35,39.4,24.3,43.8,material_issue
stain,4.4,M12,14.0,15,morning,3.0,42.9,13.89,37.0,24.4,87.2,material_issue
cut,11.5,M10,0.6,4,night,9.2,20.2,10.9,62.4,23.1,77.0,human_error
oil_spot,12.2,M12,12.4,15,morning,2.4,39.2,12.26,60.6,25.7,82.8,human_error
thread_error,1.2,M02,13.9,17,morning,4.2,41.1,11.85,61.0,21.6,90.7,machine_fault
thread_error,18.0,M12,8.7,14,morning,10.5,22.7,13.5,41.5,27.5,42.9,machine_fault
hole,8.6,M12,9.4,12,night,0.1,41.8,15.22,42.7,29.4,56.8,human_error
stain,7.4,M06,12.0,7,morning,3.4,40.2,10.8,52.6,20.7,87.6,human_error
stain,1.8,M03,15.0,10,afternoon,9.4,26.9,9.57,62.4,22.4,65.8,material_issue
thread_error,8.7,M11,4.4,16,afternoon,2.8,27.8,13.16,54.9,18.7,58.2,human_error
stain,4.1,M04,14.4,23,morning,13.9,43.2,11.49,65.9,16.6,91.7,material_issue
thread_error,5.4,M05,4.8,47,afternoon,10.1,35.7,13.96,76.7,24.8,79.3,machine_fault
objects,7.8,M07,8.2,9,afternoon,5.9,34.9,12.03,57.1,24.4,74.1,machine_fault
thread_error,9.1,M12,2.7,27,morning,1.1,44.5,13.47,66.5,24.6,64.8,human_error
thread_error,3.6,M12,10.7,11,morning,5.0,23.9,16.7,57.9,22.7,77.9,machine_fault
stain,1.5,M12,7.3,4,morning,0.5,40.3,15.16,53.8,20.3,87.2,material_issue
objects,3.2,M10,5.7,1,afternoon,1.2,39.7,12.74,84.0,26.0,95.2,machine_fault
oil_spot,25.7,M11,12.6,5,afternoon,12.5,45.8,12.84,62.5,25.2,76.1,material_issue
thread_error,8.9,M05,13.4,70,night,4.5,41.9,14.63,34.1,23.1,89.9,human_error
stain,21.7,M08,5.8,6,afternoon,0.3,31.9,12.65,65.5,21.9,77.2,material_issue
cut,13.1,M04,8.9,7,morning,0.9,45.7,12.97,52.7,27.0,97.1,human_error
stain,2.0,M01,10.7,14,morning,0.7,33.5,12.71,65.7,28.9,82.5,material_issue
color_defect,27.2,M06,11.3,17,night,4.3,48.2,16.0,58.2,26.0,60.3,human_error
oil_spot,8.2,M01,14.9,17,afternoon,8.4,19.5,11.49,61.1,21.9,62.7,material_issue
color_defect,16.1,M09,6.7,1,night,0.9,30.9,12.95,60.6,18.9,82.8,human_error
oil_spot,24.2,M02,2.7,15,morning,3.9,51.7,10.25,61.2,23.2,87.2,human_error
objects,1.8,M02,11.6,50,afternoon,1.7,15.1,11.37,43.9,24.5,90.3,machine_fault
oil_spot,20.2,M07,1.0,63,morning,0.0,26.3,10.26,66.1,24.5,98.2,material_issue
thread_error,1.8,M06,9.5,13,morning,12.3,38.0,12.43,48.3,26.5,74.5,machine_fault
cut,21.3,M01,14.0,4,afternoon,3.4,44.4,9.44,56.5,27.3,73.0,human_error
stain,5.0,M06,10.0,1,afternoon,5.0,41.5,11.56,51.6,23.1,86.5,material_issue
stain,4.6,M03,8.8,20,afternoon,6.1,42.0,10.28,64.0,28.7,78.3,human_error
oil_spot,7.8,M07,14.5,0,night,3.4,41.1,8.67,69.3,26.7,52.6,machine_fault
thread_error,4.8,M02,12.3,21,morning,7.5,30.1,9.22,57.3,25.9,86.0,machine_fault
objects,8.8,M10,7.2,10,night,2.8,45.6,9.59,34.8,23.5,77.1,human_error
objects,1.9,M03,8.7,7,morning,0.3,28.6,15.12,55.1,22.6,38.7,machine_fault
objects,6.9,M01,2.8,28,afternoon,0.4,41.3,11.4,31.7,22.4,57.6,material_issue
stain,9.1,M01,11.6,45,afternoon,0.0,31.9,10.15,69.7,22.5,67.1,material_issue
objects,1.5,M10,8.5,2,morning,6.0,40.1,5.85,42.8,29.0,70.0,machine_fault
oil_spot,20.4,M01,6.1,70,morning,5.4,39.4,12.23,44.7,27.2,81.0,material_issue
cut,39.4,M08,13.8,2,afternoon,1.8,43.7,15.59,34.5,25.4,81.7,human_error
oil_spot,3.4,M07,10.3,4,night,1.6,29.1,7.59,61.7,25.1,63.6,human_error
hole,20.4,M08,14.3,26,morning,0.4,52.1,3.23,77.8,25.6,82.0,machine_fault
stain,13.5,M07,6.1,2,night,5.5,30.1,15.53,36.7,22.2,73.2,material_issue
color_defect,9.9,M08,1.8,21,afternoon,11.2,34.5,13.24,33.2,23.7,57.0,material_issue
cut,3.0,M11,14.8,32,morning,0.2,38.8,12.71,43.6,24.8,81.6,human_error
stain,9.5,M07,2.9,4,night,2.4,52.3,10.87,59.0,21.5,86.5,human_error
color_defect,5.2,M01,13.2,16,afternoon,2.5,36.0,12.64,52.6,20.6,64.5,material_issue
thread_error,1.3,M01,1.9,6,morning,7.2,38.5,12.83,33.0,23.8,48.9,machine_fault
cut,2.0,M04,8.3,17,afternoon,2.3,27.6,13.64,49.7,18.8,67.3,human_error
cut,11.2,M01,10.4,25,afternoon,0.8,46.7,12.01,58.5,24.6,71.0,human_error
objects,31.6,M12,6.6,10,morning,13.0,42.1,16.28,64.4,20.3,74.3,machine_fault
hole,4.1,M10,5.4,20,morning,13.7,33.7,16.53,55.9,19.9,86.3,machine_fault
objects,2.8,M10,7.5,33,night,2.8,35.9,16.3,38.2,25.4,100.0,machine_fault
objects,1.1,M09,3.2,6,morning,1.1,32.0,11.94,57.8,22.7,48.2,human_error
objects,1.8,M04,6.2,12,night,16.3,27.9,11.25,85.0,25.9,73.6,material_issue
hole,1.2,M08,13.0,3,morning,0.5,31.1,8.69,56.6,26.8,92.7,human_error
oil_spot,16.2,M07,3.6,8,night,14.6,43.4,8.58,47.0,20.1,75.1,material_issue
thread_error,8.0,M12,14.7,12,morning,15.1,29.4,7.94,58.0,19.6,100.0,machine_fault
stain,3.4,M04,2.4,11,morning,8.6,37.4,8.08,56.7,21.0,73.8,material_issue
thread_error,2.3,M04,3.4,0,afternoon,0.5,28.0,13.3,53.5,28.0,55.4,human_error
cut,5.5,M03,3.8,31,night,2.3,32.1,11.07,84.6,17.5,55.7,human_error
color_defect,1.1,M12,11.7,3,afternoon,1.7,44.7,8.69,72.3,24.0,73.9,human_error
hole,23.6,M01,4.2,20,night,3.3,49.0,12.05,49.5,24.5,65.3,human_error
thread_error,22.9,M02,2.6,39,night,3.0,30.1,7.0,51.3,25.2,89.5,human_error
objects,4.9,M05,2.6,13,night,0.9,26.7,11.75,42.8,21.9,57.7,human_error
thread_error,26.2,M05,14.3,27,afternoon,2.6,42.4,12.04,59.4,16.9,93.5,machine_fault
oil_spot,1.2,M09,9.6,6,night,0.8,22.5,12.98,68.7,26.2,67.8,human_error
oil_spot,12.4,M09,4.2,0,night,0.6,29.4,15.02,57.4,23.7,94.4,human_error
cut,3.1,M01,12.4,3,morning,0.9,33.2,4.81,53.9,21.9,85.0,human_error
objects,11.0,M11,11.3,7,morning,3.3,41.2,14.28,46.3,20.6,81.0,machine_fault
objects,14.7,M01,4.7,2,afternoon,0.1,48.9,11.15,54.4,18.5,100.0,human_error
oil_spot,21.6,M08,14.1,24,afternoon,0.0,37.6,13.0,42.2,20.9,59.6,material_issue
objects,26.1,M08,5.2,8,morning,3.5,40.6,9.83,44.1,25.1,56.4,material_issue
color_defect,16.3,M06,14.0,31,afternoon,7.1,41.7,9.67,67.7,25.0,89.3,human_error
hole,6.2,M10,6.8,4,afternoon,2.4,32.1,14.79,71.1,22.3,75.4,human_error
color_defect,3.4,M03,2.9,18,afternoon,5.7,32.5,13.06,47.9,27.8,90.2,human_error
oil_spot,19.7,M03,6.5,20,afternoon,0.2,36.1,8.08,64.9,26.0,100.0,human_error
objects,2.8,M11,3.0,20,morning,9.3,43.3,11.22,48.1,26.1,76.7,machine_fault
hole,5.2,M09,12.6,2,night,1.3,31.6,10.38,59.2,27.0,97.9,human_error
thread_error,13.3,M12,9.3,1,morning,1.7,49.8,12.33,67.1,29.8,87.2,machine_fault
hole,6.1,M01,13.9,0,afternoon,1.2,39.6,11.1,60.7,24.1,71.7,human_error
hole,8.3,M07,6.0,4,night,6.3,34.5,12.58,63.5,23.3,85.9,human_error
cut,10.0,M03,12.0,15,afternoon,12.6,19.1,11.63,45.3,22.9,93.8,human_error
cut,8.3,M12,8.1,2,afternoon,1.6,41.1,12.86,49.3,24.5,85.6,human_error
thread_error,2.3,M01,13.4,29,morning,3.5,32.2,12.94,51.5,23.1,80.6,machine_fault
thread_error,28.1,M09,2.9,5,morning,5.1,38.5,9.86,58.1,23.0,76.7,machine_fault
oil_spot,14.0,M11,2.4,41,night,3.3,39.0,8.91,84.1,22.4,78.8,human_error
hole,9.4,M02,8.1,5,night,0.6,28.0,20.94,50.1,27.5,92.1,human_error
hole,5.2,M10,4.1,28,afternoon,4.1,33.0,12.94,46.6,23.3,86.1,material_issue
color_defect,12.8,M07,5.8,14,afternoon,0.9,41.3,12.19,63.1,24.6,94.1,material_issue
hole,14.4,M05,1.7,6,morning,5.2,34.7,12.14,63.3,25.0,80.1,human_error
thread_error,13.5,M03,5.8,28,night,2.0,29.5,12.8,59.9,23.7,69.2,human_error
hole,18.4,M04,6.5,44,afternoon,1.6,11.6,10.95,32.4,22.5,67.5,material_issue
thread_error,25.1,M11,9.5,9,afternoon,7.9,28.0,13.98,41.2,21.0,74.2,machine_fault
objects,2.6,M01,10.7,0,afternoon,1.2,31.3,9.03,51.7,21.3,74.4,machine_fault
hole,6.5,M05,9.5,6,morning,0.8,41.8,9.57,72.9,21.0,57.5,human_error
color_defect,2.3,M05,2.5,8,morning,5.7,28.4,11.8,48.9,30.6,90.9,human_error
hole,4.4,M03,11.5,1,afternoon,1.5,48.6,12.15,45.6,24.0,68.5,human_error
color_defect,15.4,M09,14.0,21,morning,13.5,41.0,16.89,47.9,21.9,47.2,material_issue
stain,6.8,M12,6.9,20,morning,7.2,35.4,11.69,60.6,27.1,65.8,material_issue
hole,2.3,M07,1.0,0,morning,0.4,46.8,11.83,66.8,21.4,78.2,human_error
stain,3.1,M07,9.5,8,morning,0.4,48.9,14.58,59.2,24.7,63.7,material_issue
stain,23.6,M08,12.9,6,afternoon,2.3,42.4,11.0,59.6,28.1,59.3,material_issue
hole,8.5,M09,13.0,9,night,0.3,22.2,11.8,56.2,22.8,90.7,human_error
hole,6.1,M06,7.7,74,night,0.9,38.4,10.97,52.4,19.8,79.6,machine_fault
hole,16.0,M10,10.7,1,morning,6.9,48.8,8.75,57.0,23.3,95.2,human_error
hole,2.6,M03,10.3,1,afternoon,1.6,24.9,11.68,37.3,27.5,98.3,human_error
color_defect,8.8,M10,10.5,0,night,1.4,38.4,10.36,67.5,25.5,54.2,human_error
stain,12.5,M03,6.6,7,morning,5.4,41.4,13.43,64.3,26.4,68.6,human_error
thread_error,3.3,M11,10.7,8,night,17.8,37.5,15.07,31.2,25.5,81.0,material_issue
hole,12.6,M03,6.2,32,night,1.3,31.1,13.95,60.1,28.6,84.6,human_error
color_defect,22.7,M07,11.6,4,morning,2.7,46.3,10.88,67.3,23.2,71.2,material_issue
cut,7.4,M04,14.1,37,morning,18.4,28.5,15.29,58.3,22.0,65.9,machine_fault
stain,28.4,M07,11.8,9,morning,0.1,46.7,9.78,75.6,23.7,86.7,material_issue
cut,16.3,M07,13.9,14,morning,1.9,29.6,10.3,66.7,23.8,65.8,human_error
oil_spot,35.7,M09,1.9,97,night,6.8,34.1,13.86,43.8,23.3,73.9,material_issue
color_defect,12.4,M03,0.9,10,morning,4.1,36.0,13.11,44.8,28.8,98.4,material_issue
cut,14.5,M11,2.3,14,night,11.5,46.6,10.08,43.2,23.3,69.2,human_error
stain,27.3,M09,10.5,7,morning,10.0,38.9,8.45,52.5,23.3,81.0,material_issue
objects,9.3,M10,8.2,20,afternoon,0.4,25.2,9.82,34.8,22.1,56.5,material_issue
objects,14.2,M06,4.0,33,morning,6.7,47.4,13.36,42.5,29.5,90.0,machine_fault
objects,3.9,M04,2.2,54,afternoon,10.3,31.1,13.26,50.4,24.1,74.3,machine_fault
hole,12.0,M09,5.1,36,night,2.0,26.6,16.08,57.0,24.1,79.3,human_error
objects,9.9,M01,9.4,44,morning,8.3,32.4,13.31,74.1,19.8,53.3,machine_fault
hole,4.0,M03,1.5,2,night,2.1,34.8,14.59,36.9,25.4,48.4,human_error
thread_error,2.1,M02,14.6,3,afternoon,0.3,30.1,12.71,63.0,20.3,79.1,human_error
color_defect,7.2,M06,0.8,2,morning,0.4,36.9,12.67,56.4,22.3,91.2,human_error
hole,8.8,M11,6.1,6,night,3.4,29.8,15.96,36.5,22.9,81.1,human_error
cut,9.2,M06,5.7,13,afternoon,1.4,33.0,12.47,55.0,21.5,68.0,human_error
color_defect,9.7,M02,2.8,4,night,1.6,18.6,11.88,45.6,21.3,82.0,human_error
color_defect,30.0,M03,10.7,10,morning,5.7,31.2,14.7,54.6,20.1,100.0,human_error
color_defect,7.0,M01,2.2,33,morning,0.3,30.8,9.09,56.6,26.6,63.3,human_error
hole,1.7,M08,9.3,17,afternoon,1.4,38.4,10.48,52.5,23.5,90.8,human_error
stain,10.7,M07,12.7,4,afternoon,6.0,51.5,15.48,49.8,23.7,100.0,human_error
cut,21.1,M01,4.3,5,night,2.7,30.8,17.69,54.8,28.0,69.9,human_error
color_defect,10.7,M05,4.8,5,morning,6.2,33.1,8.63,63.6,23.9,90.9,human_error
oil_spot,1.4,M09,14.1,3,morning,1.2,32.7,12.36,61.1,28.2,66.9,material_issue
hole,7.5,M03,9.6,58,morning,2.7,26.8,15.23,60.1,30.0,88.0,machine_fault
stain,9.9,M03,12.5,3,afternoon,1.5,34.6,13.78,73.1,27.7,69.8,material_issue
thread_error,7.2,M02,11.0,13,morning,0.4,20.1,13.14,56.5,25.8,78.6,human_error
oil_spot,1.8,M02,3.8,10,afternoon,0.5,34.1,16.07,59.7,19.6,64.8,material_issue
hole,2.3,M07,6.2,13,night,3.3,47.1,14.27,30.8,22.1,82.6,human_error
cut,2.4,M08,3.5,29,afternoon,1.4,51.9,14.45,56.4,28.2,75.5,human_error
stain,8.0,M04,8.4,5,night,1.2,25.1,15.24,42.1,22.5,100.0,human_error
cut,22.8,M07,9.0,3,night,2.2,30.5,11.46,50.4,21.5,51.8,human_error
objects,14.2,M02,11.5,20,afternoon,0.1,30.7,12.63,66.5,23.8,55.7,human_error
cut,4.6,M12,1.4,38,morning,0.4,17.6,10.17,70.0,23.3,74.5,human_error
oil_spot,4.5,M07,6.8,3,morning,0.5,50.2,9.58,68.2,25.8,80.7,human_error
color_defect,13.8,M09,5.9,5,afternoon,6.8,38.5,12.18,65.7,25.5,76.6,human_error
objects,4.1,M12,6.9,8,night,4.6,30.3,11.63,44.4,28.0,77.6,machine_fault
thread_error,15.8,M12,13.6,0,afternoon,0.9,34.1,14.79,82.5,22.8,82.9,material_issue
hole,5.2,M08,11.2,32,night,0.6,25.5,11.49,72.9,23.3,51.9,human_error
stain,3.5,M06,4.3,28,afternoon,3.6,42.1,15.84,24.0,25.8,79.0,material_issue
oil_spot,11.9,M10,10.6,63,morning,2.5,24.2,9.23,47.6,22.6,44.3,material_issue
objects,10.3,M06,9.8,22,morning,1.3,38.7,8.18,55.4,21.6,71.2,machine_fault
color_defect,4.6,M11,4.8,20,night,1.0,40.6,12.66,31.7,22.8,73.0,human_error
thread_error,6.0,M07,8.4,33,morning,1.2,32.9,12.89,66.5,31.2,71.3,material_issue
color_defect,1.8,M08,8.2,15,morning,3.7,47.3,8.9,67.9,21.0,67.5,material_issue
thread_error,13.5,M11,1.1,0,night,5.2,32.3,9.59,45.5,23.7,63.8,human_error
color_defect,10.2,M03,3.9,2,afternoon,2.7,47.0,11.41,58.5,21.9,53.5,human_error
thread_error,9.4,M12,8.8,59,morning,1.8,30.2,13.63,62.4,23.3,100.0,machine_fault
objects,9.5,M06,1.2,27,morning,11.6,42.6,10.35,55.7,21.9,71.8,machine_fault
thread_error,6.3,M10,2.7,2,night,9.5,57.8,9.54,60.3,27.0,87.7,machine_fault
objects,2.0,M02,14.8,1,night,9.7,38.4,14.17,52.3,21.8,81.1,machine_fault
hole,11.0,M09,14.0,6,morning,2.6,31.3,9.54,71.4,21.5,74.4,human_error
oil_spot,6.5,M03,10.4,10,afternoon,3.0,40.1,12.78,63.2,19.3,48.3,material_issue
objects,5.0,M10,5.7,4,afternoon,6.7,42.9,10.97,69.1,21.4,63.6,material_issue
stain,9.6,M09,9.9,24,afternoon,3.6,26.2,12.69,38.3,22.8,70.3,material_issue
oil_spot,14.9,M03,8.0,5,morning,12.4,52.0,10.88,50.5,26.4,84.5,material_issue
color_defect,9.9,M09,6.7,22,night,1.3,22.4,9.67,56.0,18.5,63.0,human_error
thread_error,16.7,M10,10.6,30,morning,1.8,56.3,12.77,44.2,26.8,61.4,machine_fault
cut,4.1,M11,5.7,4,afternoon,1.4,39.7,8.63,55.2,21.6,85.0,human_error
stain,3.9,M03,6.9,10,afternoon,4.0,25.0,11.15,60.5,24.2,66.4,material_issue
color_defect,6.9,M11,2.3,2,morning,0.3,28.5,14.74,65.8,26.4,76.7,human_error
thread_error,4.1,M12,8.9,7,afternoon,6.9,51.7,18.82,65.6,22.0,62.1,human_error
hole,37.9,M07,2.8,8,night,2.7,25.4,11.63,54.9,23.0,51.3,human_error
oil_spot,2.4,M10,8.7,0,morning,0.6,36.2,8.19,41.4,27.4,85.1,human_error
thread_error,17.8,M02,14.7,6,morning,2.6,34.5,10.56,35.2,31.3,79.7,machine_fault
hole,2.2,M07,13.1,6,night,0.2,29.3,11.66,57.1,23.8,88.4,human_error
stain,8.8,M08,4.6,45,morning,4.0,30.6,11.39,60.5,23.0,72.6,machine_fault
thread_error,3.1,M08,10.6,8,afternoon,13.0,40.0,15.32,42.6,24.0,74.2,machine_fault
oil_spot,4.5,M02,13.1,29,morning,11.9,35.8,10.14,65.1,25.3,69.0,material_issue
thread_error,14.2,M02,3.8,21,night,5.3,38.2,9.83,47.8,26.1,73.4,human_error
oil_spot,1.1,M05,0.7,0,morning,5.4,25.2,10.59,51.0,22.2,61.4,material_issue
stain,9.8,M11,7.0,51,morning,0.9,36.5,6.73,38.8,29.9,82.3,material_issue
cut,10.0,M11,12.7,3,night,0.7,29.8,13.13,42.9,23.0,71.8,human_error
stain,7.3,M05,14.8,17,night,1.5,20.2,8.51,43.5,20.1,76.3,human_error
color_defect,2.4,M07,2.9,18,afternoon,1.8,45.4,13.63,59.7,20.3,62.9,human_error
hole,9.2,M10,1.7,3,morning,2.7,42.9,10.9,54.1,27.1,73.1,machine_fault
stain,4.3,M03,6.1,8,morning,1.8,25.3,13.15,50.6,26.2,87.9,human_error
cut,9.8,M07,2.7,33,night,13.8,42.0,11.81,48.3,30.5,70.5,human_error
objects,1.4,M05,13.9,13,night,1.7,36.9,12.79,62.9,23.1,60.8,machine_fault
thread_error,6.6,M02,0.6,11,morning,2.4,41.6,7.84,41.8,24.0,74.6,human_error
color_defect,8.8,M08,6.1,4,night,5.0,26.8,14.01,40.7,25.3,80.1,human_error
objects,6.3,M08,14.8,26,night,2.6,37.2,10.8,47.1,19.7,83.4,machine_fault
stain,15.1,M03,13.0,15,afternoon,3.2,20.8,12.95,47.2,21.4,95.0,material_issue
hole,16.0,M08,9.9,6,night,11.0,37.5,10.46,55.7,24.4,92.7,human_error
hole,4.4,M11,2.1,5,afternoon,8.0,34.8,15.54,63.1,26.2,53.7,machine_fault
color_defect,4.2,M01,14.8,31,night,1.3,34.8,17.61,42.5,30.0,79.4,human_error
oil_spot,4.6,M06,6.6,10,afternoon,5.9,26.9,10.82,56.6,27.1,59.8,material_issue
cut,4.3,M05,4.2,16,morning,3.8,36.2,14.26,48.3,27.6,48.9,human_error
color_defect,3.4,M12,13.1,3,morning,8.8,33.5,14.22,44.2,24.4,83.5,material_issue
objects,9.5,M12,6.6,7,morning,1.5,37.3,11.72,27.7,30.0,77.6,machine_fault
stain,6.5,M07,10.4,8,afternoon,1.0,29.2,5.94,60.7,18.2,61.3,human_error
color_defect,12.6,M08,3.5,15,night,3.5,29.6,10.4,54.0,22.5,52.3,material_issue
oil_spot,4.6,M02,14.0,5,morning,2.0,37.9,17.63,56.4,26.2,69.9,material_issue
cut,8.0,M05,4.8,32,afternoon,2.4,35.9,16.07,59.2,22.1,80.3,machine_fault
hole,15.2,M01,8.7,9,night,0.6,33.0,10.3,26.5,24.9,55.4,material_issue
oil_spot,12.6,M08,4.3,3,night,0.4,48.3,11.82,89.7,31.8,99.6,human_error
oil_spot,3.7,M09,9.8,31,afternoon,3.6,34.6,8.66,53.7,20.5,76.8,human_error
hole,18.9,M03,4.8,12,afternoon,1.2,24.7,14.39,49.8,24.0,83.4,machine_fault
cut,21.4,M04,12.5,17,morning,3.5,41.8,12.74,60.9,22.4,92.0,human_error
cut,1.1,M09,12.1,9,night,1.6,42.0,15.03,51.2,23.2,79.6,human_error
stain,17.4,M09,2.9,64,morning,2.7,25.5,15.64,50.6,29.6,77.5,material_issue
oil_spot,12.5,M11,8.8,6,night,7.3,36.8,11.66,64.7,19.1,49.0,material_issue
thread_error,20.5,M02,8.5,5,morning,1.4,41.2,16.08,58.4,27.8,69.9,human_error
cut,3.3,M12,12.1,3,morning,2.8,39.2,7.66,59.4,23.1,85.1,human_error
stain,9.3,M05,13.2,16,afternoon,2.0,43.9,12.84,42.4,24.6,91.1,human_error
stain,2.0,M06,6.2,7,night,2.8,12.7,12.3,43.6,25.6,90.3,human_error
thread_error,13.5,M10,8.6,4,afternoon,4.2,34.1,13.9,54.2,27.2,86.3,human_error
cut,16.3,M08,2.3,24,morning,1.1,35.2,10.08,44.3,22.8,73.2,human_error
objects,5.9,M12,6.2,43,morning,9.0,46.8,9.7,42.5,25.4,64.5,material_issue
color_defect,9.4,M07,3.3,18,afternoon,2.1,30.5,7.64,43.4,21.8,92.2,human_error
oil_spot,1.0,M11,1.7,21,afternoon,3.4,32.8,8.76,64.0,26.2,64.5,material_issue
cut,3.4,M08,14.0,13,afternoon,0.3,33.0,12.94,57.8,23.9,80.1,human_error
hole,6.4,M05,13.6,11,night,3.5,40.8,10.99,32.9,19.0,47.4,human_error
thread_error,14.9,M05,8.2,13,night,0.6,42.4,10.97,69.9,24.0,65.5,human_error
hole,5.5,M11,12.9,14,night,0.6,25.9,13.97,50.5,20.2,68.2,human_error
thread_error,11.5,M09,0.7,11,morning,4.8,29.0,9.02,77.6,23.0,63.5,material_issue
stain,7.1,M07,5.9,30,morning,6.6,26.2,13.7,83.2,25.6,68.8,material_issue
oil_spot,20.5,M10,10.6,19,afternoon,2.0,30.8,15.93,59.3,25.9,85.4,material_issue
stain,13.0,M11,9.8,4,afternoon,1.9,40.9,12.25,48.6,24.0,48.4,material_issue
thread_error,3.5,M09,8.2,13,morning,4.8,45.6,16.16,40.0,20.4,76.9,machine_fault
oil_spot,19.6,M07,9.6,14,morning,9.5,46.7,11.98,58.5,23.7,70.6,machine_fault
oil_spot,1.5,M05,4.2,45,afternoon,1.7,29.8,10.65,45.9,22.9,81.0,material_issue
color_defect,1.2,M06,9.8,3,afternoon,0.0,38.7,16.42,64.5,22.1,69.3,human_error
stain,2.7,M09,1.2,12,afternoon,3.4,43.7,11.72,56.3,22.7,100.0,material_issue
objects,8.9,M04,6.4,35,night,5.6,25.1,11.75,70.8,24.9,81.7,human_error
color_defect,18.4,M04,4.0,3,afternoon,1.3,36.0,16.58,62.9,25.0,98.4,human_error
hole,7.4,M02,1.9,8,night,0.7,21.3,11.65,41.6,30.1,100.0,human_error
hole,7.8,M02,10.7,4,afternoon,4.8,37.3,12.43,43.8,28.0,85.0,machine_fault
objects,6.2,M04,6.5,30,morning,6.7,37.6,10.48,77.8,23.3,58.4,material_issue
cut,8.6,M11,9.3,11,morning,6.6,33.5,8.59,59.7,24.5,72.7,human_error
hole,16.6,M10,10.3,13,morning,1.4,33.1,11.71,57.6,25.1,72.1,machine_fault
cut,6.1,M07,8.1,11,afternoon,0.5,28.2,9.91,25.7,20.2,88.7,material_issue
cut,2.5,M09,11.7,24,morning,0.6,32.0,14.2,74.5,29.0,71.8,human_error
cut,13.1,M07,2.7,18,afternoon,4.4,37.0,9.62,58.2,22.7,69.7,human_error
color_defect,12.4,M08,3.3,49,night,4.3,36.2,6.54,44.9,24.4,74.1,human_error
hole,10.1,M12,12.9,95,afternoon,1.9,48.3,14.07,51.1,26.8,63.5,machine_fault
thread_error,6.2,M01,7.5,45,afternoon,3.8,42.8,14.33,43.0,21.7,57.3,machine_fault
oil_spot,5.7,M01,5.3,31,night,2.1,43.9,9.1,42.5,26.4,71.5,human_error
color_defect,2.7,M04,12.6,12,morning,2.7,29.2,9.41,58.8,29.9,86.8,human_error
oil_spot,10.1,M09,12.7,7,afternoon,0.4,24.0,10.95,37.7,21.8,77.5,material_issue
oil_spot,6.4,M04,6.5,21,morning,2.4,33.8,6.76,49.1,18.6,85.9,human_error
color_defect,7.2,M12,0.9,35,morning,9.7,37.6,13.93,55.5,28.6,71.7,material_issue
objects,4.2,M04,11.9,23,morning,1.7,28.2,15.06,61.3,24.2,100.0,machine_fault
cut,15.7,M11,14.7,28,afternoon,1.4,35.5,13.95,51.6,29.8,79.3,human_error
color_defect,23.5,M11,14.6,9,afternoon,0.7,38.4,8.84,37.2,27.6,76.7,human_error
hole,15.2,M12,6.3,3,morning,2.4,31.9,10.25,52.6,22.8,100.0,machine_fault
hole,4.0,M04,13.9,15,morning,9.1,39.7,13.22,63.3,22.8,94.3,machine_fault
oil_spot,6.7,M06,10.6,24,afternoon,1.2,47.3,11.23,55.0,27.0,71.8,human_error
oil_spot,8.1,M11,2.4,62,night,6.7,25.3,7.72,57.0,25.5,83.7,human_error
thread_error,21.0,M12,4.0,20,night,1.8,31.0,9.42,78.9,25.7,50.4,machine_fault
stain,29.9,M05,12.2,4,night,2.4,38.0,10.01,70.1,25.8,51.3,human_error
stain,1.0,M07,10.6,14,night,1.8,41.2,13.28,65.1,21.5,60.4,human_error
hole,8.3,M12,5.5,23,morning,0.6,39.3,5.76,58.9,27.7,72.8,human_error
oil_spot,3.3,M11,5.9,38,morning,0.2,22.3,11.12,56.8,23.9,94.8,material_issue
stain,3.7,M03,5.5,30,afternoon,2.8,27.2,11.72,40.5,24.3,90.6,material_issue
hole,5.8,M04,4.9,10,morning,2.0,48.7,17.0,69.7,19.0,83.1,machine_fault
thread_error,17.6,M04,9.0,5,morning,1.1,28.6,14.07,60.7,29.7,92.4,human_error
objects,1.6,M01,2.5,36,afternoon,0.5,23.2,15.84,74.2,28.0,96.3,machine_fault
objects,11.4,M06,3.0,15,morning,1.8,35.9,13.37,69.4,24.0,100.0,human_error
color_defect,2.1,M02,6.7,24,morning,8.9,59.9,9.93,83.4,23.6,86.0,material_issue
oil_spot,17.3,M07,7.4,5,afternoon,1.9,26.2,10.4,51.8,24.5,76.7,material_issue
hole,4.2,M03,14.7,6,night,0.4,32.7,15.5,61.9,22.2,54.3,human_error
thread_error,19.6,M06,3.8,13,night,0.8,51.0,10.58,50.5,23.0,60.5,human_error
cut,18.3,M05,11.8,20,morning,0.1,33.9,15.97,64.3,30.4,66.6,human_error
stain,3.0,M01,1.5,1,afternoon,5.7,41.5,16.17,60.2,23.0,96.8,machine_fault
oil_spot,5.4,M08,7.9,8,morning,1.0,25.6,13.77,41.2,24.7,94.4,human_error
objects,1.5,M01,3.5,16,morning,4.2,42.1,11.33,79.7,26.9,89.8,machine_fault
hole,1.0,M02,5.6,6,morning,9.7,42.7,8.65,54.2,23.4,58.9,machine_fault
cut,16.5,M05,2.4,24,morning,4.3,41.9,12.54,57.6,24.7,73.8,human_error
objects,4.1,M12,12.7,11,night,2.1,36.5,11.08,45.6,23.5,82.6,human_error
stain,2.3,M12,1.2,7,night,3.6,41.2,13.23,69.5,24.2,96.1,material_issue
hole,1.6,M02,14.9,0,night,0.3,24.6,4.88,60.7,19.1,67.2,human_error
color_defect,2.7,M08,13.6,13,morning,13.2,41.3,9.78,50.8,28.3,85.1,machine_fault
objects,5.6,M08,10.3,4,night,6.5,37.3,14.41,59.1,26.2,86.5,machine_fault
thread_error,4.7,M07,3.4,2,afternoon,1.3,28.1,14.72,44.6,25.9,85.1,human_error
hole,8.1,M02,2.8,37,morning,0.5,33.8,14.54,58.3,20.5,73.7,human_error
thread_error,1.3,M04,6.8,5,afternoon,2.2,25.1,12.78,72.0,24.8,73.9,human_error
hole,6.6,M01,2.7,71,afternoon,5.7,38.1,6.98,64.0,32.6,95.2,machine_fault
color_defect,3.8,M05,5.2,3,night,0.2,35.2,8.9,61.9,28.3,99.0,human_error
stain,16.9,M12,5.7,37,morning,8.7,30.6,13.08,64.5,25.6,72.9,material_issue
stain,5.4,M09,1.9,27,afternoon,4.0,36.3,10.45,13.6,19.7,47.2,material_issue
hole,15.3,M12,11.0,12,afternoon,0.1,33.3,13.09,59.8,20.6,55.0,machine_fault
hole,2.2,M09,6.0,8,afternoon,0.3,36.9,9.87,38.0,27.6,76.0,human_error
thread_error,13.8,M08,0.8,33,afternoon,7.5,34.9,15.85,67.7,27.7,100.0,machine_fault
color_defect,13.4,M06,2.1,2,afternoon,8.2,36.7,12.16,50.6,25.1,65.5,material_issue
stain,10.8,M01,2.7,40,night,13.8,33.9,15.0,65.0,18.8,94.7,material_issue
stain,22.0,M03,9.1,7,night,1.1,22.4,10.4,59.7,25.9,86.2,human_error
stain,31.6,M09,6.6,6,morning,6.5,33.1,9.55,51.8,19.3,88.8,material_issue
objects,2.7,M12,8.1,5,night,0.8,45.1,13.16,46.0,24.5,95.5,human_error
objects,3.3,M03,0.9,10,afternoon,8.9,45.3,14.79,58.3,25.8,60.6,material_issue
color_defect,3.5,M06,3.1,21,morning,7.0,28.8,15.24,47.1,24.2,88.6,material_issue
hole,4.6,M11,13.7,59,night,8.4,34.9,11.93,66.6,23.1,100.0,machine_fault
objects,3.3,M05,3.6,50,morning,3.1,35.3,12.35,77.6,25.7,71.9,material_issue
oil_spot,20.2,M10,3.4,29,morning,0.3,22.0,13.13,72.7,20.2,84.9,material_issue
hole,12.5,M01,10.2,4,afternoon,0.9,32.6,13.68,49.2,27.6,63.8,machine_fault
objects,10.2,M02,12.4,28,morning,2.7,38.2,14.38,53.0,22.7,56.1,machine_fault
hole,6.6,M09,5.9,5,afternoon,0.3,34.4,13.24,67.0,25.0,88.5,human_error
thread_error,9.4,M09,8.6,20,afternoon,5.2,42.5,12.12,72.3,15.5,83.5,machine_fault
thread_error,3.2,M12,8.8,32,afternoon,0.2,39.1,8.08,63.6,25.2,99.8,machine_fault
stain,12.1,M07,5.9,2,morning,4.7,14.3,10.14,73.3,22.8,75.2,material_issue
color_defect,16.1,M04,11.3,24,morning,6.4,35.7,9.6,61.6,25.0,51.1,material_issue
hole,36.2,M07,8.1,54,morning,1.8,29.1,14.48,31.7,25.0,78.7,machine_fault
color_defect,2.5,M11,7.9,9,night,1.4,29.4,11.56,59.0,17.6,66.8,human_error
oil_spot,5.8,M12,10.7,20,afternoon,10.5,30.3,9.94,65.6,23.7,54.6,material_issue
objects,21.9,M02,3.5,16,afternoon,8.8,34.8,14.41,55.0,23.9,54.7,machine_fault
hole,8.7,M07,10.9,15,afternoon,3.1,41.8,14.48,63.4,24.8,73.0,human_error
color_defect,14.1,M02,10.7,44,night,0.5,46.8,16.16,43.9,22.3,67.2,human_error
stain,12.0,M02,2.8,0,morning,1.5,46.5,10.55,60.9,23.1,72.0,material_issue
thread_error,23.2,M02,9.4,25,morning,15.4,44.3,15.12,70.6,21.1,74.2,machine_fault
cut,16.8,M07,9.5,11,afternoon,20.0,31.6,9.42,52.7,26.9,74.8,human_error
color_defect,4.9,M06,11.9,12,morning,5.1,36.2,13.6,66.3,21.6,63.1,material_issue
cut,9.2,M02,1.6,83,morning,0.7,38.3,13.69,39.9,27.0,92.3,human_error
objects,6.4,M05,10.0,0,afternoon,2.5,55.9,11.34,65.5,26.8,90.8,human_error
cut,5.6,M12,4.6,9,afternoon,0.4,46.1,10.79,37.5,24.0,93.3,human_error
color_defect,6.9,M04,2.9,16,morning,0.8,26.1,10.73,80.4,24.1,79.7,human_error
oil_spot,5.4,M06,4.2,24,night,3.6,32.2,10.09,51.7,22.3,79.1,human_error
stain,1.6,M03,8.4,11,morning,0.9,43.4,9.63,66.0,27.2,78.1,human_error
cut,8.8,M12,9.2,2,night,6.2,37.6,9.49,60.9,22.1,80.1,human_error
color_defect,1.2,M03,9.1,8,night,5.7,38.2,12.65,19.3,22.8,72.9,material_issue
objects,10.7,M03,9.7,32,afternoon,1.0,42.6,8.91,27.8,20.9,73.5,machine_fault
cut,1.7,M05,7.3,13,morning,0.2,31.7,7.65,61.5,18.3,50.1,human_error
hole,1.5,M09,10.3,31,morning,4.4,44.1,14.55,52.2,26.7,79.1,human_error
stain,8.8,M05,4.4,5,morning,7.1,35.2,12.83,56.8,23.2,76.9,material_issue
thread_error,20.8,M06,9.8,2,night,3.9,28.0,15.17,55.1,26.5,79.6,human_error
cut,1.2,M05,8.3,34,morning,0.7,46.6,12.65,60.3,23.5,75.2,human_error
thread_error,3.3,M12,11.5,25,morning,6.3,55.9,12.02,51.3,22.1,84.2,machine_fault
thread_error,9.6,M01,2.4,8,afternoon,0.6,29.8,11.44,33.3,29.2,80.4,human_error
thread_error,4.5,M02,13.8,15,morning,4.3,29.9,11.5,60.4,26.3,83.4,machine_fault
thread_error,2.9,M12,9.9,8,afternoon,4.4,30.4,13.12,65.8,24.9,80.4,human_error
hole,16.6,M08,8.9,30,afternoon,7.3,51.3,15.33,65.7,25.4,81.0,human_error
stain,4.1,M07,8.6,21,morning,10.2,42.5,9.88,56.2,21.0,55.6,material_issue
stain,5.0,M08,5.5,11,afternoon,1.0,34.8,8.0,59.0,28.6,59.2,human_error
thread_error,16.0,M12,11.9,4,night,13.7,33.4,10.84,73.6,28.6,79.3,human_error
objects,4.9,M02,10.3,24,morning,2.9,46.6,10.83,56.6,26.8,94.0,human_error
cut,24.6,M11,9.7,19,morning,9.7,23.9,11.55,64.2,22.8,91.2,material_issue
cut,1.9,M01,6.2,48,morning,1.3,33.6,10.44,57.0,23.5,78.3,human_error
thread_error,7.2,M07,5.6,141,morning,0.2,26.7,15.01,46.1,24.9,40.5,machine_fault
oil_spot,22.0,M07,10.2,3,morning,4.9,24.6,14.74,78.3,25.5,83.5,material_issue
stain,9.8,M03,11.3,7,morning,3.1,36.0,12.3,49.4,25.6,100.0,material_issue
hole,23.2,M03,10.1,18,morning,8.3,41.4,9.88,61.1,20.9,66.0,machine_fault
oil_spot,7.2,M12,4.5,34,afternoon,3.9,38.4,11.24,42.2,18.1,91.8,material_issue
objects,7.5,M11,13.3,8,morning,16.0,37.7,14.46,80.6,21.6,89.2,machine_fault
color_defect,3.4,M05,13.2,3,night,0.9,23.2,14.68,52.6,27.2,86.0,human_error
hole,6.7,M04,10.4,1,afternoon,7.6,33.9,10.26,59.5,25.0,64.1,machine_fault
stain,31.4,M02,12.8,2,morning,3.1,43.5,14.31,61.8,24.8,82.6,material_issue
objects,13.3,M10,9.0,9,morning,1.8,24.3,12.48,58.8,28.3,80.6,human_error
hole,17.6,M06,12.2,1,afternoon,6.8,41.9,10.93,62.8,27.5,71.8,machine_fault
thread_error,3.2,M10,4.6,13,night,2.8,35.6,13.8,58.3,22.3,72.2,human_error
cut,1.9,M02,14.2,9,morning,4.0,31.4,11.52,70.3,21.7,72.3,human_error
oil_spot,34.6,M05,8.1,6,afternoon,1.8,33.6,9.38,52.4,25.0,100.0,human_error
stain,4.0,M04,14.7,29,morning,11.0,31.8,13.62,42.1,26.3,86.0,material_issue
color_defect,2.8,M12,0.5,6,afternoon,0.5,40.2,13.16,53.0,28.0,67.5,human_error
thread_error,11.9,M12,6.8,48,afternoon,4.7,27.5,13.13,81.6,19.5,63.7,material_issue
stain,9.4,M07,9.3,15,night,3.5,43.8,11.54,59.2,27.4,73.6,human_error
thread_error,12.0,M05,9.6,0,night,24.9,34.0,13.06,36.0,24.6,68.9,machine_fault
objects,4.2,M11,1.6,15,afternoon,4.1,24.9,10.28,60.6,22.6,71.7,human_error
thread_error,13.0,M12,4.7,15,afternoon,2.9,20.8,9.46,63.7,26.5,60.9,machine_fault
color_defect,5.4,M02,9.3,42,afternoon,5.9,29.8,12.67,46.7,23.9,100.0,human_error
oil_spot,10.3,M01,13.6,2,afternoon,6.3,49.9,6.76,43.0,21.9,54.4,material_issue
oil_spot,1.9,M10,2.5,7,night,0.2,31.9,10.17,73.6,24.9,72.6,human_error
oil_spot,3.5,M09,3.5,36,night,8.6,29.7,10.98,52.4,21.4,90.8,human_error
thread_error,4.0,M02,10.2,25,night,7.6,39.4,14.3,57.0,23.4,72.6,machine_fault
oil_spot,10.8,M12,12.3,31,afternoon,10.1,31.9,10.61,42.3,22.8,65.9,material_issue
oil_spot,4.9,M07,2.2,4,afternoon,1.2,31.5,11.62,40.4,19.4,73.6,material_issue
objects,14.4,M07,9.5,33,morning,0.5,27.7,6.9,74.7,20.3,74.8,human_error
hole,31.7,M10,12.0,4,afternoon,10.7,30.0,16.06,45.4,23.7,96.1,machine_fault
color_defect,16.7,M07,10.9,10,afternoon,3.9,29.1,14.68,69.9,28.5,71.2,material_issue
stain,5.0,M01,2.5,8,night,13.6,50.4,14.55,63.0,27.4,83.7,human_error
stain,3.1,M01,14.6,8,morning,0.3,49.9,6.58,46.3,28.2,71.2,human_error
thread_error,4.1,M04,0.6,13,afternoon,3.2,26.6,15.58,49.4,20.1,97.7,human_error
thread_error,15.6,M03,2.1,13,afternoon,3.2,28.1,14.33,47.6,19.3,99.0,human_error
cut,3.3,M03,9.6,34,afternoon,0.2,33.8,12.78,47.5,23.6,77.3,human_error
objects,1.0,M04,4.4,0,morning,0.7,31.2,10.37,56.4,26.0,99.2,human_error
objects,1.7,M03,11.1,8,night,7.6,35.4,13.49,42.0,25.9,53.6,material_issue
hole,5.3,M05,5.6,12,afternoon,0.8,37.7,8.07,32.5,22.7,98.9,human_error
thread_error,1.3,M12,7.9,2,afternoon,0.5,39.6,13.25,46.2,24.8,88.9,human_error
thread_error,16.4,M12,10.3,12,morning,0.3,28.7,15.99,42.8,28.8,89.6,machine_fault
oil_spot,10.6,M05,5.1,14,morning,2.8,47.1,9.56,56.4,22.7,66.6,material_issue
thread_error,4.7,M09,1.5,40,afternoon,16.3,29.0,12.44,68.9,24.2,56.1,material_issue
oil_spot,8.1,M10,5.8,0,morning,0.4,33.5,12.02,62.8,22.8,85.5,human_error
thread_error,1.3,M08,13.2,4,night,0.2,26.2,10.31,40.7,24.8,37.5,human_error
color_defect,4.3,M10,5.8,29,afternoon,0.4,32.3,12.9,61.6,21.7,72.2,human_error
thread_error,3.1,M06,4.7,10,morning,2.1,40.1,10.54,68.9,25.9,100.0,machine_fault
cut,15.3,M02,3.8,8,afternoon,1.4,28.3,7.91,45.1,22.4,66.8,human_error
color_defect,1.2,M09,6.8,2,morning,5.6,43.5,12.92,43.9,20.6,98.3,human_error
hole,17.8,M05,8.0,22,afternoon,5.6,35.4,9.47,62.8,24.0,77.5,machine_fault
objects,8.5,M01,13.8,27,afternoon,1.2,26.0,15.3,45.4,26.8,64.7,machine_fault
cut,1.7,M06,8.4,7,night,5.5,30.9,12.95,65.3,17.0,70.3,human_error
hole,1.8,M06,4.4,55,afternoon,10.6,41.8,12.4,78.2,24.1,86.4,machine_fault
thread_error,7.7,M03,8.6,38,morning,3.3,22.0,11.21,38.0,15.5,87.0,machine_fault
cut,2.9,M06,12.3,45,afternoon,3.3,29.1,13.92,62.5,26.0,91.1,human_error
color_defect,19.9,M04,6.5,18,morning,1.0,28.4,13.25,56.0,21.3,100.0,human_error
cut,33.3,M09,13.9,12,night,3.2,30.9,11.88,40.2,26.4,48.7,human_error
cut,5.9,M01,5.7,8,morning,15.4,27.4,14.44,61.6,27.2,59.1,material_issue
thread_error,2.2,M04,1.9,24,morning,0.6,28.0,15.02,46.1,25.5,90.1,human_error
objects,29.2,M09,2.3,18,morning,4.4,27.3,9.22,41.8,22.2,83.6,human_error
hole,4.0,M01,13.3,73,night,0.6,52.6,15.22,57.5,19.9,54.7,machine_fault
thread_error,1.6,M10,3.1,21,afternoon,7.6,28.5,11.79,96.6,23.1,83.4,machine_fault
oil_spot,18.7,M06,8.3,5,night,2.1,26.9,14.19,69.5,23.2,57.7,human_error
stain,13.9,M01,4.9,0,morning,0.2,36.6,9.41,54.4,24.9,88.8,material_issue
oil_spot,3.0,M03,6.1,7,afternoon,1.7,47.9,10.24,52.5,27.4,100.0,human_error
color_defect,12.3,M05,6.2,18,morning,0.1,33.3,8.19,60.5,19.7,75.0,material_issue
thread_error,5.8,M06,14.9,9,morning,1.1,34.0,13.08,57.9,21.0,64.0,machine_fault
color_defect,8.8,M04,9.6,3,afternoon,5.3,27.5,12.59,70.5,25.0,71.9,material_issue
stain,1.9,M08,1.5,4,night,7.4,25.6,11.33,50.4,20.6,53.3,material_issue
stain,9.8,M03,11.2,28,afternoon,0.5,32.9,12.71,51.8,17.8,83.2,material_issue
thread_error,4.5,M05,4.8,6,morning,1.5,46.4,9.74,63.6,19.4,54.6,human_error
color_defect,1.7,M03,14.6,23,night,0.6,36.4,11.63,70.5,25.4,65.3,human_error
cut,10.7,M03,6.8,10,afternoon,5.5,38.2,12.78,47.4,22.6,60.9,human_error
oil_spot,13.2,M09,10.1,17,afternoon,2.5,34.0,12.19,71.8,24.1,87.5,human_error
oil_spot,10.1,M10,9.1,30,afternoon,0.4,46.4,12.78,70.3,29.8,72.3,material_issue
thread_error,5.9,M02,12.5,0,night,0.5,36.2,6.95,59.9,24.4,66.9,human_error
stain,8.0,M09,4.1,6,afternoon,8.9,33.5,18.76,70.0,24.5,82.7,material_issue
color_defect,28.1,M05,6.4,10,morning,4.2,42.5,11.6,53.1,21.8,74.5,human_error
objects,1.3,M09,10.3,13,morning,2.6,33.4,14.91,79.5,19.9,75.7,material_issue
hole,6.6,M08,7.9,21,morning,1.5,23.1,10.16,40.8,23.3,99.6,human_error
color_defect,14.3,M08,3.5,56,afternoon,7.0,36.6,13.84,67.6,20.5,81.3,material_issue
oil_spot,34.1,M06,0.9,2,night,1.0,31.2,13.52,57.9,28.6,89.1,human_error
hole,3.2,M03,6.7,16,afternoon,1.2,48.5,8.6,60.1,18.8,47.2,human_error
thread_error,14.8,M11,2.3,51,afternoon,0.7,30.9,11.07,61.1,28.9,100.0,human_error
cut,5.3,M10,5.6,2,afternoon,5.9,34.8,8.55,39.4,22.6,63.0,material_issue
oil_spot,13.5,M05,0.8,5,afternoon,4.6,18.0,13.37,41.9,27.0,84.3,material_issue
oil_spot,9.7,M10,8.1,17,afternoon,0.5,55.3,13.94,63.9,21.9,75.1,human_error
oil_spot,2.5,M06,8.6,3,afternoon,4.7,56.8,11.87,59.1,26.0,76.7,human_error
cut,5.3,M03,4.2,12,morning,3.2,21.1,7.3,58.7,24.0,100.0,human_error
thread_error,6.8,M02,5.4,5,morning,2.8,37.3,16.12,53.5,19.2,87.0,machine_fault
thread_error,40.1,M08,14.1,30,afternoon,3.8,59.5,12.72,51.2,25.9,69.6,machine_fault
thread_error,4.5,M11,6.4,20,morning,4.0,23.6,11.43,53.3,28.6,81.2,machine_fault
oil_spot,4.7,M11,2.0,12,morning,3.4,47.6,10.52,51.0,23.7,60.5,material_issue
cut,1.9,M06,14.2,18,night,2.5,40.2,14.72,42.1,18.5,79.3,human_error
color_defect,2.1,M08,14.0,1,morning,2.0,40.3,15.72,57.5,23.9,82.0,human_error
oil_spot,11.4,M11,10.4,30,afternoon,0.2,45.8,8.63,41.5,25.6,73.6,material_issue
color_defect,17.2,M11,9.4,13,morning,0.4,40.4,9.96,62.9,22.4,51.8,human_error
stain,2.6,M12,3.3,3,night,3.7,36.9,11.93,57.8,18.6,71.5,human_error
oil_spot,3.6,M10,1.1,13,afternoon,4.3,41.4,13.96,56.6,27.9,70.6,machine_fault
stain,4.1,M11,4.1,14,night,2.1,29.8,9.04,50.9,25.9,79.6,human_error
stain,19.1,M03,14.0,2,night,0.4,38.8,8.93,77.6,21.8,82.7,human_error
color_defect,3.1,M08,12.2,26,morning,0.3,45.6,13.81,50.5,22.5,60.2,human_error
objects,9.9,M10,5.9,51,night,3.6,32.7,15.81,57.3,26.4,90.4,machine_fault
thread_error,12.0,M07,0.5,44,night,0.5,27.1,12.22,64.8,19.6,60.5,human_error
thread_error,11.0,M03,3.9,32,night,0.9,32.6,10.02,59.1,26.0,58.5,human_error
cut,5.9,M05,11.1,5,night,0.1,35.0,7.98,52.3,22.2,30.1,human_error
color_defect,4.9,M09,10.0,6,morning,9.3,18.8,13.18,44.1,24.4,51.9,human_error
objects,13.2,M05,5.7,29,morning,2.8,35.7,10.47,46.5,24.6,69.0,material_issue
objects,3.3,M11,0.6,28,night,1.5,50.6,8.95,59.1,21.5,96.5,human_error
objects,6.4,M12,12.7,16,morning,3.9,28.9,12.06,45.7,24.4,88.2,machine_fault
hole,4.8,M04,14.8,1,morning,2.7,39.7,6.36,51.4,24.9,83.7,machine_fault
color_defect,3.2,M01,8.9,55,afternoon,6.9,32.4,11.44,38.5,19.1,68.4,material_issue
objects,10.3,M09,3.5,13,afternoon,1.2,32.4,9.79,47.6,23.7,73.2,material_issue
cut,11.4,M10,12.1,11,morning,2.2,48.9,7.49,83.2,18.5,69.1,human_error
oil_spot,1.8,M09,8.4,17,night,4.3,24.2,11.42,55.4,23.7,82.9,material_issue
hole,3.9,M11,15.0,68,morning,6.3,28.3,15.13,56.9,24.4,58.6,machine_fault
cut,5.3,M08,3.5,18,morning,5.3,44.9,11.24,55.9,25.9,79.5,human_error
color_defect,11.2,M10,14.3,43,morning,1.1,31.5,12.31,79.7,23.9,80.7,material_issue
hole,33.6,M12,9.8,39,morning,0.4,44.4,12.5,60.9,18.3,65.1,machine_fault
cut,5.5,M11,3.7,7,night,2.2,44.0,8.51,74.3,24.9,58.1,human_error
hole,18.3,M01,14.3,81,afternoon,3.3,21.1,9.21,41.7,23.1,62.4,machine_fault
objects,9.9,M09,9.5,3,night,6.0,32.8,7.45,57.4,22.4,80.2,human_error
objects,21.6,M09,13.8,38,afternoon,0.7,44.0,11.98,66.1,30.7,73.6,machine_fault
cut,33.5,M03,3.6,8,afternoon,5.0,33.3,8.65,62.4,20.8,81.2,human_error
thread_error,26.9,M06,10.9,3,morning,10.1,44.4,12.07,47.7,28.0,71.4,machine_fault
hole,16.2,M04,0.6,10,morning,10.8,46.5,13.61,62.1,21.1,64.2,machine_fault
stain,6.8,M10,11.7,43,afternoon,1.6,38.8,12.66,57.4,23.2,91.1,machine_fault
color_defect,5.9,M08,9.5,17,morning,7.6,37.2,12.83,55.1,26.2,83.5,human_error
stain,12.3,M08,5.1,19,morning,7.8,32.6,13.92,46.7,23.3,72.7,material_issue
objects,5.9,M06,4.6,25,night,7.8,29.9,9.82,54.7,22.0,91.2,human_error
hole,14.7,M01,5.5,7,morning,1.5,38.6,12.99,50.2,26.5,57.7,human_error
stain,1.3,M03,2.1,23,afternoon,3.8,45.9,11.4,41.1,25.5,75.3,material_issue
thread_error,9.8,M07,7.1,1,night,2.3,38.4,14.14,69.0,21.0,43.7,human_error
color_defect,6.1,M11,12.3,8,afternoon,0.5,50.5,6.93,56.1,24.4,37.9,human_error
cut,7.9,M11,12.1,13,night,2.2,32.3,8.87,63.7,25.4,66.0,human_error
thread_error,15.4,M06,0.7,8,night,1.6,45.4,10.82,51.6,22.2,66.4,human_error
thread_error,34.0,M09,13.6,48,morning,0.3,33.4,13.06,51.0,21.5,68.7,machine_fault
objects,11.1,M11,8.4,14,night,3.9,47.0,11.1,61.0,25.7,99.1,human_error
cut,3.2,M01,3.6,6,afternoon,13.1,35.2,13.7,54.1,27.4,78.9,machine_fault
hole,2.3,M08,8.3,33,night,1.2,33.1,9.81,57.5,23.3,100.0,human_error
cut,1.1,M06,11.1,13,afternoon,6.7,34.3,8.89,59.2,25.0,82.9,human_error
thread_error,1.3,M05,12.6,18,afternoon,5.5,38.7,8.19,36.3,20.9,92.6,machine_fault
stain,5.8,M12,9.8,27,afternoon,3.8,40.8,11.82,73.1,23.8,89.6,material_issue
hole,3.1,M04,4.0,12,morning,0.6,35.6,13.91,74.5,21.0,48.8,machine_fault
hole,13.3,M05,13.0,0,night,3.9,35.9,10.8,69.1,23.2,71.0,machine_fault
cut,11.1,M12,4.3,12,night,6.3,33.5,12.48,64.5,24.5,86.7,human_error
stain,17.3,M11,6.6,11,afternoon,2.6,51.6,8.01,52.3,22.7,94.4,human_error
oil_spot,6.7,M11,12.2,13,night,0.5,32.1,9.78,62.9,21.1,63.1,human_error
color_defect,12.4,M01,9.1,36,morning,0.0,22.0,8.95,57.9,22.9,52.5,human_error
hole,3.0,M04,14.5,25,afternoon,9.3,27.6,9.6,65.2,24.9,78.9,machine_fault
stain,4.5,M03,1.5,14,afternoon,0.2,14.3,16.38,52.9,25.5,84.6,human_error
stain,4.7,M12,5.5,22,night,3.5,34.5,12.39,61.4,29.4,61.0,material_issue
stain,31.2,M03,11.5,15,morning,1.3,49.3,13.57,83.6,24.5,78.4,human_error
color_defect,4.4,M01,7.1,9,night,1.3,43.3,13.48,65.2,24.3,93.2,human_error
color_defect,7.6,M10,13.7,19,afternoon,7.6,30.2,12.92,57.9,24.2,83.0,machine_fault
color_defect,1.0,M12,6.1,9,morning,23.4,21.6,11.05,36.0,22.0,62.0,material_issue
stain,17.5,M03,3.3,29,morning,1.3,27.9,10.1,75.8,23.7,63.1,material_issue
hole,9.0,M11,12.0,15,morning,7.4,40.6,13.53,46.3,23.4,77.1,machine_fault
oil_spot,8.2,M02,4.2,34,night,1.2,35.3,16.03,64.9,23.3,100.0,human_error
oil_spot,9.5,M02,4.9,26,morning,0.3,33.5,14.13,68.2,26.4,65.6,material_issue
thread_error,3.5,M02,9.3,0,morning,1.1,31.1,9.03,44.5,23.1,92.2,human_error
hole,1.1,M08,7.2,4,morning,0.1,29.9,14.4,62.7,22.2,61.6,human_error
oil_spot,9.6,M03,11.8,13,morning,0.5,37.5,13.6,40.0,22.9,79.6,material_issue
hole,1.3,M07,13.9,49,afternoon,0.3,33.7,10.22,54.8,29.2,90.7,machine_fault
objects,5.0,M11,14.0,29,night,8.2,51.0,12.62,43.2,21.5,97.1,human_error
color_defect,3.9,M05,9.8,0,morning,2.2,26.0,16.11,61.0,27.0,92.5,human_error
color_defect,6.8,M10,4.1,9,night,2.5,31.5,10.56,51.3,30.3,82.9,human_error
thread_error,14.8,M02,2.8,11,morning,0.2,43.6,10.76,49.9,19.7,80.7,human_error
thread_error,2.4,M05,12.6,28,night,0.7,29.5,9.5,29.7,25.2,61.4,human_error
color_defect,12.7,M07,10.7,35,morning,2.4,27.1,9.88,64.9,25.6,60.5,material_issue
cut,16.2,M05,11.7,63,night,0.0,32.9,12.18,67.2,26.3,76.4,human_error
cut,13.5,M04,12.6,16,afternoon,1.8,31.1,13.77,47.6,29.1,74.5,human_error
thread_error,14.8,M01,13.0,11,morning,5.3,34.7,14.64,71.5,23.4,90.8,human_error
oil_spot,7.7,M07,10.0,7,afternoon,0.1,48.8,11.16,56.2,22.7,55.9,material_issue
cut,15.5,M09,5.8,31,morning,1.3,22.2,7.93,78.7,21.7,86.2,human_error
oil_spot,22.2,M01,9.5,5,night,2.7,39.4,9.03,64.5,28.7,87.1,human_error
objects,1.9,M12,1.1,12,morning,2.6,39.2,13.25,74.9,25.8,72.1,material_issue
oil_spot,4.4,M03,6.8,118,night,7.9,46.6,12.87,40.0,20.4,78.3,machine_fault
thread_error,6.1,M10,10.3,15,morning,0.6,30.6,10.42,54.3,27.4,69.4,machine_fault
stain,8.5,M08,12.8,26,morning,3.9,21.4,12.16,84.3,21.1,70.2,material_issue
oil_spot,2.5,M06,7.1,45,afternoon,2.3,44.6,11.61,61.8,23.9,69.5,material_issue
cut,23.2,M12,11.2,66,afternoon,3.2,56.4,9.86,40.7,25.6,71.1,human_error
stain,2.4,M08,2.9,5,afternoon,5.4,45.8,10.78,50.9,24.1,78.1,human_error
hole,2.0,M07,12.4,9,night,0.1,24.3,10.72,62.7,23.8,77.6,human_error
color_defect,22.9,M10,4.0,14,morning,2.6,33.5,11.51,36.9,19.7,100.0,human_error
hole,2.8,M03,2.8,53,afternoon,10.1,40.2,9.54,41.3,29.0,72.8,machine_fault
oil_spot,20.7,M11,5.8,13,night,0.8,32.3,15.95,55.9,26.2,74.2,human_error
hole,11.0,M06,2.9,16,night,2.5,39.6,15.02,60.0,24.7,96.6,human_error
objects,2.0,M11,5.1,73,morning,8.2,41.7,6.74,38.7,22.5,100.0,machine_fault
cut,4.4,M04,3.7,66,night,4.7,37.0,14.71,57.4,25.6,62.5,human_error
thread_error,1.1,M10,3.6,31,night,4.0,31.5,9.79,45.5,17.0,62.4,human_error
hole,7.8,M06,13.2,26,morning,1.1,33.1,12.29,71.8,22.2,98.5,machine_fault
stain,8.8,M06,14.5,4,morning,6.0,34.4,12.29,49.7,22.4,92.3,material_issue
thread_error,4.2,M10,4.0,8,night,1.0,31.5,12.42,68.4,25.8,55.9,human_error
stain,10.4,M06,9.7,32,morning,1.7,53.6,9.27,54.9,19.9,58.6,machine_fault
oil_spot,4.0,M01,3.8,35,afternoon,3.3,16.6,13.48,46.1,25.9,54.8,material_issue
thread_error,2.4,M10,13.6,18,morning,3.2,36.8,13.29,50.1,15.0,67.7,material_issue
color_defect,2.2,M01,9.9,4,morning,0.7,32.3,11.16,68.9,19.3,76.0,human_error
hole,8.5,M06,13.3,13,morning,0.6,38.1,11.43,71.8,24.3,100.0,machine_fault
color_defect,7.1,M12,6.8,14,morning,2.9,34.8,10.68,45.0,26.5,65.3,material_issue
oil_spot,13.5,M10,13.0,57,morning,1.3,37.2,16.17,53.4,25.6,98.5,human_error
thread_error,5.4,M04,12.6,10,afternoon,3.2,22.4,13.75,68.8,27.0,71.2,human_error
objects,2.4,M04,6.7,42,afternoon,13.5,28.0,16.33,54.1,24.3,72.4,machine_fault
hole,3.7,M07,11.1,6,afternoon,7.5,32.4,12.83,68.2,29.0,63.7,machine_fault
color_defect,10.7,M04,7.5,63,afternoon,2.6,32.7,12.83,60.3,22.4,68.6,human_error
stain,29.4,M07,7.2,58,night,1.0,33.4,10.75,44.1,23.9,83.8,human_error
oil_spot,3.3,M11,3.5,3,morning,3.5,50.9,12.06,65.6,24.0,90.0,human_error
stain,7.1,M06,14.3,18,afternoon,1.8,48.8,12.38,60.9,27.2,83.5,human_error
hole,10.9,M09,13.0,28,afternoon,2.6,38.6,13.28,56.8,20.7,100.0,machine_fault
thread_error,1.2,M11,8.8,43,afternoon,10.9,27.9,11.58,69.7,25.9,91.6,machine_fault
objects,4.6,M08,9.5,2,morning,2.7,36.4,9.57,61.9,22.5,80.3,human_error
oil_spot,4.5,M02,7.5,3,morning,0.2,30.2,10.95,61.3,21.4,83.3,human_error
cut,7.5,M09,8.3,18,night,6.0,33.5,9.62,61.2,27.0,84.3,human_error
hole,13.3,M06,10.7,92,afternoon,10.0,43.2,12.6,63.3,21.8,80.1,machine_fault
stain,7.7,M11,4.9,6,afternoon,4.2,40.1,9.52,43.9,22.1,64.0,material_issue
objects,2.5,M07,10.8,1,morning,0.0,45.6,10.49,80.8,19.4,62.8,human_error
hole,7.6,M01,12.7,22,morning,0.3,27.2,10.68,61.1,18.8,72.3,human_error
objects,20.7,M04,9.1,107,night,6.1,42.1,14.04,55.5,21.3,67.9,machine_fault
stain,3.6,M09,12.1,54,afternoon,0.5,38.6,13.13,56.5,21.0,93.1,material_issue
cut,6.7,M10,14.4,1,morning,0.0,49.4,9.73,46.0,23.9,67.6,human_error
color_defect,6.3,M09,8.3,35,afternoon,2.4,28.7,11.16,59.0,19.6,78.0,human_error
objects,20.6,M06,10.7,9,morning,4.7,35.9,13.6,61.0,20.4,46.0,human_error
hole,1.7,M10,5.5,15,morning,1.8,54.8,11.66,42.6,21.3,34.6,machine_fault
stain,3.3,M12,7.8,18,morning,12.8,29.8,13.88,43.1,25.1,100.0,material_issue
cut,1.4,M07,10.7,9,morning,0.4,48.4,13.66,35.3,25.9,64.4,human_error
stain,18.7,M09,6.9,13,morning,1.1,33.6,13.23,76.0,27.2,70.0,material_issue
oil_spot,4.8,M03,1.3,68,morning,3.1,15.6,13.66,45.9,16.4,76.8,material_issue
objects,8.2,M08,3.2,14,night,7.6,20.8,10.18,51.4,23.1,67.4,human_error
color_defect,5.1,M09,11.5,14,afternoon,10.6,40.9,8.92,60.2,23.9,76.5,material_issue
color_defect,7.3,M02,5.5,6,morning,9.5,40.8,11.28,62.5,20.8,67.6,material_issue
stain,8.4,M07,10.3,6,morning,2.7,38.0,12.73,71.7,26.5,88.4,material_issue
oil_spot,12.3,M03,2.5,15,morning,0.9,33.2,7.51,53.4,28.0,86.7,material_issue
stain,6.4,M06,6.2,17,night,16.4,36.0,18.24,68.7,27.7,100.0,human_error
hole,8.7,M06,6.8,23,afternoon,3.2,47.5,10.99,65.4,25.0,65.1,machine_fault
stain,6.7,M08,3.1,20,morning,11.9,49.7,12.65,38.8,27.0,78.8,material_issue
stain,1.5,M02,3.5,0,afternoon,3.6,38.8,9.42,58.3,20.7,89.1,material_issue
objects,1.9,M07,1.3,2,night,0.4,36.1,10.5,38.5,18.9,70.5,human_error
oil_spot,6.2,M02,6.2,19,afternoon,5.0,43.8,17.34,24.6,17.8,75.9,material_issue
color_defect,6.2,M02,0.7,42,morning,8.2,47.0,11.38,48.5,26.7,93.6,material_issue
stain,14.8,M08,0.9,1,night,2.1,39.6,9.91,50.8,25.7,51.9,material_issue
cut,16.3,M04,3.1,12,afternoon,8.9,26.2,12.2,45.1,26.5,100.0,human_error
thread_error,19.1,M10,10.1,43,morning,2.1,41.1,10.6,68.4,19.6,61.1,human_error
cut,11.4,M02,1.9,2,morning,0.6,45.6,11.77,50.8,21.8,81.3,human_error
color_defect,40.1,M11,2.9,12,afternoon,0.6,40.0,14.62,88.6,23.4,72.9,material_issue
stain,13.0,M11,4.9,4,morning,4.4,54.7,13.39,54.3,23.2,86.8,human_error
color_defect,8.9,M10,1.9,25,afternoon,1.4,29.1,11.42,55.8,23.9,30.5,human_error
cut,2.2,M05,11.4,51,morning,0.3,37.1,13.98,54.0,25.6,48.0,human_error
hole,8.6,M02,14.6,2,afternoon,6.6,40.3,10.79,31.9,26.0,79.8,machine_fault
oil_spot,8.5,M04,4.0,6,morning,0.5,42.2,9.08,56.1,20.0,94.0,human_error
hole,7.6,M09,10.6,12,afternoon,4.5,39.0,11.35,76.5,20.4,92.1,machine_fault
hole,16.8,M10,5.5,25,morning,4.3,29.2,11.31,41.2,22.2,92.0,machine_fault
hole,3.3,M08,2.1,41,morning,1.6,39.6,10.76,65.1,19.8,62.3,machine_fault
hole,3.0,M05,2.3,1,morning,5.1,28.3,16.14,55.2,24.3,92.8,machine_fault
thread_error,21.9,M04,13.6,7,afternoon,3.8,38.5,8.95,48.0,24.9,96.5,machine_fault
cut,13.3,M09,1.7,43,night,2.6,43.3,11.94,43.0,19.7,88.3,human_error
hole,4.9,M10,13.1,7,afternoon,1.9,28.4,9.3,62.0,26.1,58.4,machine_fault
stain,4.3,M08,13.7,10,morning,1.1,42.7,11.62,61.8,21.5,85.5,human_error
oil_spot,24.6,M02,5.5,14,morning,0.4,44.7,12.46,53.1,21.5,65.5,material_issue
objects,30.5,M10,3.9,22,morning,3.7,24.6,10.15,77.4,22.7,100.0,material_issue
color_defect,3.1,M05,14.6,24,night,1.2,28.5,8.02,66.4,23.7,79.8,human_error
cut,11.1,M06,4.5,39,night,4.5,38.3,10.64,66.4,25.4,84.3,human_error
cut,2.6,M10,8.9,18,night,3.0,40.3,8.77,45.2,24.9,77.4,human_error
color_defect,3.5,M10,4.3,10,morning,7.9,31.5,11.65,47.1,22.0,96.6,material_issue
color_defect,1.5,M06,6.7,11,night,5.8,32.2,8.82,53.2,27.5,56.0,human_error
oil_spot,10.2,M01,3.1,13,morning,3.0,36.0,11.61,62.9,27.3,40.0,human_error
stain,5.3,M10,5.5,0,afternoon,1.3,40.2,14.67,81.6,26.4,81.1,material_issue
cut,8.0,M06,3.5,38,afternoon,1.8,28.0,10.52,58.6,27.6,70.2,human_error
oil_spot,8.2,M03,10.1,7,afternoon,7.2,32.5,11.13,65.7,25.8,62.1,material_issue
color_defect,2.0,M11,1.8,3,morning,3.0,37.7,9.25,42.8,20.6,52.8,material_issue
objects,2.4,M10,0.6,2,night,3.4,39.7,10.89,69.0,31.0,78.7,human_error
hole,21.3,M09,3.3,49,morning,1.6,36.2,11.27,39.3,24.0,73.7,machine_fault
objects,2.7,M08,10.5,11,morning,1.2,41.1,12.0,64.8,27.7,77.9,machine_fault
cut,2.8,M08,0.7,7,afternoon,1.9,24.5,12.54,58.0,24.1,87.0,human_error
objects,18.3,M08,10.1,22,night,4.0,31.3,13.74,39.7,22.5,69.1,machine_fault
stain,7.3,M07,4.2,9,afternoon,1.6,29.1,10.75,45.8,19.4,91.0,material_issue
color_defect,4.7,M07,4.2,91,night,1.2,27.5,14.46,60.6,22.9,81.1,human_error
thread_error,11.1,M04,6.1,7,afternoon,5.2,49.4,9.78,54.9,23.4,59.3,human_error
cut,1.4,M04,7.3,0,morning,0.5,40.5,9.94,72.7,24.9,53.4,human_error
color_defect,6.4,M04,7.8,8,morning,4.0,36.7,11.6,47.8,25.1,59.9,material_issue
objects,14.4,M04,3.9,5,afternoon,6.7,35.9,13.96,54.0,23.5,70.3,human_error
cut,6.3,M05,4.1,30,afternoon,4.5,48.3,12.5,47.7,23.3,78.1,human_error
objects,1.5,M11,12.0,1,afternoon,0.5,39.7,7.24,78.4,23.9,81.9,machine_fault
stain,1.1,M08,15.0,0,morning,5.8,26.6,12.35,47.8,23.5,60.6,material_issue
hole,1.6,M07,9.6,22,morning,2.7,20.0,11.29,62.8,23.6,89.1,machine_fault
thread_error,1.4,M09,11.7,19,night,2.3,31.4,8.13,53.2,23.1,90.8,human_error
stain,5.1,M09,2.4,5,afternoon,3.0,39.2,15.55,29.9,18.1,53.2,material_issue
stain,2.9,M09,12.7,98,afternoon,2.1,39.4,14.79,65.7,24.8,94.4,machine_fault
hole,9.4,M03,5.4,0,afternoon,0.0,32.1,10.98,62.7,24.1,57.6,material_issue
cut,4.2,M04,0.9,4,night,5.3,33.4,11.59,52.7,18.1,87.5,human_error
thread_error,1.2,M02,0.8,14,morning,1.6,35.4,15.42,62.8,21.4,97.1,machine_fault
stain,19.8,M08,9.0,29,afternoon,4.1,41.2,11.59,69.0,21.6,52.2,material_issue
oil_spot,15.4,M01,3.4,0,night,2.2,43.6,16.56,45.5,23.7,72.1,human_error
objects,2.6,M10,0.6,40,night,0.6,41.4,10.85,77.3,26.6,98.1,human_error
thread_error,3.0,M12,4.2,12,morning,0.2,59.2,11.71,66.4,24.1,64.4,human_error
thread_error,12.1,M06,13.9,0,morning,1.2,35.2,7.03,76.8,28.1,100.0,human_error
objects,4.8,M04,10.8,19,afternoon,1.6,29.7,9.66,58.7,26.2,59.7,machine_fault
oil_spot,4.9,M06,10.0,18,morning,0.8,41.4,11.24,39.1,20.5,85.6,material_issue
oil_spot,8.4,M08,13.5,15,afternoon,2.4,29.2,12.3,60.6,23.9,75.2,material_issue
thread_error,4.2,M03,11.7,33,night,2.9,22.3,10.94,50.3,23.9,70.7,human_error
thread_error,19.5,M04,9.0,13,afternoon,2.2,37.0,10.32,51.7,24.1,70.6,human_error
hole,29.7,M12,11.2,1,afternoon,7.1,37.5,8.65,61.0,24.2,83.2,machine_fault
hole,12.1,M06,0.7,20,afternoon,2.4,29.3,11.03,35.4,21.5,86.1,material_issue
objects,15.3,M08,7.7,24,night,0.5,35.2,12.55,44.1,20.6,67.0,human_error
thread_error,2.8,M02,6.8,2,morning,4.2,34.8,13.25,43.4,25.8,54.9,human_error
color_defect,19.4,M08,6.2,7,morning,2.0,18.7,14.4,73.1,27.4,79.4,material_issue
hole,2.0,M12,9.0,19,morning,3.3,44.1,12.41,77.1,25.6,100.0,machine_fault
cut,3.9,M12,13.3,28,afternoon,4.8,20.5,8.91,59.9,22.6,97.7,human_error
oil_spot,2.0,M03,10.1,23,afternoon,3.3,36.0,12.15,75.8,25.0,82.9,material_issue
color_defect,7.4,M07,1.9,4,night,7.8,36.7,10.93,66.0,26.0,87.3,human_error
oil_spot,2.1,M01,6.3,15,morning,2.2,30.3,11.35,59.5,28.2,87.0,human_error
hole,15.5,M05,12.4,0,night,0.7,45.6,12.77,30.4,27.9,57.4,human_error
thread_error,22.3,M08,1.0,4,afternoon,2.1,22.4,14.34,54.5,23.1,85.4,human_error
cut,18.0,M05,12.0,62,night,4.0,41.0,13.4,61.6,27.2,95.0,human_error
thread_error,28.4,M01,10.2,17,morning,13.5,47.4,15.0,50.0,26.7,100.0,machine_fault
cut,2.3,M04,14.2,28,afternoon,11.8,31.7,9.82,70.9,24.7,92.8,machine_fault
objects,3.0,M04,7.1,9,morning,1.0,40.8,6.41,45.7,26.4,65.0,human_error
cut,4.2,M07,5.7,1,morning,0.3,37.4,13.0,55.7,26.8,82.0,human_error
oil_spot,12.7,M01,1.1,28,morning,3.6,33.8,17.72,49.0,22.3,100.0,material_issue
color_defect,8.8,M05,12.0,19,morning,0.1,33.7,14.3,39.9,25.3,83.4,material_issue
oil_spot,6.1,M09,9.1,21,night,3.9,41.0,9.52,62.6,27.8,64.8,human_error
thread_error,6.9,M11,8.8,30,night,3.8,41.0,13.19,58.0,23.5,79.7,human_error
stain,17.2,M02,12.5,28,night,7.3,32.1,16.85,53.0,24.3,76.6,material_issue
color_defect,18.3,M11,5.3,46,night,1.8,28.7,16.83,67.8,29.2,64.8,human_error
hole,13.1,M02,14.1,19,morning,0.3,44.2,11.46,62.2,22.8,93.8,machine_fault
oil_spot,21.1,M11,1.6,8,afternoon,11.6,33.2,11.82,68.4,22.5,55.9,material_issue
hole,5.9,M05,11.1,8,afternoon,0.4,37.1,7.34,29.9,22.7,100.0,human_error
cut,1.6,M05,12.1,35,night,2.1,28.4,7.16,35.2,24.5,75.1,human_error
cut,7.7,M05,4.4,4,morning,15.3,42.3,9.97,36.2,23.1,73.9,material_issue
stain,2.7,M01,1.2,8,morning,6.1,34.0,14.42,58.6,24.9,69.9,material_issue
cut,3.0,M06,12.1,22,afternoon,6.6,33.6,13.7,59.7,23.8,88.7,machine_fault
cut,2.1,M03,7.9,61,morning,0.2,32.1,10.85,41.8,25.5,93.7,human_error
thread_error,9.1,M03,4.2,50,morning,0.6,33.6,10.47,63.3,24.8,65.1,machine_fault
stain,11.3,M04,2.6,23,night,1.3,30.1,14.06,46.2,25.1,86.3,human_error
hole,1.5,M11,2.4,13,afternoon,0.1,27.5,8.75,40.3,25.8,70.0,human_error
oil_spot,1.4,M05,0.8,17,morning,1.3,41.0,13.18,57.5,29.4,100.0,human_error
hole,26.6,M03,4.4,21,night,6.0,23.3,13.1,53.5,25.7,67.9,machine_fault
objects,6.1,M10,5.5,57,afternoon,1.8,39.1,13.11,58.3,20.6,76.8,machine_fault
color_defect,3.9,M04,11.7,35,morning,0.9,30.3,13.62,46.4,23.6,71.5,human_error
stain,2.9,M03,4.0,42,afternoon,2.4,30.6,13.67,59.7,19.4,64.8,human_error
hole,5.2,M08,7.9,41,afternoon,0.6,20.8,10.03,62.6,26.6,94.6,machine_fault
oil_spot,10.8,M04,3.8,8,night,5.7,47.1,11.87,54.2,25.0,66.6,human_error
color_defect,6.2,M06,4.9,14,morning,0.8,38.4,15.59,39.5,23.2,100.0,human_error
thread_error,1.6,M11,8.7,52,night,0.7,29.8,13.76,68.9,16.6,63.8,material_issue
stain,12.1,M10,10.9,12,morning,2.6,22.8,11.52,58.5,26.5,61.2,material_issue
oil_spot,4.9,M12,9.6,1,afternoon,0.9,37.3,5.87,68.3,26.6,66.7,material_issue
hole,4.4,M02,7.3,36,afternoon,0.9,43.5,10.82,80.0,28.5,75.7,material_issue
objects,2.7,M05,14.1,0,afternoon,2.9,50.6,10.14,90.9,24.0,39.7,human_error
oil_spot,2.0,M11,2.4,28,afternoon,5.4,39.2,9.8,67.2,20.9,71.2,material_issue
hole,19.2,M07,0.9,34,night,6.6,32.8,13.05,63.1,22.2,85.5,machine_fault
objects,2.9,M10,6.9,54,night,10.6,43.0,18.47,55.5,27.6,90.6,machine_fault
stain,3.9,M05,7.0,26,afternoon,2.3,45.6,14.17,60.5,25.9,85.3,material_issue
oil_spot,1.2,M02,4.3,69,morning,7.3,31.1,8.75,77.3,21.5,55.0,material_issue
objects,8.4,M11,12.4,31,night,1.0,30.7,12.29,59.2,29.6,61.8,machine_fault
oil_spot,8.2,M06,5.2,7,afternoon,4.4,20.2,9.53,36.8,26.9,76.4,material_issue
stain,5.1,M10,8.3,12,night,0.4,32.6,11.26,53.4,24.3,81.3,human_error
cut,9.2,M05,3.9,25,morning,2.8,44.0,10.73,62.9,27.0,98.1,human_error
color_defect,5.0,M05,14.4,12,morning,6.8,26.9,11.19,61.6,20.4,70.9,material_issue
hole,5.7,M10,3.7,19,afternoon,1.9,43.9,17.09,64.5,26.1,73.7,human_error
color_defect,1.8,M09,1.2,7,night,7.0,34.2,10.42,59.7,24.3,97.6,material_issue
color_defect,3.4,M05,14.7,26,afternoon,1.6,46.1,14.84,65.0,29.2,93.3,human_error
color_defect,30.1,M04,12.9,61,morning,3.2,34.3,8.49,58.6,23.4,54.2,machine_fault
cut,1.5,M06,6.5,6,morning,3.5,34.6,12.5,53.7,26.5,100.0,human_error
stain,3.8,M04,3.5,42,night,6.6,26.2,12.86,62.1,24.4,80.6,material_issue
cut,6.1,M08,3.8,4,afternoon,6.4,28.5,11.4,63.0,28.4,83.1,human_error
oil_spot,6.9,M01,15.0,1,morning,8.7,42.1,10.59,67.4,22.3,70.0,material_issue
color_defect,5.3,M10,13.4,30,night,0.7,42.2,14.07,54.7,23.4,75.3,human_error
thread_error,6.1,M11,6.6,33,afternoon,4.6,29.3,9.23,57.0,20.3,31.4,machine_fault
oil_spot,5.3,M10,10.7,0,afternoon,2.9,20.3,10.89,65.5,18.6,81.7,material_issue
thread_error,1.5,M10,5.7,15,night,1.2,46.9,13.67,41.3,23.9,82.1,human_error
hole,1.2,M09,11.7,36,night,2.6,39.7,15.71,67.7,22.7,66.6,machine_fault
cut,8.3,M09,0.9,13,morning,8.9,31.1,12.41,49.5,27.2,63.9,material_issue
oil_spot,2.8,M09,14.2,5,morning,9.4,31.2,12.39,66.9,25.6,63.7,material_issue
oil_spot,37.1,M12,10.0,0,afternoon,3.8,42.1,11.61,49.0,23.4,89.9,material_issue
cut,4.2,M09,6.5,29,morning,2.1,32.5,8.9,59.8,24.3,97.1,human_error
cut,4.8,M04,7.9,16,morning,10.3,32.7,15.6,49.0,24.2,33.5,material_issue
stain,14.4,M02,0.8,15,morning,5.7,45.1,11.71,69.1,22.9,87.3,material_issue
thread_error,8.5,M04,1.8,39,morning,0.6,41.4,12.75,57.0,27.3,78.9,human_error
stain,10.7,M03,1.9,48,morning,2.2,31.7,13.49,37.7,18.3,60.7,material_issue
hole,7.9,M05,4.5,49,night,0.4,33.6,13.44,41.3,20.1,77.7,human_error
objects,41.6,M10,14.2,25,afternoon,2.2,27.9,14.32,64.8,31.2,100.0,machine_fault
objects,4.1,M12,5.0,20,afternoon,9.4,41.2,9.41,42.1,23.6,69.3,machine_fault
oil_spot,1.2,M11,1.6,17,afternoon,1.6,31.1,9.67,61.1,24.0,54.9,material_issue
thread_error,4.5,M01,3.0,8,afternoon,3.8,30.1,9.46,45.9,21.1,67.9,human_error
objects,12.7,M01,6.9,10,morning,5.3,39.1,9.86,50.3,23.6,92.7,human_error
cut,1.4,M01,6.2,1,afternoon,2.2,23.1,11.0,64.4,21.9,60.2,material_issue
hole,7.1,M02,6.8,1,morning,8.0,44.2,13.62,48.4,21.1,100.0,machine_fault
stain,1.4,M09,7.9,4,afternoon,5.6,36.9,9.37,53.8,25.2,76.9,material_issue
color_defect,8.9,M10,10.1,11,morning,5.2,23.2,9.67,47.3,25.3,69.7,material_issue
cut,14.0,M01,2.1,20,morning,3.8,26.9,11.43,53.7,23.2,69.2,human_error
color_defect,3.7,M06,8.7,67,night,1.8,30.6,12.3,81.4,21.1,83.1,human_error
cut,1.6,M04,7.4,8,morning,3.2,34.4,14.79,56.1,21.8,88.8,human_error
color_defect,2.4,M07,10.6,8,night,9.0,50.7,14.27,72.1,15.8,100.0,material_issue
oil_spot,4.8,M10,4.9,14,morning,0.0,42.4,5.61,51.4,28.6,85.8,human_error
color_defect,1.2,M03,10.2,32,night,3.7,47.2,12.27,62.1,29.1,59.9,human_error
hole,15.0,M02,11.0,8,night,4.5,40.0,12.47,58.8,25.8,66.0,human_error
hole,4.1,M08,14.4,33,morning,0.2,35.7,13.12,60.2,20.7,56.3,machine_fault
stain,6.1,M06,10.1,23,night,1.5,37.7,10.19,53.8,20.9,64.3,human_error
objects,4.1,M12,13.2,53,night,0.2,29.8,17.09,49.9,25.2,71.5,machine_fault
stain,4.7,M04,12.5,0,morning,0.0,42.2,12.04,66.9,23.3,47.5,material_issue
oil_spot,2.0,M08,12.7,28,night,3.0,30.7,9.95,33.8,26.2,66.4,material_issue
stain,12.2,M09,12.3,17,morning,4.3,22.2,15.45,48.2,26.8,97.4,material_issue
oil_spot,8.5,M12,10.1,24,afternoon,6.0,40.2,6.85,50.5,30.1,66.5,material_issue
oil_spot,13.2,M05,10.8,41,night,0.6,27.4,10.97,45.3,26.7,70.3,human_error
oil_spot,1.5,M04,7.9,0,morning,5.4,27.7,10.92,48.2,23.7,68.2,material_issue
oil_spot,8.8,M02,0.9,8,night,1.3,21.6,13.77,51.2,22.2,47.0,material_issue
stain,4.4,M07,3.2,1,afternoon,6.4,38.3,12.64,47.9,26.6,72.3,material_issue
cut,8.4,M10,1.8,11,night,0.8,43.9,14.52,68.3,28.7,60.2,human_error
stain,2.5,M03,10.6,8,night,2.2,25.7,12.18,64.3,21.3,100.0,human_error
hole,1.8,M07,9.2,5,afternoon,7.4,25.4,12.79,50.7,25.7,73.7,machine_fault
oil_spot,1.1,M12,10.7,36,afternoon,1.5,48.2,13.96,35.5,25.4,62.5,material_issue
stain,2.4,M05,8.6,52,morning,1.7,22.7,8.33,35.7,28.6,72.3,material_issue
stain,24.0,M08,3.8,8,afternoon,1.8,41.7,11.58,51.8,22.3,38.5,human_error
objects,7.0,M07,5.3,34,night,1.6,30.9,10.66,48.1,23.6,100.0,human_error
color_defect,4.9,M03,14.0,2,morning,5.0,43.0,10.07,71.2,22.9,62.6,material_issue
color_defect,8.6,M04,5.9,23,morning,0.1,42.7,10.14,26.2,26.7,74.9,material_issue
stain,7.5,M11,5.6,8,night,2.0,28.0,15.69,45.8,25.6,65.0,human_error
hole,2.6,M11,14.2,6,morning,16.0,43.6,10.26,61.2,23.6,52.5,machine_fault
hole,17.1,M03,3.3,1,afternoon,15.9,37.6,11.02,69.5,24.1,66.0,machine_fault
cut,11.3,M11,10.5,49,night,3.9,33.0,11.9,87.3,22.6,64.9,human_error
thread_error,1.6,M05,11.0,9,afternoon,2.1,43.7,13.04,65.4,29.9,67.0,machine_fault
hole,5.0,M06,2.2,12,afternoon,7.8,46.2,11.73,57.4,28.3,78.6,human_error
thread_error,1.9,M05,10.8,15,morning,6.9,33.2,9.02,67.6,25.5,62.6,material_issue
objects,12.1,M07,9.8,28,night,3.6,31.5,6.6,71.7,26.7,80.1,human_error
hole,2.0,M04,12.3,12,afternoon,2.2,48.1,9.52,40.0,27.2,70.7,human_error
oil_spot,7.7,M10,10.2,82,morning,4.2,31.5,11.43,52.5,22.0,100.0,machine_fault
thread_error,6.3,M04,2.5,6,morning,6.1,21.7,12.36,58.4,29.8,75.5,machine_fault
color_defect,4.1,M07,14.2,45,afternoon,3.7,38.6,13.61,44.9,19.1,57.3,human_error
oil_spot,4.4,M06,0.6,5,night,12.4,52.3,13.07,72.7,20.1,79.4,material_issue
cut,5.2,M02,10.7,3,morning,3.2,30.7,8.0,47.4,25.5,49.2,material_issue
color_defect,1.8,M04,2.9,40,morning,3.5,20.4,12.58,56.5,24.9,37.0,material_issue
hole,14.9,M10,13.6,19,night,4.5,40.6,12.83,53.6,22.2,68.0,machine_fault
thread_error,2.1,M08,13.2,25,afternoon,0.3,31.0,16.6,36.9,30.4,85.1,human_error
cut,4.5,M09,3.6,5,afternoon,3.1,38.6,14.75,60.6,23.2,58.0,human_error
thread_error,12.5,M02,6.4,7,morning,3.1,12.2,8.23,64.3,18.8,89.3,machine_fault
color_defect,2.4,M07,2.0,29,afternoon,0.4,38.8,5.35,67.1,26.1,74.6,human_error
objects,10.3,M05,7.9,36,afternoon,7.9,29.7,9.71,67.7,16.0,65.0,machine_fault
color_defect,4.6,M11,7.5,68,morning,3.1,31.7,15.16,60.7,24.8,61.9,human_error
thread_error,4.5,M11,9.0,46,morning,0.2,25.8,12.51,52.5,24.8,72.8,machine_fault
oil_spot,1.4,M10,14.8,10,afternoon,4.0,43.0,9.55,48.8,25.4,84.3,material_issue
oil_spot,4.3,M01,1.8,18,night,0.3,36.6,17.69,46.6,23.1,57.2,human_error
color_defect,5.0,M03,4.1,135,morning,4.6,26.6,11.93,53.7,24.9,93.8,machine_fault
objects,14.1,M07,3.9,107,night,7.9,36.2,14.01,37.7,20.3,100.0,machine_fault
cut,7.4,M05,5.9,1,morning,0.7,35.4,10.28,50.7,23.8,75.3,human_error
hole,5.2,M01,2.8,0,morning,2.5,28.1,14.25,64.7,25.2,77.5,human_error
hole,17.0,M09,13.1,22,morning,2.4,37.4,14.08,72.8,19.1,70.9,machine_fault
thread_error,1.6,M12,14.5,4,morning,3.9,27.6,14.74,80.3,25.6,100.0,material_issue
cut,9.0,M11,8.7,6,afternoon,2.3,41.5,11.89,64.5,17.4,73.4,human_error
stain,3.8,M12,14.0,3,afternoon,2.7,38.0,10.77,79.6,24.0,43.9,material_issue
color_defect,12.5,M03,6.1,10,morning,1.8,42.3,9.73,57.4,22.1,89.8,human_error
objects,10.8,M09,0.5,55,afternoon,3.4,44.8,10.74,63.6,21.5,95.9,human_error
color_defect,5.0,M12,15.0,43,morning,3.4,40.2,14.72,34.0,21.5,56.5,material_issue
color_defect,10.0,M07,9.6,13,afternoon,5.0,51.0,13.14,57.3,25.0,74.5,material_issue
stain,6.9,M07,13.0,0,afternoon,2.2,35.5,16.56,62.5,23.7,83.6,material_issue
stain,41.6,M08,3.5,52,morning,4.7,34.9,11.94,63.2,26.7,69.3,material_issue
objects,2.2,M10,5.4,4,morning,1.8,35.1,9.05,54.1,22.5,73.2,machine_fault
cut,3.9,M07,11.9,6,afternoon,0.3,31.1,10.63,70.8,23.6,56.2,human_error
color_defect,7.2,M03,13.5,23,night,5.5,34.8,8.54,36.3,20.4,64.5,material_issue
oil_spot,9.7,M07,6.5,14,afternoon,2.4,32.0,8.51,75.3,23.9,78.3,material_issue
thread_error,1.5,M06,3.4,31,morning,4.8,38.1,11.52,63.9,31.0,76.2,human_error
oil_spot,1.0,M09,6.3,29,afternoon,4.4,27.1,12.7,64.9,23.3,73.8,material_issue
stain,14.4,M06,2.3,0,afternoon,1.2,28.4,10.19,76.0,23.9,72.6,material_issue
stain,8.1,M01,7.0,7,morning,0.7,30.4,12.36,62.4,24.9,60.3,material_issue
thread_error,7.3,M08,14.9,9,afternoon,1.9,48.3,13.64,66.2,27.1,85.2,material_issue
stain,6.7,M11,14.0,0,morning,4.8,48.6,13.85,76.6,29.0,73.6,material_issue
oil_spot,1.3,M01,1.5,33,morning,3.4,22.3,9.04,73.9,20.2,63.2,material_issue
objects,3.5,M06,1.7,6,night,2.1,30.4,12.27,48.8,22.7,95.3,human_error
stain,11.6,M06,2.7,1,night,4.5,37.4,10.92,90.4,30.1,63.9,material_issue
objects,3.1,M05,6.7,2,morning,1.4,35.4,12.24,36.5,25.1,89.9,machine_fault
color_defect,4.0,M06,12.2,6,afternoon,0.6,31.5,11.87,56.5,27.4,73.8,human_error
objects,8.2,M05,13.7,7,afternoon,1.4,31.4,10.82,59.8,25.4,73.3,human_error
stain,12.1,M12,1.8,17,morning,0.5,31.5,14.94,32.4,24.1,74.1,material_issue
thread_error,8.6,M04,8.8,1,night,12.1,27.0,11.77,55.8,23.1,75.9,human_error
objects,8.0,M02,11.3,8,morning,2.3,37.7,11.31,60.1,25.1,80.4,machine_fault
hole,3.2,M12,6.3,25,afternoon,4.2,30.4,12.63,62.1,29.7,74.3,machine_fault
thread_error,10.3,M12,8.3,16,morning,2.7,27.2,13.46,44.1,20.4,54.5,human_error
hole,14.2,M06,3.2,4,morning,7.2,26.5,13.21,60.2,23.9,78.3,machine_fault
hole,12.2,M04,11.2,5,afternoon,12.1,35.7,13.1,62.5,21.6,89.5,machine_fault
objects,2.0,M08,4.1,7,afternoon,3.0,39.0,12.71,74.8,23.3,69.4,human_error
color_defect,5.7,M04,3.9,6,morning,0.3,32.3,10.93,65.8,28.5,73.0,human_error
cut,18.6,M03,11.3,23,afternoon,3.2,37.3,17.0,47.5,22.0,72.1,human_error
cut,1.7,M04,8.4,17,night,6.4,27.8,9.55,61.7,28.8,59.8,human_error
stain,18.3,M03,13.9,41,night,1.8,36.7,13.24,54.0,22.4,70.0,human_error
color_defect,6.3,M12,12.5,7,night,1.7,25.4,13.18,50.6,19.0,63.4,human_error
objects,6.7,M07,8.0,36,afternoon,2.5,32.6,8.67,47.0,21.2,89.4,machine_fault
objects,4.8,M12,12.9,16,night,1.2,23.7,12.81,63.8,29.0,100.0,human_error
hole,3.9,M09,7.5,13,afternoon,4.4,30.4,9.99,55.3,23.8,89.6,machine_fault
cut,4.1,M05,9.6,26,night,1.9,35.3,11.35,73.3,29.3,76.4,human_error
objects,13.5,M06,12.6,15,morning,2.8,37.1,11.04,41.6,20.6,73.3,machine_fault
color_defect,1.7,M08,3.0,5,night,16.4,38.8,14.2,52.1,25.4,75.0,material_issue
color_defect,2.0,M04,0.8,5,morning,4.5,23.7,12.87,47.1,21.2,68.4,material_issue
color_defect,5.7,M07,11.1,19,afternoon,0.2,38.9,11.42,61.5,20.0,74.6,human_error
thread_error,11.3,M12,9.8,0,night,6.1,41.2,14.56,33.8,21.8,55.2,material_issue
thread_error,2.8,M07,12.7,19,night,13.0,36.6,15.32,50.1,27.2,55.7,material_issue
stain,3.2,M07,11.8,23,afternoon,1.7,35.8,12.8,68.5,24.8,62.0,material_issue
objects,24.2,M06,9.5,55,morning,3.2,36.0,15.4,68.9,22.2,84.2,machine_fault
cut,4.6,M09,10.2,43,afternoon,4.6,35.1,9.58,67.3,25.7,60.2,material_issue
cut,1.9,M07,7.0,15,night,5.4,39.8,8.87,68.0,22.4,71.1,human_error
oil_spot,1.5,M10,12.1,3,morning,2.3,34.5,14.66,34.8,24.2,75.0,material_issue
cut,28.0,M11,4.4,2,afternoon,8.4,48.3,15.42,63.4,23.0,47.9,human_error
hole,41.7,M11,3.3,46,night,1.2,46.7,11.98,53.1,16.8,71.9,human_error
oil_spot,7.8,M03,9.8,1,night,4.1,23.8,7.3,49.8,20.9,77.9,human_error
cut,3.8,M07,2.6,22,afternoon,3.5,28.0,10.83,66.7,22.8,73.4,material_issue
objects,6.3,M08,5.9,30,afternoon,2.2,25.0,10.48,46.4,22.4,77.4,machine_fault
hole,11.6,M06,9.2,15,morning,4.7,31.4,14.03,43.7,23.5,61.5,human_error
objects,18.9,M11,9.5,5,morning,0.3,43.7,12.9,40.0,22.4,82.2,human_error
objects,2.5,M01,13.5,35,morning,0.5,26.8,12.08,64.2,22.5,61.0,machine_fault
stain,6.1,M05,13.2,17,morning,7.6,21.3,14.91,40.9,20.5,71.0,material_issue
color_defect,1.4,M08,1.6,45,morning,17.3,32.0,12.04,57.9,23.6,60.4,material_issue
hole,2.8,M06,2.8,31,afternoon,1.3,44.2,13.28,60.5,19.8,76.9,human_error
stain,15.2,M10,2.3,22,afternoon,3.1,28.0,13.57,53.1,25.3,73.3,material_issue
objects,17.4,M01,11.6,6,morning,5.0,41.8,7.94,33.6,21.3,45.3,machine_fault
objects,8.3,M12,4.3,8,morning,1.4,43.6,12.5,37.4,20.8,68.3,machine_fault
color_defect,3.4,M06,8.8,21,morning,0.3,43.9,13.87,56.0,24.4,90.8,human_error
color_defect,10.6,M05,12.3,5,morning,2.2,32.3,15.13,60.9,25.4,79.0,human_error
color_defect,8.1,M07,7.3,2,morning,8.2,45.9,15.31,36.2,18.8,66.1,material_issue
color_defect,7.2,M12,12.4,8,afternoon,15.0,31.0,13.42,49.8,23.3,57.4,material_issue
color_defect,14.2,M11,1.3,1,night,6.8,34.4,10.21,39.9,23.0,76.7,human_error
hole,10.2,M02,6.6,0,morning,0.4,36.6,15.38,47.7,21.6,54.2,human_error
stain,4.7,M03,9.9,5,afternoon,6.9,28.1,10.39,48.1,19.5,82.5,material_issue
objects,3.2,M05,5.1,2,afternoon,2.3,37.1,11.56,35.0,27.3,68.4,material_issue
color_defect,4.3,M12,4.7,21,night,4.4,35.5,7.65,44.1,25.1,51.0,human_error
oil_spot,6.2,M04,8.2,3,afternoon,0.1,32.8,11.27,67.0,29.9,72.5,material_issue
hole,1.7,M03,11.7,22,afternoon,0.6,44.8,14.72,58.1,22.2,64.7,human_error
color_defect,1.1,M12,10.8,7,morning,6.3,38.6,9.17,59.8,22.0,97.9,material_issue
thread_error,8.3,M02,7.4,57,morning,1.9,55.7,13.33,70.9,24.5,73.4,machine_fault
stain,1.2,M02,13.1,0,morning,7.9,44.2,15.63,58.7,25.1,65.3,material_issue
stain,15.7,M02,10.6,16,night,2.9,41.7,14.15,45.3,31.4,75.9,material_issue
cut,4.7,M02,7.0,8,morning,2.2,31.8,8.57,41.7,24.7,100.0,human_error
hole,3.5,M01,4.1,41,night,0.2,37.8,7.06,57.0,22.8,53.4,human_error
thread_error,2.3,M06,10.6,17,morning,4.4,25.8,11.53,60.3,27.6,63.2,machine_fault
hole,8.3,M11,8.7,3,morning,2.7,39.9,15.35,48.1,24.3,93.7,human_error
thread_error,3.3,M05,14.1,70,morning,1.2,46.3,8.85,63.6,27.6,96.5,machine_fault
oil_spot,3.8,M01,12.1,15,morning,9.7,41.4,14.9,55.5,21.9,80.2,material_issue
stain,19.7,M06,8.0,4,night,5.7,49.2,9.59,51.3,25.3,77.5,human_error
color_defect,5.1,M09,5.5,17,night,1.0,34.9,10.45,68.7,26.9,63.5,human_error
color_defect,12.3,M11,10.4,21,morning,7.8,27.2,11.18,54.0,28.9,98.3,material_issue
thread_error,2.7,M08,1.8,17,night,17.3,27.9,10.84,54.0,23.9,86.9,material_issue
cut,21.2,M10,13.7,7,afternoon,0.6,25.3,14.33,49.5,23.0,96.1,human_error
color_defect,31.7,M12,12.2,2,morning,0.6,45.0,15.15,52.6,25.5,88.8,human_error
color_defect,7.1,M12,12.1,31,afternoon,3.3,34.1,8.67,66.4,21.2,53.9,machine_fault
objects,2.7,M05,12.3,10,afternoon,10.6,39.8,10.56,47.4,31.6,69.4,machine_fault
cut,3.6,M03,9.9,50,morning,0.8,26.8,17.57,43.2,27.0,41.8,human_error
thread_error,4.7,M12,3.1,31,morning,0.7,34.1,13.65,68.5,25.6,84.5,human_error
cut,4.3,M01,2.6,11,night,5.5,34.4,12.91,53.1,19.9,72.8,human_error
objects,9.9,M02,14.5,6,night,1.7,46.4,13.92,53.6,25.3,89.3,human_error
color_defect,11.4,M07,11.3,52,morning,1.2,31.9,10.96,41.5,21.1,82.7,human_error
cut,17.9,M10,11.1,14,afternoon,3.0,10.3,10.49,48.4,28.0,69.0,human_error
stain,4.2,M03,7.5,1,morning,4.9,34.0,10.0,76.4,21.9,79.7,material_issue
hole,6.6,M01,1.0,14,morning,12.0,42.9,14.04,67.1,27.7,86.0,machine_fault
cut,1.6,M06,6.2,7,afternoon,0.8,31.0,12.3,65.3,23.3,52.5,human_error
thread_error,4.1,M12,9.0,1,night,2.5,32.3,10.06,37.2,20.4,59.3,machine_fault
objects,6.2,M10,5.8,6,night,2.6,41.5,10.06,48.6,30.3,89.9,human_error
cut,2.1,M02,2.2,1,afternoon,2.4,31.6,9.92,38.6,23.4,64.1,human_error
oil_spot,9.3,M10,13.9,2,night,0.8,35.9,13.69,59.9,22.9,97.1,human_error
cut,1.6,M12,12.9,37,morning,4.5,36.2,12.97,28.9,21.9,56.0,material_issue
cut,20.1,M12,5.3,28,morning,1.6,31.5,12.25,48.3,22.5,91.6,human_error
hole,2.5,M05,5.7,7,afternoon,2.0,25.0,11.03,73.5,22.4,87.8,machine_fault
color_defect,6.4,M08,2.3,10,night,12.6,33.7,12.76,65.4,21.4,91.3,human_error
objects,9.5,M11,6.3,81,morning,3.1,31.3,9.67,59.6,21.5,77.6,machine_fault
cut,10.3,M05,12.7,4,night,0.2,34.0,14.44,56.5,24.0,83.0,human_error
cut,1.4,M10,6.8,24,morning,4.0,42.6,12.14,66.2,29.0,87.0,human_error
thread_error,11.2,M09,5.2,3,morning,13.0,37.2,12.41,49.0,23.3,63.8,machine_fault
thread_error,36.1,M08,4.0,6,afternoon,8.5,52.4,9.19,63.1,25.3,94.0,machine_fault
oil_spot,17.2,M04,7.8,24,night,2.3,34.0,13.21,64.4,20.6,74.6,human_error
oil_spot,6.8,M08,9.5,40,night,5.1,24.5,17.76,29.0,19.6,90.9,human_error
hole,10.0,M03,13.1,6,night,2.9,32.9,9.59,49.4,22.7,65.3,human_error
thread_error,1.1,M05,8.3,2,morning,6.9,36.3,9.04,39.7,22.6,87.8,machine_fault
stain,6.0,M03,13.1,70,night,14.2,28.8,11.71,74.6,31.5,83.0,material_issue
objects,6.0,M02,2.3,8,night,4.6,36.6,6.74,43.2,25.3,65.1,human_error
objects,6.9,M11,2.6,26,night,9.0,42.2,11.06,41.2,25.8,62.0,machine_fault
objects,1.2,M04,14.3,5,morning,4.1,20.4,7.74,47.9,23.0,91.8,machine_fault
thread_error,6.3,M06,3.9,86,afternoon,2.0,33.3,16.05,54.3,19.5,65.5,machine_fault
hole,1.3,M07,2.4,74,afternoon,2.6,35.9,10.27,50.2,30.5,78.3,machine_fault
hole,2.1,M04,4.5,9,morning,4.7,41.0,13.82,47.2,21.9,86.0,machine_fault
thread_error,7.2,M03,10.4,3,night,10.8,29.5,10.86,33.2,22.2,68.7,machine_fault
thread_error,8.9,M09,12.6,38,morning,2.6,29.8,10.02,62.9,22.4,79.5,machine_fault
cut,2.0,M04,3.5,7,morning,2.0,28.5,13.72,57.2,28.9,56.6,human_error
thread_error,12.1,M03,9.0,0,morning,13.3,33.8,11.64,52.5,25.3,46.4,machine_fault
cut,33.0,M11,5.6,2,night,0.5,40.6,14.6,63.0,24.4,65.5,human_error
stain,1.8,M09,10.9,3,morning,0.1,32.7,13.11,56.5,26.2,73.0,human_error
objects,4.6,M07,14.9,9,morning,3.8,37.6,11.54,41.4,23.3,80.8,material_issue
cut,3.3,M03,10.0,0,night,0.8,23.5,11.35,61.7,22.6,49.3,human_error
thread_error,4.8,M01,12.8,19,morning,2.0,23.1,9.5,40.6,25.6,67.7,machine_fault
cut,18.5,M06,11.8,27,afternoon,2.4,30.6,11.89,44.0,23.0,73.2,material_issue
oil_spot,3.3,M10,7.8,9,morning,2.0,34.0,12.26,67.2,25.9,79.9,material_issue
stain,7.5,M10,8.9,4,night,5.6,44.4,10.9,47.3,22.1,79.3,human_error
hole,6.4,M04,7.8,16,night,1.1,37.7,11.89,61.7,22.1,79.9,human_error
objects,8.0,M02,4.7,8,morning,4.5,24.6,12.26,51.8,23.4,100.0,machine_fault
thread_error,6.9,M12,14.0,10,afternoon,6.9,46.5,11.94,53.8,21.4,78.3,machine_fault
thread_error,21.9,M03,14.0,11,afternoon,14.7,31.6,10.48,91.8,19.4,53.3,material_issue
stain,21.5,M09,6.0,16,morning,1.2,49.4,9.6,63.2,21.9,90.9,human_error
stain,3.6,M05,12.6,9,morning,0.9,26.3,9.02,49.3,21.4,70.9,human_error
thread_error,5.9,M07,11.4,29,night,8.9,34.2,9.75,52.3,21.9,35.5,machine_fault
thread_error,39.8,M06,6.5,42,morning,0.6,35.7,13.45,45.5,21.2,98.1,human_error
objects,8.2,M11,3.7,27,morning,11.3,33.8,9.0,61.8,25.4,96.2,machine_fault
stain,10.4,M07,1.9,17,morning,2.9,43.6,12.88,53.1,22.7,84.8,machine_fault
objects,1.3,M02,12.9,61,afternoon,0.2,33.8,11.08,50.7,23.6,77.0,machine_fault
thread_error,6.6,M11,3.1,27,afternoon,4.1,31.9,13.49,89.7,25.2,65.4,material_issue
hole,1.8,M10,8.5,24,morning,5.5,39.1,11.54,55.0,22.2,51.3,machine_fault
thread_error,14.6,M06,9.6,21,morning,11.8,31.5,10.88,42.0,29.6,70.5,machine_fault
hole,2.4,M03,2.9,1,afternoon,3.0,34.4,14.1,40.9,29.1,62.9,human_error
color_defect,1.7,M06,6.5,8,morning,3.5,25.5,9.99,52.0,25.1,83.6,material_issue
thread_error,35.9,M08,6.5,11,night,3.2,39.1,8.72,52.4,24.9,87.3,human_error
color_defect,10.4,M10,2.7,7,morning,1.1,33.5,10.03,42.8,27.0,75.1,human_error
objects,11.5,M10,4.1,5,afternoon,16.3,41.9,14.13,48.8,19.3,55.6,machine_fault
color_defect,2.5,M09,9.0,0,afternoon,2.7,37.6,9.23,69.9,28.0,96.5,material_issue
hole,4.0,M11,6.3,6,night,1.3,31.9,10.17,45.3,22.9,87.8,human_error
cut,7.6,M06,14.9,13,morning,0.9,28.4,16.87,69.3,23.8,81.7,human_error
color_defect,2.0,M11,3.7,31,afternoon,1.8,38.6,14.07,32.8,25.3,79.4,material_issue
stain,24.2,M07,13.7,17,morning,0.9,38.6,11.15,48.7,22.1,65.1,material_issue
thread_error,45.6,M04,7.3,2,afternoon,6.3,35.7,11.06,52.0,27.9,58.4,machine_fault
hole,3.4,M08,14.1,16,afternoon,1.7,22.4,14.14,44.9,27.2,86.4,machine_fault
color_defect,7.9,M08,6.1,71,morning,3.7,35.4,15.35,48.7,23.3,95.4,material_issue
cut,2.8,M10,1.1,22,morning,7.0,33.7,9.84,64.7,24.4,70.9,material_issue
cut,5.7,M03,11.9,20,afternoon,2.3,26.0,11.13,57.2,25.7,70.4,human_error
thread_error,1.0,M05,9.4,21,night,3.0,51.2,9.74,46.6,24.3,79.7,human_error
cut,8.2,M12,11.9,10,morning,0.4,29.7,11.75,52.0,32.3,61.4,human_error
objects,17.1,M11,13.3,13,morning,8.7,45.7,9.95,41.0,20.9,59.9,machine_fault
cut,2.9,M06,13.0,16,morning,3.0,31.0,14.26,64.4,17.3,78.0,human_error
thread_error,14.6,M05,9.5,33,morning,1.4,32.5,10.73,46.6,27.4,90.7,machine_fault
stain,20.8,M03,7.8,2,night,2.3,38.1,13.72,52.6,25.2,100.0,human_error
cut,5.7,M09,10.5,12,night,0.6,30.7,12.94,50.1,22.6,93.1,human_error
color_defect,5.5,M12,0.7,3,afternoon,8.3,36.7,10.4,72.5,22.0,78.5,material_issue
objects,1.1,M05,3.6,31,afternoon,1.8,29.5,11.17,61.6,21.0,80.2,machine_fault
cut,9.0,M01,5.0,67,morning,1.3,26.6,11.67,48.8,23.7,71.6,human_error
color_defect,13.4,M01,3.3,9,afternoon,1.6,30.6,14.93,62.5,28.2,52.8,human_error
color_defect,6.2,M07,1.8,14,afternoon,9.9,23.8,12.17,62.5,22.3,71.5,material_issue
stain,8.4,M03,4.6,1,night,0.2,33.9,11.24,56.6,24.1,74.1,human_error
thread_error,2.8,M01,6.8,19,night,3.2,21.9,14.66,75.5,27.9,81.6,human_error
cut,8.1,M09,13.1,74,morning,0.5,38.4,16.85,35.5,19.2,55.7,human_error
thread_error,1.2,M11,4.1,54,night,7.1,39.8,15.08,51.5,22.0,60.9,machine_fault
oil_spot,12.0,M07,13.0,41,night,2.5,38.7,15.52,59.5,21.1,68.2,human_error
cut,1.7,M04,12.7,18,night,3.0,40.6,11.25,50.6,25.8,69.3,human_error
cut,4.2,M09,13.4,5,morning,4.0,35.4,12.14,70.2,21.2,76.2,human_error
hole,8.2,M02,3.7,0,night,2.2,42.6,10.06,66.5,24.7,64.3,human_error
thread_error,14.7,M09,7.1,12,night,1.4,43.6,14.4,31.8,22.0,62.2,human_error
hole,1.6,M10,8.2,10,night,2.1,48.2,14.06,55.6,23.1,100.0,human_error
objects,4.8,M04,10.9,6,morning,1.9,38.3,12.56,52.7,22.5,61.4,machine_fault
objects,14.7,M02,3.4,25,morning,0.4,28.4,17.75,29.1,27.7,87.0,material_issue
oil_spot,7.5,M06,9.9,2,afternoon,5.1,30.8,11.73,58.6,24.5,75.4,material_issue
objects,13.7,M10,10.3,19,night,0.9,27.9,19.07,56.7,24.4,68.8,human_error
oil_spot,2.9,M08,7.3,84,afternoon,0.6,27.6,8.92,73.7,22.7,89.1,material_issue
thread_error,18.0,M04,11.7,18,morning,5.5,31.9,13.31,62.1,24.8,69.5,machine_fault
stain,4.8,M09,13.0,34,morning,5.1,32.0,13.01,62.8,22.0,58.9,material_issue
thread_error,4.9,M07,5.1,3,night,2.0,24.5,9.33,49.9,31.8,51.5,human_error
oil_spot,17.2,M09,0.7,22,morning,6.2,28.9,13.44,64.1,26.0,77.7,material_issue
objects,4.4,M07,6.5,17,afternoon,2.4,25.7,10.04,53.8,20.0,87.7,human_error
oil_spot,5.0,M06,8.9,11,afternoon,0.7,32.2,13.45,48.5,26.6,98.2,human_error
color_defect,4.0,M07,14.0,16,afternoon,7.9,43.1,11.57,37.4,21.1,68.3,material_issue
hole,4.0,M05,11.7,3,morning,3.6,44.3,13.88,59.4,20.3,80.0,human_error
thread_error,1.1,M02,13.9,4,afternoon,0.9,44.2,14.68,44.2,20.3,78.4,machine_fault
oil_spot,5.2,M02,11.5,39,morning,0.8,39.0,11.03,56.7,24.7,66.1,human_error
hole,3.2,M08,3.5,19,night,8.1,36.5,11.05,48.8,21.3,93.2,human_error
hole,30.9,M08,7.4,6,afternoon,4.5,36.5,10.59,70.0,24.0,69.0,material_issue
cut,10.2,M07,3.9,12,night,0.6,18.4,10.65,58.3,25.0,42.5,human_error
color_defect,7.6,M08,11.9,7,night,6.4,33.3,12.2,61.1,24.6,52.5,human_error
hole,1.3,M03,1.3,9,morning,1.6,31.5,16.37,63.5,23.0,67.7,human_error
thread_error,8.4,M09,13.6,10,morning,11.4,35.5,12.19,69.1,19.8,82.0,machine_fault
stain,7.6,M09,11.8,6,night,7.3,32.5,13.53,33.1,25.6,62.2,human_error
oil_spot,1.1,M03,6.7,2,morning,0.7,42.4,8.4,37.7,22.1,89.4,material_issue
thread_error,5.9,M07,8.5,19,afternoon,1.8,20.8,12.34,49.4,21.9,78.5,machine_fault
cut,5.3,M11,6.4,31,afternoon,0.2,40.3,8.16,30.8,27.8,60.1,human_error
objects,18.6,M06,4.7,18,morning,11.9,32.9,13.0,75.6,20.3,64.3,material_issue
objects,14.5,M02,4.0,16,afternoon,1.8,41.1,15.72,42.0,24.1,100.0,machine_fault
objects,8.5,M05,11.2,4,morning,1.3,38.6,10.22,48.1,24.1,68.0,machine_fault
oil_spot,29.4,M10,1.4,82,afternoon,0.8,38.8,9.49,61.8,24.9,69.2,human_error
cut,9.4,M08,5.8,20,morning,3.8,36.5,10.49,31.7,26.1,81.3,material_issue
thread_error,1.3,M08,7.3,4,afternoon,0.4,40.9,7.51,59.5,28.5,97.7,human_error
hole,10.1,M12,0.8,10,morning,4.8,35.1,15.29,36.4,22.0,71.4,human_error
color_defect,4.0,M11,13.2,11,afternoon,10.6,28.0,14.82,64.6,22.8,75.1,material_issue
oil_spot,13.3,M06,2.0,1,morning,6.3,41.2,8.8,39.6,22.7,100.0,material_issue
thread_error,24.6,M09,0.5,8,afternoon,1.1,52.5,14.54,60.2,22.3,77.7,human_error
thread_error,18.8,M03,6.4,9,night,1.5,37.3,8.66,55.3,20.8,80.4,human_error
thread_error,12.0,M07,6.9,16,afternoon,0.9,45.9,11.47,64.6,20.0,87.1,machine_fault
oil_spot,6.6,M07,7.4,5,afternoon,0.2,48.2,17.17,53.6,25.5,91.3,human_error
thread_error,15.7,M12,14.2,15,morning,12.5,23.3,14.56,65.2,18.6,24.2,machine_fault
color_defect,1.1,M03,13.1,26,night,10.6,49.7,10.83,63.9,23.5,98.5,human_error
objects,10.7,M04,11.3,8,afternoon,3.3,34.2,12.73,51.8,20.3,61.8,human_error
color_defect,6.9,M02,9.1,2,afternoon,4.0,33.5,9.06,74.4,20.5,64.4,human_error
stain,6.8,M12,8.9,2,afternoon,11.5,42.6,13.45,30.9,21.3,92.8,material_issue
oil_spot,4.0,M06,3.3,28,night,0.8,43.3,11.67,71.3,23.8,77.1,material_issue
hole,7.7,M12,2.4,0,afternoon,1.6,44.6,11.85,59.2,28.0,76.5,machine_fault
stain,4.5,M10,11.6,20,morning,10.4,49.4,7.54,35.0,20.6,49.0,material_issue
color_defect,6.5,M06,3.2,7,night,12.2,49.8,12.99,69.8,21.9,91.6,human_error
stain,12.6,M06,2.5,8,morning,6.8,46.1,10.82,58.6,27.3,65.2,material_issue
hole,1.7,M06,0.6,65,morning,2.2,47.9,14.46,39.7,24.8,45.0,material_issue
oil_spot,6.5,M02,1.8,0,night,7.3,38.4,8.34,48.7,27.5,84.0,human_error
oil_spot,1.1,M01,12.7,0,afternoon,2.0,28.9,12.48,46.6,20.3,81.3,material_issue
hole,14.8,M01,5.0,6,morning,1.5,50.8,13.11,42.7,25.3,51.6,material_issue
oil_spot,4.5,M09,7.8,3,afternoon,13.2,37.0,12.02,59.7,21.0,57.3,material_issue
oil_spot,19.2,M09,10.1,8,afternoon,7.6,29.1,9.28,57.9,20.8,85.3,material_issue
stain,5.6,M02,7.0,27,afternoon,10.5,28.4,13.06,47.8,22.9,85.9,material_issue
thread_error,3.2,M09,8.8,9,afternoon,0.2,27.1,13.52,25.0,20.4,41.1,material_issue
cut,13.8,M08,12.7,25,afternoon,6.7,35.6,9.3,58.3,22.9,95.6,human_error
thread_error,9.1,M02,1.1,39,afternoon,4.1,37.7,14.74,44.4,26.5,78.7,material_issue
hole,3.2,M08,7.8,28,morning,1.7,28.9,9.73,47.1,23.5,86.4,human_error
oil_spot,2.5,M07,13.8,52,afternoon,10.1,27.7,13.56,25.4,27.7,41.8,material_issue
color_defect,17.3,M09,3.4,4,afternoon,0.9,27.5,15.11,68.2,21.4,63.7,material_issue
hole,4.5,M04,10.6,2,morning,2.2,42.5,9.58,55.3,31.2,97.6,human_error
cut,22.5,M08,1.3,9,night,0.3,40.3,13.33,39.1,23.1,57.4,human_error
cut,6.6,M02,10.8,53,afternoon,14.9,51.9,13.44,57.4,21.8,69.9,machine_fault
hole,1.3,M09,11.9,17,afternoon,11.0,26.8,9.06,58.7,26.7,77.1,machine_fault
color_defect,8.1,M10,12.0,16,morning,0.6,37.5,11.11,57.5,30.8,58.3,machine_fault
hole,5.7,M08,6.8,46,morning,1.4,35.6,13.44,67.3,18.4,67.9,machine_fault
oil_spot,16.4,M10,14.0,45,night,0.6,49.4,12.42,54.0,23.3,75.3,human_error
stain,2.7,M05,3.6,10,morning,1.0,28.3,11.51,60.7,26.7,59.3,human_error
oil_spot,10.8,M03,5.7,18,afternoon,8.4,20.0,9.47,49.2,20.9,60.1,material_issue
hole,7.7,M01,2.9,6,afternoon,3.8,46.1,11.63,49.0,28.2,86.8,human_error
cut,2.9,M01,5.5,105,night,4.6,43.5,6.69,67.8,20.4,60.3,human_error
cut,5.9,M08,12.5,25,afternoon,1.1,33.4,12.9,60.8,20.7,83.9,human_error
cut,2.5,M04,4.7,0,afternoon,10.4,27.5,9.72,65.2,26.2,93.3,machine_fault
stain,3.1,M11,5.4,0,afternoon,4.6,19.6,10.65,63.4,23.7,97.6,material_issue
cut,4.2,M05,4.8,2,night,3.7,42.3,12.96,30.3,21.4,63.2,human_error
color_defect,3.0,M02,13.0,7,morning,5.8,39.7,9.25,55.1,15.5,70.1,material_issue
stain,4.6,M01,6.1,15,night,6.8,29.1,10.31,67.0,29.1,57.2,material_issue
color_defect,2.1,M02,6.9,14,afternoon,2.8,31.6,15.02,80.9,27.2,77.5,material_issue
oil_spot,15.0,M09,1.2,1,night,0.9,38.4,11.13,64.5,27.4,68.3,human_error
color_defect,9.0,M12,4.8,15,afternoon,0.7,47.2,12.42,40.4,23.7,80.7,human_error
objects,8.8,M09,2.8,6,morning,0.3,23.0,13.15,55.1,24.7,85.5,human_error
oil_spot,2.9,M12,10.6,9,afternoon,2.9,27.6,11.54,58.3,26.0,100.0,material_issue
hole,3.2,M03,2.7,45,night,7.2,39.5,13.98,51.6,25.1,85.8,machine_fault
stain,20.6,M09,13.1,2,morning,1.0,10.0,9.84,42.8,24.1,65.1,material_issue
stain,17.8,M01,1.6,13,afternoon,3.6,27.5,11.06,49.2,26.5,75.0,material_issue
oil_spot,5.3,M08,11.5,2,morning,0.0,34.7,12.59,53.4,26.2,70.6,human_error
stain,2.0,M05,7.5,2,afternoon,4.9,18.4,11.6,53.8,21.1,71.2,material_issue
color_defect,9.4,M10,5.2,15,morning,1.1,50.2,10.19,49.2,21.7,81.2,human_error
oil_spot,5.8,M09,6.2,68,afternoon,6.3,25.9,10.28,56.9,24.1,90.0,machine_fault
cut,1.2,M11,4.1,14,morning,0.8,31.5,10.1,50.2,25.5,78.5,human_error
color_defect,25.4,M10,7.1,86,night,0.5,32.5,13.6,66.2,21.6,100.0,human_error
stain,5.5,M07,12.2,27,morning,6.7,53.4,12.84,54.1,27.3,85.0,machine_fault
objects,6.8,M02,2.8,18,morning,1.2,34.0,13.08,70.6,31.4,77.7,human_error
hole,1.2,M08,3.0,4,morning,8.9,40.5,12.89,20.0,18.7,67.5,material_issue
hole,7.4,M02,12.3,2,morning,0.9,38.9,6.61,69.1,23.9,81.5,human_error
thread_error,1.4,M11,2.2,9,afternoon,0.4,30.3,12.32,44.9,26.1,68.1,machine_fault
color_defect,17.3,M05,1.7,19,afternoon,10.6,41.7,13.82,48.9,21.8,70.1,material_issue
hole,2.5,M11,3.2,93,night,5.3,23.3,13.3,53.7,20.9,100.0,machine_fault
hole,13.2,M03,5.4,4,morning,0.8,22.7,14.07,58.8,23.0,57.1,human_error
objects,2.4,M12,6.3,3,morning,9.5,26.0,10.83,71.4,23.5,44.4,material_issue
cut,2.6,M01,12.2,7,morning,1.3,30.4,9.45,55.9,22.1,66.8,human_error
oil_spot,2.6,M02,4.5,16,night,3.8,47.1,13.07,40.9,21.6,67.1,material_issue
cut,11.9,M05,0.8,0,afternoon,3.8,32.3,14.81,72.4,24.9,78.5,human_error
stain,3.4,M03,3.6,18,afternoon,8.2,27.1,8.94,48.8,24.8,68.3,material_issue
objects,16.6,M05,10.6,6,night,2.6,44.3,10.1,73.8,22.4,90.0,human_error
color_defect,7.7,M06,14.0,3,morning,6.8,23.7,7.28,44.8,21.8,73.6,material_issue
thread_error,1.6,M01,5.3,2,night,3.1,34.3,12.9,49.8,24.9,71.3,human_error
color_defect,5.2,M12,14.3,32,afternoon,1.5,30.0,10.25,55.2,24.8,41.0,human_error
objects,7.9,M01,4.6,8,morning,0.1,40.8,10.72,64.2,28.3,71.0,human_error
stain,4.9,M02,13.9,9,morning,1.6,44.4,6.44,39.4,30.5,48.7,material_issue
hole,5.8,M08,10.4,7,afternoon,11.7,54.1,12.59,49.5,29.7,81.1,machine_fault
oil_spot,1.6,M09,1.2,19,morning,4.5,35.9,9.91,54.8,27.5,65.4,human_error
cut,26.4,M12,13.0,22,night,3.6,43.3,12.47,54.8,23.0,71.0,human_error
oil_spot,10.3,M07,7.2,36,morning,3.0,35.4,13.25,53.1,20.7,84.1,material_issue
thread_error,4.0,M07,14.2,18,morning,2.6,25.9,15.73,40.4,24.6,77.6,machine_fault
cut,1.6,M01,1.4,15,night,0.6,32.1,10.5,61.9,30.0,73.1,human_error
stain,7.4,M10,8.3,27,morning,10.1,27.6,9.76,48.5,27.1,67.5,material_issue
color_defect,5.8,M03,5.9,12,morning,14.9,33.2,15.32,36.2,24.6,44.4,material_issue
color_defect,8.5,M10,12.2,14,afternoon,6.9,15.9,13.68,45.7,26.6,79.7,human_error
objects,1.6,M07,0.7,9,night,4.0,24.3,13.42,69.8,25.7,56.7,material_issue
thread_error,1.3,M03,8.8,15,morning,1.8,37.5,12.17,71.2,20.4,78.4,human_error
objects,2.5,M05,13.2,10,night,0.9,35.7,13.76,61.1,21.8,60.3,human_error
stain,3.5,M05,2.5,60,morning,7.2,32.6,12.67,65.2,25.7,72.0,material_issue
hole,8.3,M05,10.0,3,night,1.4,30.6,10.64,64.7,19.4,74.8,human_error
objects,4.2,M02,5.1,40,night,4.7,45.4,14.33,81.8,22.3,74.8,human_error
stain,8.8,M10,7.9,6,afternoon,1.9,33.4,13.73,55.9,24.9,73.6,human_error
color_defect,3.5,M10,5.8,43,afternoon,12.1,28.8,10.23,40.9,27.0,70.3,material_issue
cut,9.1,M05,12.7,7,night,3.6,17.9,9.28,59.2,24.8,70.1,human_error
hole,3.8,M10,8.8,14,night,0.9,43.6,14.2,54.3,22.7,78.2,machine_fault
stain,8.7,M07,0.7,72,night,6.8,38.5,13.02,71.8,23.1,90.2,material_issue
thread_error,9.0,M10,6.7,18,afternoon,1.2,39.7,11.0,47.6,21.5,100.0,human_error
oil_spot,7.1,M06,9.6,1,afternoon,3.0,52.5,8.18,52.5,24.2,95.2,material_issue
thread_error,3.4,M07,10.2,4,night,7.6,26.9,11.35,35.7,27.7,62.1,human_error
stain,1.3,M09,11.4,5,night,1.9,33.9,12.75,59.7,31.3,81.0,human_error
hole,30.5,M09,9.1,10,morning,0.5,24.2,15.48,59.0,23.6,84.2,human_error
thread_error,7.6,M05,6.4,21,morning,1.8,39.6,12.31,43.4,21.5,73.1,machine_fault
thread_error,6.5,M10,5.0,1,night,2.1,30.6,14.36,19.3,24.0,43.6,human_error
color_defect,35.2,M01,13.9,3,night,0.9,34.9,9.82,48.6,27.4,59.1,human_error
cut,5.0,M10,11.3,20,afternoon,3.4,40.6,13.15,50.4,22.1,99.8,human_error
thread_error,18.5,M08,2.3,10,night,5.3,33.5,15.85,68.0,22.7,83.2,human_error
stain,4.7,M06,4.0,7,night,0.9,33.2,12.77,51.9,25.8,72.8,human_error
cut,1.6,M03,12.4,28,morning,2.2,41.6,13.67,67.3,23.9,60.2,material_issue
objects,17.6,M08,4.3,6,morning,2.9,17.6,10.99,27.8,26.5,72.0,material_issue
oil_spot,9.6,M06,2.1,6,night,1.2,40.0,8.31,53.5,24.5,95.6,human_error
hole,15.9,M05,12.6,1,afternoon,9.7,39.6,14.33,64.7,24.3,73.9,machine_fault
oil_spot,13.4,M09,7.2,28,afternoon,1.1,35.7,14.13,57.7,24.7,77.3,human_error
oil_spot,33.7,M10,11.2,2,night,0.7,26.5,8.89,55.2,24.3,79.4,human_error
cut,14.1,M11,13.5,18,night,0.8,31.9,7.88,52.2,27.4,55.0,human_error
objects,21.8,M05,10.8,19,afternoon,3.1,43.8,12.31,48.0,26.8,65.1,machine_fault
hole,16.2,M08,6.3,56,morning,2.0,23.7,10.26,44.7,21.4,61.3,machine_fault
thread_error,9.7,M09,14.1,59,night,1.7,35.5,9.03,47.2,22.9,68.0,human_error
cut,8.0,M12,8.6,3,night,1.2,32.5,11.35,67.3,24.4,77.6,human_error
hole,40.8,M08,7.0,13,afternoon,2.6,35.6,11.67,54.7,21.9,73.5,machine_fault
hole,8.2,M01,8.9,11,morning,3.0,42.9,11.07,55.4,22.6,73.5,machine_fault
cut,31.2,M08,13.8,5,afternoon,3.1,40.2,12.84,54.8,25.1,80.1,human_error
oil_spot,17.6,M05,3.7,2,afternoon,1.2,28.0,11.85,41.9,24.1,70.5,human_error
stain,11.1,M03,0.6,34,morning,5.1,28.9,11.93,58.6,25.4,89.3,human_error
oil_spot,10.4,M09,3.3,48,afternoon,8.8,49.7,9.85,64.3,21.6,65.9,material_issue
stain,6.3,M10,5.0,74,afternoon,1.6,23.9,13.26,24.9,23.3,74.8,material_issue
cut,1.4,M11,13.7,0,night,2.3,30.1,9.29,65.6,27.3,65.9,human_error
oil_spot,11.8,M09,14.0,1,morning,2.1,36.8,9.48,54.1,21.8,88.8,human_error
oil_spot,7.3,M04,9.1,4,morning,2.9,29.8,12.77,56.4,27.6,57.7,material_issue
oil_spot,1.2,M05,4.9,24,afternoon,0.5,32.4,9.55,66.0,22.7,55.6,material_issue
color_defect,11.1,M08,12.0,6,night,0.4,34.7,7.63,53.4,22.3,94.6,human_error
stain,15.8,M08,6.8,4,afternoon,6.8,50.7,12.06,24.3,25.2,38.3,material_issue
stain,3.2,M01,2.8,14,night,4.6,27.6,11.64,55.9,27.3,72.7,material_issue
oil_spot,5.3,M05,4.0,4,morning,10.9,31.3,9.5,89.2,21.9,70.2,material_issue
thread_error,7.0,M05,2.6,5,morning,0.2,32.1,12.47,52.7,20.0,86.8,human_error
objects,15.4,M10,9.4,15,night,1.0,32.1,11.84,32.9,20.1,72.8,human_error
cut,17.4,M07,6.5,2,morning,6.3,24.7,10.66,56.5,24.7,68.8,human_error
oil_spot,4.6,M11,2.7,5,morning,2.6,28.9,7.48,48.7,20.4,65.0,human_error
thread_error,12.3,M05,5.2,5,afternoon,2.4,21.4,12.44,75.9,26.9,80.6,machine_fault
hole,5.1,M02,11.6,2,morning,1.5,28.4,9.32,55.7,25.2,100.0,human_error
hole,4.1,M09,9.6,12,morning,9.4,30.4,9.38,49.5,31.9,78.9,machine_fault
thread_error,11.2,M11,12.5,90,morning,2.6,35.2,12.35,40.8,26.6,69.1,machine_fault
hole,2.6,M09,0.8,43,morning,0.8,35.0,13.39,40.0,26.5,97.4,machine_fault
cut,3.3,M10,11.7,14,night,11.9,33.8,12.65,84.6,18.3,77.9,material_issue
stain,6.4,M04,9.9,4,afternoon,3.0,43.4,12.9,58.3,28.7,70.7,human_error
stain,7.3,M10,11.4,32,morning,0.3,35.0,13.5,51.5,22.9,86.9,human_error
color_defect,6.7,M04,5.0,76,morning,0.2,26.8,10.45,28.9,24.8,79.8,material_issue
cut,15.0,M11,4.1,1,night,11.7,38.6,10.78,51.7,27.5,77.4,human_error
color_defect,8.2,M05,5.0,12,morning,3.2,31.8,7.75,78.0,20.3,75.6,material_issue
hole,5.7,M10,7.2,6,night,3.3,41.5,14.12,59.8,24.9,72.0,human_error
objects,3.9,M02,5.6,59,afternoon,3.8,30.9,17.22,51.7,23.2,85.7,machine_fault
objects,2.0,M08,5.8,0,afternoon,0.9,38.1,10.27,59.8,24.8,70.4,human_error
cut,1.6,M06,2.8,19,morning,2.3,33.8,13.98,67.9,31.3,61.5,material_issue
objects,4.6,M09,1.1,88,night,0.4,43.1,7.63,52.3,17.0,93.0,human_error
hole,3.4,M03,1.9,7,afternoon,5.4,50.9,10.35,64.3,26.5,65.1,human_error
cut,2.7,M07,3.4,18,night,4.8,34.5,10.49,67.4,25.7,92.9,human_error
cut,6.2,M06,2.0,9,morning,5.2,24.0,11.4,51.5,23.4,56.9,human_error
thread_error,3.4,M06,10.1,4,night,2.3,33.4,15.35,62.7,20.5,67.2,human_error
objects,5.7,M04,6.9,4,afternoon,7.7,15.6,16.61,55.4,25.2,75.0,machine_fault
stain,2.1,M11,4.1,0,afternoon,5.6,29.2,13.7,55.1,24.1,59.5,material_issue
color_defect,1.2,M10,7.4,46,afternoon,0.2,26.0,10.71,62.3,26.5,61.3,human_error
objects,21.4,M10,0.9,20,night,0.7,42.2,5.66,55.1,18.0,89.7,human_error
thread_error,2.8,M10,2.7,25,afternoon,1.4,36.0,14.4,50.6,22.6,78.8,material_issue
oil_spot,7.9,M07,3.0,21,night,16.0,49.3,6.38,68.3,20.4,75.7,material_issue
objects,4.8,M09,1.7,12,night,5.2,31.1,12.81,58.6,25.1,71.1,human_error
objects,7.4,M11,1.7,20,afternoon,9.3,33.4,11.01,60.7,23.7,46.8,machine_fault
hole,2.4,M12,8.2,34,afternoon,7.1,34.2,9.42,54.7,27.5,83.6,machine_fault
cut,4.3,M11,1.3,92,night,1.3,36.1,12.21,61.4,23.8,61.0,material_issue
color_defect,7.3,M11,3.4,0,morning,5.4,36.0,8.53,60.3,29.5,45.6,material_issue
objects,5.2,M01,3.7,0,night,2.9,31.6,10.63,67.3,23.7,67.9,human_error
hole,6.2,M11,14.5,8,afternoon,5.5,45.7,12.46,81.8,25.9,73.7,material_issue
cut,4.1,M04,4.8,1,night,0.6,40.5,9.61,64.5,24.4,73.5,human_error
objects,4.8,M05,6.2,1,night,10.6,42.8,8.69,52.1,21.8,61.3,machine_fault
cut,2.3,M04,14.6,25,night,15.5,40.1,6.74,63.5,25.4,93.1,human_error
hole,2.8,M11,7.9,6,afternoon,1.4,33.7,10.38,57.8,19.8,61.8,machine_fault
color_defect,11.2,M01,4.8,3,afternoon,8.0,33.6,12.07,46.3,28.6,59.4,material_issue
hole,19.9,M06,6.9,2,afternoon,5.4,24.4,8.09,52.1,22.1,83.4,human_error
objects,15.7,M07,1.4,13,afternoon,1.2,40.9,12.89,52.6,24.7,88.5,human_error
cut,12.7,M08,1.7,2,night,3.3,32.8,11.38,70.8,23.3,81.1,human_error
oil_spot,2.8,M12,7.5,13,morning,9.4,44.6,7.42,48.5,20.4,70.5,material_issue
stain,18.1,M09,10.5,47,morning,4.5,21.0,14.21,39.8,25.5,47.6,material_issue
cut,31.1,M09,12.9,19,night,2.2,38.6,6.74,58.7,16.7,54.9,human_error
cut,7.8,M05,2.4,16,morning,2.6,39.6,13.76,67.0,20.9,88.4,human_error
oil_spot,13.1,M07,8.3,36,morning,0.7,33.6,14.84,32.8,25.2,87.0,material_issue
hole,8.2,M09,1.7,7,afternoon,4.5,45.3,13.49,62.7,20.2,96.0,material_issue
thread_error,3.5,M05,6.9,15,morning,1.8,35.3,13.04,62.0,24.2,77.6,human_error
cut,3.4,M06,5.8,3,night,1.1,30.4,16.26,61.4,26.6,72.9,human_error
color_defect,16.2,M03,2.2,4,afternoon,3.8,43.2,10.9,72.4,23.8,82.8,material_issue
stain,19.0,M12,4.9,2,morning,6.0,36.2,12.95,50.9,26.2,68.4,human_error
stain,13.9,M10,8.8,39,morning,0.1,36.2,11.03,58.9,22.5,98.3,human_error
stain,2.5,M03,4.7,19,night,4.2,27.8,12.29,46.3,21.5,67.0,material_issue
hole,1.5,M10,8.5,5,morning,0.3,31.0,10.15,52.2,29.6,58.1,human_error
objects,8.3,M11,3.8,13,night,3.0,36.6,15.56,35.1,22.7,100.0,human_error
color_defect,7.4,M12,6.3,0,afternoon,10.1,37.3,7.89,48.0,27.0,64.9,human_error
hole,2.0,M10,1.7,3,afternoon,0.6,41.1,11.11,56.1,20.6,67.0,human_error
oil_spot,2.4,M01,10.3,45,morning,3.9,37.3,12.1,54.0,22.0,96.6,machine_fault
stain,11.4,M05,10.4,40,night,1.3,41.8,10.39,34.9,23.7,64.7,machine_fault
oil_spot,2.2,M08,3.2,65,night,6.0,33.2,10.4,45.9,22.7,86.1,material_issue
color_defect,7.3,M11,1.7,18,morning,4.8,20.9,10.53,41.5,24.4,83.7,human_error
color_defect,2.2,M09,12.2,20,morning,0.5,33.9,12.74,52.0,24.3,52.3,material_issue
objects,8.6,M08,5.7,23,night,4.0,32.2,15.49,46.3,24.2,49.1,human_error
cut,9.9,M06,10.7,19,afternoon,3.0,45.3,10.42,53.7,26.4,57.7,human_error
stain,1.1,M02,9.4,47,afternoon,1.2,43.0,11.19,56.4,26.9,92.4,human_error
cut,3.5,M11,7.1,7,night,2.6,42.4,12.07,40.3,23.8,69.9,human_error
thread_error,10.1,M05,7.0,1,morning,9.6,46.3,12.49,41.7,19.5,81.0,material_issue
objects,12.3,M11,10.4,17,afternoon,0.2,41.4,13.65,25.1,21.9,83.6,human_error
thread_error,6.0,M12,10.4,111,afternoon,2.0,24.7,12.12,53.4,25.0,80.7,machine_fault
oil_spot,9.3,M02,6.1,23,afternoon,2.0,32.1,9.98,59.6,25.3,63.6,material_issue
stain,1.6,M06,0.8,0,morning,20.1,39.3,13.07,47.1,26.2,67.8,material_issue
color_defect,19.4,M02,6.3,31,morning,3.0,33.8,11.03,77.5,24.8,75.8,material_issue
cut,4.9,M11,12.1,9,morning,3.1,28.7,8.6,66.7,30.4,68.8,human_error
hole,4.5,M04,6.7,38,morning,8.4,19.1,10.96,59.5,21.0,76.4,machine_fault
color_defect,1.7,M09,1.6,0,afternoon,0.5,38.1,11.91,64.1,20.7,74.7,human_error
color_defect,27.5,M04,3.2,5,afternoon,2.5,38.6,10.68,54.3,26.3,92.8,human_error
hole,2.2,M04,5.8,12,morning,3.4,20.9,14.24,41.7,17.8,95.1,machine_fault
stain,12.3,M01,5.2,51,night,2.5,38.0,11.62,53.8,19.9,85.3,human_error
oil_spot,43.0,M08,8.3,8,afternoon,1.7,38.3,9.56,55.9,24.0,83.0,human_error
color_defect,5.3,M09,14.1,12,night,10.9,34.5,7.45,73.4,27.5,80.6,material_issue
color_defect,2.1,M02,8.4,8,afternoon,0.5,32.7,14.82,55.7,23.2,61.2,human_error
oil_spot,2.8,M12,7.1,6,morning,6.1,33.4,12.65,34.9,21.9,73.8,material_issue
hole,8.0,M09,4.9,2,morning,6.0,28.6,9.89,55.9,24.7,85.2,machine_fault
hole,2.8,M03,13.5,15,afternoon,2.1,40.1,17.05,40.9,20.5,80.6,machine_fault
oil_spot,1.1,M08,12.7,4,afternoon,2.0,28.8,12.28,55.5,25.0,79.8,machine_fault
hole,2.2,M02,6.6,9,afternoon,1.1,38.5,12.31,69.8,14.7,75.9,machine_fault
stain,6.3,M10,8.3,19,afternoon,0.2,25.5,9.86,68.8,26.6,83.2,human_error
thread_error,19.1,M05,10.0,16,afternoon,2.8,36.2,12.32,78.4,23.5,47.8,material_issue
cut,20.0,M06,4.0,9,morning,0.2,41.7,15.33,79.3,23.2,80.4,human_error
hole,6.5,M03,11.3,1,night,1.6,33.4,11.92,52.5,28.8,73.2,human_error
stain,5.1,M11,14.2,9,afternoon,3.2,35.3,10.33,69.6,20.0,95.3,material_issue
hole,6.2,M03,8.4,10,afternoon,1.4,43.3,11.95,61.2,27.8,87.3,human_error
objects,3.6,M07,4.9,14,morning,4.6,53.9,9.79,50.1,27.0,100.0,machine_fault
hole,16.7,M01,1.2,12,night,5.8,42.9,9.05,42.6,22.3,64.6,machine_fault
stain,16.0,M01,3.6,0,night,7.8,40.1,13.23,51.3,18.2,54.9,material_issue
thread_error,1.2,M07,1.7,1,afternoon,4.7,40.3,14.58,48.8,28.5,91.1,human_error
stain,22.9,M05,9.3,22,morning,3.3,46.9,11.54,28.0,28.3,59.4,material_issue
cut,7.4,M10,13.7,2,afternoon,0.7,46.2,11.48,57.4,24.7,100.0,human_error
thread_error,4.8,M07,9.3,28,night,0.5,36.1,11.77,66.1,19.4,87.8,human_error
oil_spot,3.1,M08,4.7,9,afternoon,1.8,34.2,15.26,21.7,24.2,91.7,material_issue
color_defect,3.8,M04,3.0,28,morning,6.5,30.8,12.01,74.4,27.2,90.3,material_issue
objects,6.5,M10,9.0,2,morning,0.7,30.0,10.39,52.4,31.0,81.2,machine_fault
stain,15.8,M02,7.8,3,afternoon,0.2,24.4,12.96,70.4,23.1,86.8,human_error
objects,6.0,M05,4.0,5,morning,5.6,31.1,13.27,48.5,27.0,66.5,machine_fault
hole,7.4,M01,8.7,22,morning,12.5,37.2,10.54,67.2,24.2,78.9,machine_fault
thread_error,2.0,M01,10.2,5,night,8.0,28.6,15.1,53.0,22.7,61.0,machine_fault
thread_error,20.4,M09,13.6,31,morning,3.8,42.2,12.96,43.6,25.1,86.4,machine_fault
oil_spot,6.1,M07,5.6,22,afternoon,1.9,30.1,15.36,33.5,28.2,91.1,material_issue
objects,9.6,M03,0.5,29,morning,4.5,42.4,7.41,53.4,24.4,91.7,human_error
color_defect,12.4,M04,8.7,15,morning,7.5,32.6,12.94,42.8,16.8,69.0,material_issue
oil_spot,34.6,M01,7.9,21,night,10.9,30.4,12.0,36.1,27.3,78.9,material_issue
color_defect,3.2,M08,9.3,17,afternoon,3.3,33.5,9.81,63.6,24.9,83.6,human_error
hole,29.6,M11,1.5,16,morning,0.8,41.8,15.83,53.2,25.1,84.4,human_error
objects,9.3,M12,2.8,23,afternoon,2.0,28.3,13.8,67.1,24.9,80.5,machine_fault
hole,2.3,M08,7.4,61,morning,0.0,27.7,14.26,71.8,27.5,88.5,machine_fault
oil_spot,6.7,M04,7.1,33,night,14.2,35.1,15.26,61.1,19.8,74.5,material_issue
color_defect,3.2,M06,12.3,4,morning,4.3,46.9,13.0,66.3,27.1,79.7,material_issue
color_defect,6.8,M09,1.6,29,afternoon,15.1,29.1,11.82,48.0,18.8,58.4,material_issue
cut,5.6,M07,6.1,20,night,4.5,52.4,10.62,44.7,22.7,66.2,human_error
thread_error,16.6,M12,1.0,0,night,21.7,33.8,10.82,43.0,25.6,93.7,material_issue
stain,3.3,M12,7.1,8,morning,1.6,36.9,11.52,60.1,20.6,52.1,material_issue
cut,4.4,M07,9.9,10,morning,3.0,40.3,12.08,58.5,22.5,61.0,human_error
hole,12.9,M08,1.1,29,morning,6.6,22.6,14.26,56.7,31.3,68.9,machine_fault
objects,3.4,M07,3.2,29,morning,1.0,36.2,12.29,44.6,23.5,59.7,machine_fault
oil_spot,3.6,M09,9.7,48,morning,1.1,32.2,12.35,49.0,20.8,69.7,material_issue
cut,21.3,M05,2.0,8,morning,4.0,26.3,13.51,77.2,19.7,64.0,human_error
thread_error,8.8,M11,12.0,37,morning,1.6,38.8,11.69,38.6,21.8,58.9,material_issue
color_defect,10.0,M08,14.1,11,afternoon,3.0,31.9,14.16,47.1,24.7,67.7,machine_fault
objects,3.9,M01,10.5,15,night,5.4,42.4,12.5,46.9,21.7,86.8,human_error
color_defect,18.7,M02,4.1,16,afternoon,0.7,37.8,10.5,55.4,22.4,61.5,human_error
thread_error,8.9,M07,6.0,0,morning,1.1,33.0,15.31,62.4,24.4,52.1,human_error
stain,4.4,M01,9.5,19,afternoon,11.1,33.6,13.25,72.2,23.4,70.9,material_issue
thread_error,4.5,M10,10.1,21,morning,4.9,41.5,10.46,32.4,21.7,88.5,machine_fault
color_defect,1.7,M10,1.2,24,afternoon,2.4,48.1,12.63,63.2,19.5,76.4,material_issue
oil_spot,5.0,M06,0.7,27,morning,3.8,49.8,9.21,63.4,24.1,86.3,material_issue
hole,40.4,M09,8.5,16,night,1.8,52.6,15.29,45.8,24.3,48.7,human_error
stain,4.9,M07,9.4,9,night,10.6,29.6,8.3,55.5,25.5,54.9,material_issue
oil_spot,2.5,M09,3.7,4,night,0.8,28.6,12.84,38.4,30.0,91.1,human_error
objects,7.0,M09,14.3,53,morning,0.2,43.4,13.49,57.4,29.0,65.1,machine_fault
objects,26.9,M01,12.4,18,afternoon,0.8,33.1,7.77,73.5,21.2,93.8,machine_fault
oil_spot,6.5,M09,9.6,15,afternoon,6.4,33.0,11.34,28.5,24.6,83.0,material_issue
hole,14.1,M10,3.5,67,morning,0.6,30.4,16.17,59.0,28.8,76.1,human_error
cut,3.3,M04,10.8,0,night,0.2,43.1,14.74,72.9,30.7,76.5,human_error
stain,16.8,M12,11.1,21,night,0.6,46.1,13.38,46.6,20.2,40.2,human_error
stain,10.8,M03,14.9,11,morning,3.5,23.9,10.62,71.8,26.4,73.1,material_issue
hole,1.8,M01,0.7,16,night,6.7,30.8,14.75,45.0,25.2,69.9,human_error
color_defect,3.6,M06,6.8,57,morning,16.1,46.0,9.62,28.6,25.2,100.0,machine_fault
oil_spot,5.5,M04,5.2,7,afternoon,3.1,44.7,15.86,37.6,21.3,90.5,material_issue
stain,7.1,M05,7.7,5,morning,1.0,29.6,12.17,62.7,28.4,55.5,material_issue
stain,2.8,M03,9.5,5,afternoon,2.6,37.9,15.34,70.1,20.2,82.3,human_error
oil_spot,8.2,M09,5.8,54,morning,0.8,40.2,12.06,62.0,24.0,89.7,material_issue
cut,5.8,M08,11.1,7,afternoon,0.2,43.9,10.76,51.5,26.8,82.6,human_error
thread_error,2.0,M06,5.5,16,afternoon,0.4,35.3,13.42,39.1,23.1,73.9,human_error
color_defect,4.0,M04,2.0,27,morning,2.1,32.4,12.57,28.8,26.4,76.3,material_issue
color_defect,14.2,M12,5.1,7,morning,2.3,25.0,11.99,28.2,21.1,71.5,material_issue
hole,16.6,M08,7.5,4,afternoon,0.8,36.1,14.96,63.8,24.2,86.2,machine_fault
objects,18.2,M02,0.7,44,afternoon,0.6,33.1,6.89,85.8,23.5,100.0,material_issue
hole,3.0,M03,2.1,30,afternoon,2.1,30.7,14.08,70.0,25.8,43.1,machine_fault
stain,5.7,M03,14.8,58,afternoon,9.8,17.8,15.02,67.2,24.6,80.3,machine_fault
stain,19.5,M09,8.0,7,night,3.1,36.1,11.75,58.8,22.4,67.3,material_issue
objects,3.2,M08,14.6,18,morning,2.5,30.2,16.77,59.7,22.5,72.6,machine_fault
thread_error,12.8,M10,2.9,14,afternoon,3.2,34.2,13.84,39.7,22.1,89.9,machine_fault
oil_spot,2.8,M02,13.9,24,afternoon,0.5,34.6,14.99,64.3,19.7,46.7,material_issue
stain,2.7,M01,13.0,35,morning,1.3,42.9,14.2,37.8,23.8,88.1,human_error
thread_error,14.6,M03,4.2,9,morning,6.9,35.7,12.67,48.0,26.0,77.6,machine_fault
stain,23.3,M03,10.6,4,morning,0.7,23.5,12.07,51.7,23.2,87.1,human_error
stain,10.9,M10,14.0,0,morning,3.2,37.8,11.22,44.1,25.7,74.9,material_issue
stain,3.0,M03,13.0,7,morning,1.9,43.3,9.31,66.6,25.3,54.9,material_issue
stain,5.9,M02,4.3,1,night,8.5,27.5,11.7,36.8,23.0,61.2,material_issue
cut,3.9,M04,5.8,1,morning,0.9,43.2,9.5,61.7,26.3,100.0,human_error
color_defect,12.6,M12,13.0,17,morning,1.4,52.3,10.16,46.5,22.1,86.3,human_error
oil_spot,9.9,M03,4.8,39,night,2.0,25.7,13.63,37.8,27.4,73.9,human_error
oil_spot,11.2,M06,9.1,89,afternoon,5.6,21.5,14.51,77.1,27.6,68.6,material_issue
stain,4.4,M01,1.3,29,afternoon,5.0,43.0,11.17,53.6,23.5,68.3,material_issue
cut,2.3,M02,1.2,3,morning,7.4,35.8,10.02,81.3,24.2,87.3,material_issue
color_defect,15.6,M04,9.5,3,morning,9.4,29.6,10.2,81.9,24.5,90.2,material_issue
oil_spot,7.5,M09,10.4,51,afternoon,0.9,42.7,13.97,66.6,21.7,87.8,human_error
thread_error,2.1,M02,1.5,25,afternoon,6.9,36.6,8.43,46.8,24.6,64.9,machine_fault
thread_error,6.9,M04,2.5,5,afternoon,6.2,33.1,13.5,51.9,23.4,98.3,machine_fault
oil_spot,4.7,M07,8.1,67,afternoon,4.0,19.4,12.52,37.5,27.4,60.7,material_issue
cut,8.7,M12,5.1,44,morning,0.8,36.6,10.71,44.8,22.1,100.0,human_error
stain,22.0,M10,11.5,16,morning,0.2,36.7,15.5,32.7,26.4,77.7,material_issue
stain,10.9,M02,5.5,4,night,3.1,43.9,8.87,40.0,27.9,100.0,material_issue
cut,6.3,M03,3.7,2,morning,0.4,37.2,10.45,48.9,18.7,59.9,human_error
thread_error,8.5,M10,8.9,26,morning,1.7,19.6,15.91,49.9,18.6,59.7,machine_fault
hole,2.2,M06,2.7,19,afternoon,8.1,37.0,12.97,39.5,25.2,85.6,human_error
stain,12.7,M06,12.7,7,afternoon,1.6,46.1,12.26,61.3,20.9,75.7,material_issue
cut,6.9,M05,1.0,15,morning,0.8,32.3,9.91,55.5,26.8,65.3,human_error
color_defect,3.9,M06,4.2,13,afternoon,18.7,38.1,11.69,53.7,26.6,100.0,human_error
oil_spot,35.0,M06,3.4,22,night,0.2,46.3,16.57,63.4,27.0,43.8,human_error
hole,30.2,M11,14.7,21,afternoon,0.3,27.8,7.14,21.2,25.5,76.5,human_error
oil_spot,3.6,M04,7.3,0,night,5.6,31.5,13.74,52.9,21.7,74.2,material_issue
color_defect,19.4,M04,8.4,33,morning,3.8,32.4,14.28,60.7,27.7,68.2,human_error
oil_spot,11.5,M11,9.8,5,afternoon,3.0,38.8,13.02,47.1,18.3,68.2,material_issue
thread_error,4.2,M05,3.0,0,afternoon,2.3,30.1,7.78,55.8,26.1,70.8,human_error
cut,3.3,M02,9.9,17,afternoon,0.6,28.8,13.16,67.0,22.6,81.0,human_error
stain,8.0,M06,8.3,6,morning,1.2,32.8,4.79,49.7,21.4,62.2,human_error
cut,12.9,M03,5.2,8,night,1.2,37.9,12.42,43.2,20.8,76.1,human_error
color_defect,4.3,M07,11.7,37,morning,1.8,34.8,18.88,52.2,22.1,68.5,human_error
cut,3.6,M04,11.0,2,morning,0.9,48.0,8.93,80.0,20.3,43.3,human_error
stain,8.0,M02,4.8,65,afternoon,3.1,44.7,9.07,66.1,27.0,84.2,material_issue
objects,3.0,M07,11.2,5,morning,0.1,37.9,14.05,55.9,31.5,69.7,machine_fault
stain,3.9,M11,1.3,16,afternoon,3.1,33.7,10.3,58.7,21.6,72.8,material_issue
oil_spot,16.1,M09,12.9,18,night,0.1,32.3,10.43,65.0,24.9,67.2,material_issue
objects,11.2,M09,10.7,10,morning,9.3,32.7,11.68,33.1,24.1,67.7,material_issue
color_defect,7.9,M05,0.6,19,night,1.9,24.0,17.55,81.8,22.5,89.9,material_issue
oil_spot,9.0,M09,12.0,0,morning,12.0,42.7,15.57,42.7,22.4,95.6,material_issue
thread_error,6.7,M07,8.5,17,night,2.2,45.9,7.65,62.1,27.7,69.0,human_error
objects,4.5,M08,7.3,12,night,5.7,33.4,10.79,64.5,27.3,85.4,material_issue
thread_error,12.9,M03,8.0,11,morning,7.1,24.5,8.63,55.7,20.8,74.9,machine_fault
color_defect,16.0,M11,0.8,57,night,5.1,36.0,14.92,61.0,28.2,53.2,material_issue
oil_spot,3.0,M08,11.4,12,afternoon,0.3,29.3,11.91,46.2,23.9,60.4,material_issue
objects,10.5,M12,6.4,36,night,7.0,20.3,11.33,75.6,21.7,100.0,machine_fault
hole,6.1,M01,8.4,19,night,6.6,35.2,9.63,31.0,20.3,69.9,machine_fault
color_defect,2.4,M09,14.8,23,afternoon,1.6,31.9,11.23,57.0,22.9,61.0,material_issue
thread_error,1.4,M06,5.4,21,morning,3.2,30.9,12.05,43.6,13.4,91.5,human_error
cut,19.9,M12,14.8,3,morning,5.0,33.1,12.32,59.5,28.1,66.4,machine_fault
cut,5.4,M08,9.1,17,morning,1.5,41.2,10.81,35.9,20.3,73.9,human_error
cut,8.1,M05,1.5,160,afternoon,1.0,29.9,9.88,58.6,20.8,78.5,machine_fault
oil_spot,8.6,M06,7.4,23,night,1.1,43.9,12.31,27.5,26.4,54.6,material_issue
objects,1.1,M08,6.2,5,night,1.8,42.5,10.64,67.2,24.4,57.0,human_error
cut,4.2,M11,2.7,35,night,2.6,37.0,17.1,66.7,24.4,73.6,human_error
thread_error,2.7,M02,1.8,20,morning,0.4,42.9,11.44,72.1,21.1,86.9,human_error
stain,8.2,M03,14.2,94,morning,1.7,39.5,15.71,60.1,30.2,45.2,machine_fault
objects,29.8,M06,8.9,22,afternoon,3.6,34.7,9.71,35.5,29.4,57.0,human_error
stain,1.8,M08,7.0,45,afternoon,2.8,31.1,11.87,74.9,23.6,79.7,material_issue
color_defect,7.6,M02,9.6,0,night,0.2,26.4,11.35,59.2,26.7,44.7,human_error
cut,4.4,M12,13.8,16,afternoon,10.7,30.6,17.06,78.6,24.8,54.2,material_issue
hole,23.9,M09,14.4,14,morning,4.6,23.4,12.15,50.1,21.1,44.7,machine_fault
